{
"type": "FeatureCollection",
"name": "country_borders",
"crs": { "type": "name", "properties": { "name": "urn:ogc:def:crs:EPSG::3857" } },
"features": [
{ "type": "Feature", "properties": { }, "geometry": { "type": "MultiPolygon", "coordinates": [ [ [ [ 267079.390211169142276, 2281553.964367946609855 ], [ 266543.269309606694151, 2282460.693568677641451 ], [ 265672.975423016701825, 2284117.606129951775074 ], [ 265449.450115638843272, 2284606.185127670411021 ], [ 265130.644007071852684, 2285303.014470867812634 ], [ 264440.003637297893874, 2287802.952770495321602 ], [ 264064.18836847593775, 2288633.325184838846326 ], [ 263614.351092902536038, 2289222.658851237501949 ], [ 263202.918039798561949, 2289852.040907990653068 ], [ 262207.83021727722371, 2291745.970180420204997 ], [ 260311.607999868720071, 2294818.419492828659713 ], [ 258021.549223883368541, 2297722.142008297611028 ], [ 255616.145087712007808, 2300424.473359060008079 ], [ 253707.475236151803983, 2302218.326569611206651 ], [ 252249.412323103344534, 2303424.133193905465305 ], [ 250834.876110187295126, 2304430.163885648828 ], [ 249084.707068427465856, 2305493.515681031625718 ], [ 247451.661715718655614, 2306348.904165580868721 ], [ 246086.650542390707415, 2306916.619766072835773 ], [ 244567.70332628316828, 2307280.845293852500618 ], [ 244108.563748803950148, 2307466.129986308515072 ], [ 243300.102718645997811, 2307620.516471365932375 ], [ 242693.509900250006467, 2307516.045069819781929 ], [ 241906.261578305100556, 2307177.168382248375565 ], [ 240579.574811342550674, 2306106.928700613323599 ], [ 239574.348232267599087, 2304883.518180998042226 ], [ 238649.062183257803554, 2303662.678666903171688 ], [ 238027.958312632021261, 2302586.872220363467932 ], [ 236927.397721625486156, 2300823.192787231411785 ], [ 236000.651828831003513, 2299682.950088711455464 ], [ 235063.674561639956664, 2298835.564138584304601 ], [ 234044.766260516073089, 2298356.791164768859744 ], [ 233254.17390108530526, 2298177.820131857413799 ], [ 232534.391981048363959, 2298360.411260848864913 ], [ 231328.810022082849173, 2298929.690969825256616 ], [ 230117.309651052346453, 2299739.971997962798923 ], [ 229629.837927316781133, 2300167.18820739723742 ], [ 228929.642894343589433, 2301188.655470495577902 ], [ 228187.035803281265544, 2302329.896708287764341 ], [ 228011.708495828061132, 2303004.988860188983381 ], [ 227528.651257833465934, 2303481.091090404894203 ], [ 226829.217093569634017, 2303415.646171989385039 ], [ 226250.217705261195078, 2303097.92810861999169 ], [ 225779.490659338363912, 2302839.627100794576108 ], [ 225618.926876733108656, 2302777.098839659243822 ], [ 225041.53282680810662, 2302552.246531654614955 ], [ 224299.310678542737151, 2302014.311453284230083 ], [ 223590.543042890989454, 2301737.316013984382153 ], [ 222803.626453013392165, 2302102.91012869682163 ], [ 221854.175057646178175, 2302853.130448951851577 ], [ 220644.691684469697066, 2303542.726577988825738 ], [ 219835.461325322045013, 2303842.04243071237579 ], [ 218767.737980356556363, 2303895.116296058520675 ], [ 218051.724670371389948, 2303917.522744238376617 ], [ 217380.472371014446253, 2303740.761175076942891 ], [ 216990.961910507350694, 2303411.006522547453642 ], [ 216253.915227997989859, 2302672.758029848802835 ], [ 215244.694394276797539, 2301688.095490825362504 ], [ 214508.430733067973051, 2301274.647952160332352 ], [ 213385.443272169854026, 2301321.491275765467435 ], [ 212818.707840859569842, 2301747.386560992803425 ], [ 212119.401916640752461, 2302688.373523576650769 ], [ 211322.797970723069739, 2304347.09942738013342 ], [ 210363.221511049661785, 2306161.706871320959181 ], [ 209324.832299067202257, 2307933.707781596574932 ], [ 208836.139623159979237, 2308401.183998359367251 ], [ 207704.911514318868285, 2308604.704108947888017 ], [ 204733.13006164226681, 2308695.711557371076196 ], [ 202887.952060894051101, 2308539.391705302521586 ], [ 201840.492759425047552, 2308300.2172189229168 ], [ 200728.745227512932615, 2308231.396970761474222 ], [ 200203.09470331002376, 2308577.990576566662639 ], [ 199591.837486926844576, 2309162.075154994148761 ], [ 198845.780159562156769, 2310341.620682174805552 ], [ 198216.820138529757969, 2311604.565556084737182 ], [ 197669.459307987592183, 2312789.702538864221424 ], [ 196851.822212213970488, 2313647.695253456011415 ], [ 193655.055608355905861, 2315763.750785257667303 ], [ 190983.395955649029929, 2317533.054578887764364 ], [ 189236.345306780625833, 2318926.06002211663872 ], [ 186837.297513551719021, 2320902.271119836252183 ], [ 186019.766282614291413, 2321720.318236252292991 ], [ 185827.957122683554189, 2322955.953585877548903 ], [ 185735.901024488877738, 2324954.126097957603633 ], [ 185028.02227497388958, 2332178.282766422256827 ], [ 184476.773499894916313, 2336487.941863708663732 ], [ 184023.804361781280022, 2338557.893395628780127 ], [ 182566.298936731909635, 2340960.77486700611189 ], [ 181907.852275019715307, 2341744.342616049572825 ], [ 180045.92069090512814, 2342855.003158252220601 ], [ 177298.22181096879649, 2344302.116211608052254 ], [ 174650.985765859368257, 2345432.55542768118903 ], [ 173802.568051635986194, 2345795.168458859436214 ], [ 172098.818569630151615, 2346523.818649638444185 ], [ 171593.657399569579866, 2346650.405537630431354 ], [ 169651.572887788555818, 2347137.477662214078009 ], [ 168232.418585797277046, 2347732.213582677301019 ], [ 167072.858219394140178, 2348186.304066749755293 ], [ 163886.442769709974527, 2349580.749698182102293 ], [ 163112.106506812298903, 2349870.270485747139901 ], [ 161993.790345712797716, 2350288.677095573861152 ], [ 160065.852092169196112, 2350835.751723525580019 ], [ 158788.902539740403881, 2351171.583507869858295 ], [ 158138.577302779187448, 2351342.678420394659042 ], [ 155666.947420447104378, 2351584.574179564137012 ], [ 154141.650429259898374, 2351749.546137646306306 ], [ 153437.779626689269207, 2351900.904232634231448 ], [ 152711.475275039643748, 2352057.029131992720068 ], [ 151032.162981604691595, 2353183.300342453178018 ], [ 150377.830242997704772, 2353766.320453394670039 ], [ 149753.435322953766445, 2354709.767696259077638 ], [ 149643.012844619021052, 2355788.767197730951011 ], [ 149363.487042887631105, 2357224.204013288486749 ], [ 148770.595650040224427, 2358450.226467976812273 ], [ 148745.522827185224742, 2358492.70082613825798 ], [ 148666.29986254349933, 2358655.328427241183817 ], [ 148493.474571974686114, 2358919.681657596491277 ], [ 147807.734708811476594, 2359968.626135058235377 ], [ 146668.325396639585961, 2360874.596175748389214 ], [ 145377.349031757737976, 2361398.606255777645856 ], [ 143219.874218348646536, 2361536.422446156851947 ], [ 141947.157812185410876, 2361418.586062132380903 ], [ 140800.682050031580729, 2361065.081536449026316 ], [ 138812.894542055291822, 2359797.449310965836048 ], [ 138137.687617808318464, 2359383.021999745629728 ], [ 137216.077338408620562, 2359305.608913065399975 ], [ 136665.717449466435937, 2359259.524238806217909 ], [ 135428.061228248785483, 2359244.540999246761203 ], [ 134393.905385168473003, 2359232.05521383555606 ], [ 132547.115255556476768, 2359659.305894222576171 ], [ 131018.029505493934266, 2360134.242281830869615 ], [ 130485.027330796787282, 2360639.84116821270436 ], [ 129980.861468307048199, 2361506.679552724119276 ], [ 129179.148514381609857, 2363006.604004960507154 ], [ 128985.547889879293507, 2363728.683099893853068 ], [ 128864.774702643902856, 2365563.984203388448805 ], [ 128976.205512937696767, 2367210.737195235677063 ], [ 129334.663290176540613, 2368585.758744643535465 ], [ 129783.876842620345997, 2370433.368383862543851 ], [ 129904.278334070913843, 2370928.580067218281329 ], [ 130896.247763688181294, 2375210.459855950903147 ], [ 131904.02222327986965, 2380337.248280181083828 ], [ 132345.512540775584057, 2384364.489840024150908 ], [ 132604.004970001755282, 2387824.865454476326704 ], [ 132552.794775970513001, 2392319.809405434411019 ], [ 132334.829877164680511, 2395687.554397515486926 ], [ 132164.624713438446634, 2397409.658849399536848 ], [ 131831.446813345159171, 2399247.967710533645004 ], [ 131594.439045844803331, 2400526.705748959910125 ], [ 131002.556430229713442, 2403000.028782138135284 ], [ 130656.01540449258755, 2403913.987023949157447 ], [ 130348.223468986107036, 2404868.504822778515518 ], [ 129873.557494188338751, 2406060.92774531012401 ], [ 125305.449979440541938, 2409138.51976173883304 ], [ 115801.65999509204994, 2415403.71219391329214 ], [ 107869.274755785387242, 2420642.80765948491171 ], [ 104167.214400369528448, 2423088.419378229416907 ], [ 101879.484650780519587, 2424625.672341468278319 ], [ 94158.256455480048317, 2429692.701323747169226 ], [ 86599.105542616729508, 2434562.849090834613889 ], [ 83211.09405732639425, 2436829.131829487159848 ], [ 78620.838194056239445, 2439900.25358666293323 ], [ 77044.775618883650168, 2440971.442128315102309 ], [ 75257.429763389445725, 2442186.158604101743549 ], [ 71781.81429164664587, 2444548.552340463735163 ], [ 68816.037634944877937, 2446520.917949247639626 ], [ 66417.102497026236961, 2448116.813351349905133 ], [ 64371.164803995096008, 2449418.049636338837445 ], [ 59536.111257904267404, 2452639.957271886523813 ], [ 55890.290733747235208, 2455014.953096768818796 ], [ 50188.393426037815516, 2458892.649840508587658 ], [ 45764.109580196702154, 2461683.611876006703824 ], [ 42194.87519590822194, 2464059.845400098245591 ], [ 38008.368780531192897, 2466858.035013169981539 ], [ 35257.889696327838465, 2468698.847412730567157 ], [ 31767.355075089562888, 2471035.149861262645572 ], [ 29304.29779541075186, 2472644.497207459062338 ], [ 27623.486028447576246, 2473673.150413245428354 ], [ 25689.421863313116773, 2475056.971081136725843 ], [ 22937.604162227806228, 2476855.235313576646149 ], [ 19814.980792017544445, 2478923.619803990237415 ], [ 18373.615468641623011, 2479961.333810379263014 ], [ 16691.46664325288657, 2480989.509442344307899 ], [ 8795.019009122042917, 2486274.45135221304372 ], [ 3318.990506687800917, 2489844.695769446901977 ], [ 2598.530873588633767, 2490314.700580176431686 ], [ 528.767469956215564, 2491664.177958444226533 ], [ -19.035521603570345, 2492168.543660176917911 ], [ -698.752443697993044, 2496304.903279735706747 ], [ -1176.535586866728863, 2499212.688725989311934 ], [ -1450.715604012693348, 2500881.433599676005542 ], [ -2262.012052915945787, 2501187.418194084428251 ], [ -3067.074499006888345, 2501675.814926050137728 ], [ -8179.422336332167106, 2505425.996470552869141 ], [ -10797.434343447688661, 2507167.46479229722172 ], [ -11350.803420857726451, 2507765.241394082084298 ], [ -16385.227391985335998, 2511483.098920464515686 ], [ -17243.055721997865476, 2511790.876958212349564 ], [ -18497.402519739331183, 2512524.161950218956918 ], [ -18799.524508301663445, 2513040.595130096189678 ], [ -20408.091038947346533, 2514109.237730031833053 ], [ -22593.070338193945645, 2515702.707060484215617 ], [ -23122.060001857931638, 2516274.441071071196347 ], [ -23257.424725299119018, 2516324.835122769232839 ], [ -24199.075630005012499, 2516862.916375970002264 ], [ -25805.082702902767778, 2518022.975862558931112 ], [ -26248.244927842049947, 2518430.298192776739597 ], [ -30110.253914363882359, 2521162.91015901742503 ], [ -30279.236456112135784, 2521237.835788523312658 ], [ -32055.227946185408655, 2522472.43768046842888 ], [ -36279.578201693402661, 2525356.046653325203806 ], [ -37480.604855783276435, 2526362.893076007254422 ], [ -40470.31119549855066, 2528309.831113577820361 ], [ -41764.512152062961832, 2529470.67395597929135 ], [ -42332.909583360415127, 2529681.119759689085186 ], [ -43895.167762437013153, 2530838.617704960983247 ], [ -44749.988685093710956, 2531282.013848280068487 ], [ -45390.301290435047122, 2531970.974780210759491 ], [ -47610.790394054158241, 2533311.146882780361921 ], [ -50781.725977987378428, 2535673.731581985484809 ], [ -52394.076258121014689, 2536741.050494318362325 ], [ -53868.169623114430578, 2537849.032677333336323 ], [ -54407.7341931164774, 2538143.528484721668065 ], [ -56017.300818071096728, 2539301.377430924214423 ], [ -56645.477817809289263, 2539691.091263730544597 ], [ -57895.820342155042454, 2540652.913286462891847 ], [ -59329.06123514756473, 2541622.590199984610081 ], [ -60668.12238801427884, 2542679.961671182420105 ], [ -61879.052135326528514, 2543457.260547415353358 ], [ -66577.626983842841582, 2546835.072930152527988 ], [ -68191.981014805700397, 2547901.033711539581418 ], [ -69620.32496339881618, 2549052.439393495675176 ], [ -70877.787148411909584, 2549830.950912876520306 ], [ -73457.059082181425765, 2551683.044250220991671 ], [ -75312.196281176846242, 2552968.543505270034075 ], [ -75896.959458742217976, 2553310.365116316825151 ], [ -76968.856060106772929, 2554174.477138724178076 ], [ -77150.530137000852847, 2554226.24732705578208 ], [ -81316.776293729388271, 2557216.441744636744261 ], [ -83517.671608505013864, 2558623.844180388841778 ], [ -86943.304406257288065, 2561036.612821375951171 ], [ -89926.777077121514594, 2563251.264402217231691 ], [ -91543.692346937968978, 2564315.972864301409572 ], [ -98675.26687679279712, 2569425.679477245081216 ], [ -102461.129324098190409, 2572058.340599271003157 ], [ -103173.572729353720206, 2572711.284626783803105 ], [ -107138.776887594780419, 2575358.946767322719097 ], [ -111247.134460089539061, 2578297.404651532880962 ], [ -111688.843520380964037, 2578863.914172564167529 ], [ -112505.379443753889063, 2579166.489507098216563 ], [ -114658.634357915929286, 2580799.94019422121346 ], [ -115289.584994090007967, 2581188.092343412805349 ], [ -118251.692226420447696, 2583399.214595416560769 ], [ -121759.249601542105665, 2585829.144011680502445 ], [ -122743.880405053278082, 2586671.020079432055354 ], [ -123288.892505642434116, 2586872.064573457464576 ], [ -125446.486764886503806, 2588412.642940347548574 ], [ -126258.564008692381321, 2588898.517113877926022 ], [ -127747.573183574932045, 2590069.781306623946875 ], [ -133001.185677357512759, 2593804.760299519170076 ], [ -134753.132936657726532, 2595147.828383159823716 ], [ -136375.389426958136028, 2596211.129741937853396 ], [ -146181.636360230651917, 2603419.908603527583182 ], [ -151227.979754505853634, 2606935.889386625494808 ], [ -151815.523136357194744, 2607274.907799632288516 ], [ -152623.80483080734848, 2607945.364246885292232 ], [ -153166.826427598454757, 2608237.41654761787504 ], [ -160015.756540181144373, 2613140.890211774967611 ], [ -161099.901625121070538, 2613817.346405725926161 ], [ -161549.181412657460896, 2614200.284542365465313 ], [ -163172.221035583061166, 2615353.991095512639731 ], [ -163710.783618845860474, 2615831.212175077758729 ], [ -164703.642157236492494, 2616505.474481829907745 ], [ -164907.746220966539113, 2616603.298019319307059 ], [ -166735.115440898400266, 2617855.004382215905935 ], [ -167324.662462260661414, 2618148.846220449078828 ], [ -168629.546082442306215, 2619201.188138320110738 ], [ -175984.088765605498338, 2624393.131909677293152 ], [ -178779.321847339015221, 2626502.606150895357132 ], [ -182752.985841604735469, 2629290.600719777867198 ], [ -185820.286875790567137, 2631591.688674660399556 ], [ -186726.530056099494686, 2632124.972821448463947 ], [ -187498.19910398274078, 2632514.336884838994592 ], [ -187446.325557097239653, 2632744.31510717747733 ], [ -188172.238286775129382, 2633133.693584356456995 ], [ -188985.429950006539002, 2633710.627750857267529 ], [ -189795.941262529668165, 2634379.398672855924815 ], [ -191808.046513286215486, 2635749.784252064302564 ], [ -191920.028021092351992, 2635868.371817500330508 ], [ -193549.1983423216152, 2636929.238353791180998 ], [ -195220.66116450575646, 2638127.930146127007902 ], [ -198794.901808922848431, 2640534.347742290701717 ], [ -200237.265890775277512, 2641727.535076217260212 ], [ -202089.404031370650046, 2642845.794586721342057 ], [ -206886.053243711707182, 2646385.72608941514045 ], [ -208109.895050071179867, 2647157.988483523018658 ], [ -209510.736182639433537, 2648211.048643825575709 ], [ -211775.873307621513959, 2649702.673690099734813 ], [ -215860.848555021424545, 2652584.253584804479033 ], [ -216757.191981701704208, 2653113.37651399616152 ], [ -219969.431660817674128, 2655461.495081402827054 ], [ -220560.093546872434672, 2655800.598152708262205 ], [ -223185.002130407345248, 2657716.619144163560122 ], [ -224002.533250032749493, 2658200.164860003162175 ], [ -224541.653098664362915, 2658769.441429520491511 ], [ -225628.810711659461958, 2659536.055486246477813 ], [ -228533.231961219222285, 2661366.557189237326384 ], [ -230026.593950832611881, 2662513.903658967930824 ], [ -235602.462789484561654, 2666384.286270807497203 ], [ -236324.819306699297158, 2667019.269129569176584 ], [ -237666.50136566843139, 2667791.938643481582403 ], [ -237823.409638837096281, 2667980.459457881283015 ], [ -239455.579018479067599, 2669131.975125121884048 ], [ -240043.666530005313689, 2669608.233438428025693 ], [ -241224.220305215130793, 2670377.674349551554769 ], [ -241383.795904716535006, 2670451.083079235162586 ], [ -243176.310658122965833, 2671675.033433814998716 ], [ -243767.636008362926077, 2672013.552365665789694 ], [ -244944.182393226306885, 2672967.4095947900787 ], [ -245988.131457189185312, 2673686.365934712812304 ], [ -246853.860576739301905, 2674123.906894232146442 ], [ -250890.638046857493464, 2677043.848910208325833 ], [ -252663.844434594677296, 2678151.137084320187569 ], [ -253025.088983956957236, 2678483.546723054721951 ], [ -254659.248867415968562, 2679633.269312853459269 ], [ -255293.331254824588541, 2680157.264830598141998 ], [ -256477.096708659722935, 2680834.204491165000945 ], [ -265789.648045464768074, 2687301.735292527358979 ], [ -267558.74051010311814, 2688686.337502765934914 ], [ -268015.690767162770499, 2688881.700658662710339 ], [ -269652.876203052583151, 2689983.787201465107501 ], [ -271378.229903924860992, 2691273.934157994110137 ], [ -271424.251385162642691, 2691275.207527298480272 ], [ -272583.811751572065987, 2692010.612047335598618 ], [ -275328.166371360595804, 2694041.630162387620658 ], [ -275858.262662073248066, 2694284.29519821703434 ], [ -283567.812552218092605, 2699702.150594734586775 ], [ -287301.363299136632122, 2702194.231186703778803 ], [ -287800.4069065747899, 2702621.894419436808676 ], [ -289393.720885863993317, 2703723.539262613281608 ], [ -289937.963212190079503, 2704198.509730044286698 ], [ -291624.673576343338937, 2705255.543076033703983 ], [ -297235.735292756406125, 2708998.58984465803951 ], [ -297861.908541671698913, 2709653.574436977505684 ], [ -299504.428741519979667, 2710662.294329103082418 ], [ -301143.153725973796099, 2711856.986924007069319 ], [ -301960.685068229562603, 2712570.507258528843522 ], [ -304926.017114885500632, 2714440.926795265171677 ], [ -308687.939637797651812, 2716953.867445592302829 ], [ -308664.451113917923067, 2716977.055701421108097 ], [ -313817.315461017657071, 2720500.438785271719098 ], [ -314520.642245250695851, 2720911.431219899561256 ], [ -316662.763317899545655, 2722494.733480407390743 ], [ -317007.075059524970129, 2722853.58470059838146 ], [ -317827.048083493718877, 2723473.880686386954039 ], [ -318650.046548581158277, 2723954.313752635847777 ], [ -320292.115570539841428, 2725101.287399343214929 ], [ -320837.127559823333286, 2725623.299272608011961 ], [ -321752.513966510130558, 2726104.725484607741237 ], [ -323211.028168760123663, 2727201.968244453892112 ], [ -324855.32669748616172, 2728255.661923735402524 ], [ -328142.251513520546723, 2730501.579547806177288 ], [ -328686.387529737199657, 2731069.7233219826594 ], [ -333891.351068329531699, 2734698.852904277388006 ], [ -334718.463345203897916, 2734993.212371838279068 ], [ -335905.334167554858141, 2735851.482331217266619 ], [ -336450.027560458576772, 2736419.818970689084381 ], [ -337001.382756952662021, 2736615.769510179758072 ], [ -347165.862045480811503, 2743608.211696834303439 ], [ -347691.950277930824086, 2744155.922747828997672 ], [ -348425.453995001909789, 2744541.050762408878654 ], [ -349065.852761635440402, 2744970.788578948006034 ], [ -350711.717332943517249, 2746116.73609367897734 ], [ -351350.57699629891431, 2746639.444072018377483 ], [ -352175.114787313854322, 2747119.189073883928359 ], [ -353271.853557564201765, 2747928.167893709149212 ], [ -356291.275188198836986, 2749981.934260887093842 ], [ -361487.108747431833763, 2753407.876988735515624 ], [ -366913.235505112039391, 2757007.99171747546643 ], [ -367900.228508212429006, 2757945.347175299189985 ], [ -369024.118436227086931, 2758567.027405020780861 ], [ -389326.45640420797281, 2772846.083119619172066 ], [ -389428.425614374515135, 2773068.204372158739716 ], [ -390247.389972441887949, 2773638.124863926786929 ], [ -391059.586662063782569, 2773873.406120103318244 ], [ -398665.601744726882316, 2779367.342342200689018 ], [ -399648.428059278288856, 2779738.671523346100003 ], [ -411555.405920049292035, 2787881.273469024337828 ], [ -412635.185165876406245, 2788809.073457119520754 ], [ -416508.445881252118852, 2791243.328028602991253 ], [ -417927.653059992822818, 2792359.82546747662127 ], [ -428733.540003705187701, 2799633.709970985539258 ], [ -431413.24171039549401, 2801438.086486215237528 ], [ -432552.365710717742331, 2802420.558023964520544 ], [ -432766.150562637776602, 2802518.482260944787413 ], [ -432979.935525895096362, 2802616.406996830832213 ], [ -433539.88959646812873, 2802872.879562768153846 ], [ -437009.148725293809548, 2805155.906864644959569 ], [ -440940.851839379000012, 2807743.404471782036126 ], [ -443566.862040581472684, 2809667.925973038189113 ], [ -449445.639006047043949, 2813713.680796608794481 ], [ -491648.857820420351345, 2842856.321771243121475 ], [ -517974.142069794470444, 2861676.412472628988326 ], [ -518176.142751747975126, 2861765.354330820497125 ], [ -518652.456143669376615, 2862150.727548732422292 ], [ -518682.24624128639698, 2862182.920085537713021 ], [ -518768.184776858601253, 2862244.36234406940639 ], [ -518854.123423742887098, 2862305.80472901230678 ], [ -530291.332254134467803, 2870190.521863118279725 ], [ -535842.04055015114136, 2873644.73122077761218 ], [ -537064.130633007385768, 2874552.446861978154629 ], [ -537578.88631865370553, 2875267.982447321061045 ], [ -537668.167221930809319, 2875324.880336622241884 ], [ -537929.767691337619908, 2875491.597098755650222 ], [ -538018.783654231578112, 2875548.327068286947906 ], [ -538446.048454009112902, 2876087.372152716852725 ], [ -550158.961265356978402, 2884287.063054546248168 ], [ -556713.834597791545093, 2889008.538829056546092 ], [ -560445.633621225715615, 2891399.734060886316001 ], [ -571067.089438213966787, 2898950.080485289916396 ], [ -571734.904970917385072, 2899577.042589138261974 ], [ -574664.938163638697006, 2901426.405020691920072 ], [ -593960.616425408399664, 2915139.139700011815876 ], [ -595166.19838437391445, 2915802.955608575604856 ], [ -601777.470512314816006, 2920402.327298814896494 ], [ -602074.035431892611086, 2920814.71201185695827 ], [ -616515.060347456717864, 2930586.521914215758443 ], [ -619994.219007287174463, 2933202.627113406080753 ], [ -629244.63870613637846, 2939491.633086856920272 ], [ -640345.206264419597574, 2947042.157045318745077 ], [ -641602.913908902090043, 2947925.625574157107621 ], [ -650241.837499755201861, 2953995.986795165576041 ], [ -652320.765280479099602, 2955161.322471988387406 ], [ -660576.760509661282413, 2961069.965274299494922 ], [ -665649.684438001480885, 2964269.801855294499546 ], [ -675271.832310584839433, 2970800.063671336043626 ], [ -675862.149106229073368, 2971400.126940954010934 ], [ -677277.561180893681012, 2972136.505263312719762 ], [ -679346.456849096692167, 2973611.731387949548662 ], [ -680876.312150791985914, 2974370.860904141329229 ], [ -681701.301231027464382, 2975160.689729880075902 ], [ -683324.898007997195236, 2976114.484473447315395 ], [ -685021.747017404763028, 2977463.440889441408217 ], [ -706000.101647625793703, 2991568.537059460300952 ], [ -706798.072374237235636, 2992330.0164375747554 ], [ -710775.504978541983292, 2994572.184617994818836 ], [ -712190.917053206590936, 2995847.505163520108908 ], [ -713616.36146302241832, 2996694.47408587532118 ], [ -714269.951032721670344, 2997376.856270146090537 ], [ -714992.971125420997851, 2997714.87034717341885 ], [ -720866.625947153312154, 3001748.970722632948309 ], [ -721096.096271926071495, 3001809.693994136061519 ], [ -728121.296234082663432, 3006773.316834854893386 ], [ -737443.747213198221289, 3012868.861102048307657 ], [ -737834.159806854208, 3013334.926728720311075 ], [ -742607.758537523914129, 3016589.528038878925145 ], [ -743120.73589429887943, 3017249.429501091595739 ], [ -745273.553100226330571, 3018402.555678417440504 ], [ -768831.179775522672571, 3034448.477711403276771 ], [ -769730.110935074626468, 3034833.301062384154648 ], [ -771444.423746206331998, 3036205.487025959882885 ], [ -772666.566705824574456, 3036801.388826535549015 ], [ -779236.435552902403288, 3041421.650582996662706 ], [ -780943.953867596690543, 3041752.166185152716935 ], [ -793889.095407067681663, 3050575.595857635140419 ], [ -806931.375670041306876, 3059139.720051696524024 ], [ -820020.685968854930252, 3067716.571066511794925 ], [ -833125.973620214615948, 3076286.230852149426937 ], [ -836005.367131298175082, 3078166.200568623375148 ], [ -846291.614803301752545, 3084779.540205101016909 ], [ -859485.654367725248449, 3093247.020271684508771 ], [ -861643.67353345209267, 3094629.587130556348711 ], [ -868933.801972512505017, 3099117.796436950098723 ], [ -872818.183171051787212, 3101509.949139195494354 ], [ -878847.896786929224618, 3105216.622747258283198 ], [ -886096.250360678881407, 3109877.69949207874015 ], [ -899313.274282999453135, 3118361.424254874233156 ], [ -912546.965516094584018, 3126837.873613416217268 ], [ -925796.899821360129863, 3135307.042825800832361 ], [ -930223.134541268344037, 3138131.634924584068358 ], [ -939022.628816544311121, 3143832.407042286824435 ], [ -952244.854698676732369, 3152381.841226170305163 ], [ -964423.502656026859768, 3160240.036857882980257 ], [ -965570.588894253829494, 3160761.382384493947029 ], [ -965331.617005661479197, 3176585.713630833663046 ], [ -965288.515100700082257, 3179439.0317885549739 ], [ -965341.490153934806585, 3192429.106212494894862 ], [ -965370.897089860634878, 3199628.366193516179919 ], [ -965170.674625453772023, 3206441.595043536741287 ], [ -965153.794694466283545, 3207018.626496271695942 ], [ -965141.479975798400119, 3207441.046958745457232 ], [ -965030.987700134399347, 3207441.046958745457232 ], [ -964765.983080700505525, 3209419.30890423245728 ], [ -964756.003733636112884, 3210024.280960055068135 ], [ -964746.979953067842871, 3211543.662377720233053 ], [ -964751.332545162062161, 3212347.544511255342513 ], [ -964754.942190972622484, 3212980.227223122958094 ], [ -964756.959188826731406, 3213611.619744793977588 ], [ -964763.54117635730654, 3214543.111895457841456 ], [ -964756.2504176258808, 3216715.405179215595126 ], [ -964755.366763506899588, 3216978.699153301306069 ], [ -964754.942190972622484, 3217120.549671723507345 ], [ -964752.394310462172143, 3217971.721366908866912 ], [ -964748.572489705984481, 3219141.656089937780052 ], [ -964733.285095356870443, 3222027.090167294256389 ], [ -964752.075825394364074, 3223812.79324295790866 ], [ -964764.921426718821749, 3226186.891593216918409 ], [ -964731.904844982549548, 3227565.690157037694007 ], [ -964732.64801390923094, 3228329.335031565278769 ], [ -964765.983080700505525, 3230433.691392227075994 ], [ -964765.983080700505525, 3232465.476522330660373 ], [ -964765.983080700505525, 3233021.268161150626838 ], [ -964740.397854218957946, 3236164.054574469570071 ], [ -964754.942190972622484, 3237420.603073209058493 ], [ -964743.794991122675128, 3238386.758561886847019 ], [ -964732.64801390923094, 3239478.421449183020741 ], [ -964749.687131761806086, 3240756.965368589386344 ], [ -964749.802904041833244, 3240767.972062040586025 ], [ -964760.462635833420791, 3241781.340914900880307 ], [ -964772.087284979876131, 3242813.906096920836717 ], [ -964788.701718973461539, 3243561.33873754972592 ], [ -964766.089168179780245, 3244292.826569236349314 ], [ -964768.84944627864752, 3245648.935536412056535 ], [ -964774.476089937030338, 3246665.925447724293917 ], [ -964762.26734741718974, 3247696.457102896180004 ], [ -964759.931753189768642, 3248905.735912884119898 ], [ -964782.650614105630666, 3254329.699132347479463 ], [ -964789.126402845140547, 3256407.402629825286567 ], [ -964794.222275171661749, 3258020.994090951513499 ], [ -964845.923388160648756, 3264410.836742487270385 ], [ -964863.228002994437702, 3269209.293484570924193 ], [ -964858.025820558308624, 3272744.21241120994091 ], [ -964875.967516845907085, 3275708.274260633159429 ], [ -964883.398760775919072, 3279305.630841637961566 ], [ -964882.602492450503632, 3287497.489549823105335 ], [ -964881.619207396754064, 3287728.778435107320547 ], [ -964860.149351158528589, 3292779.915611831471324 ], [ -964862.590921546914615, 3298252.432182960677892 ], [ -964849.426835173857398, 3303058.620880918577313 ], [ -964799.530545093119144, 3307123.380420708097517 ], [ -964852.930170868407004, 3311372.014793484006077 ], [ -964849.214437585207634, 3313944.702350655570626 ], [ -964838.173547844635323, 3321503.992866931948811 ], [ -964859.830643460503779, 3331064.685536867007613 ], [ -964884.354327284963802, 3334733.335167476907372 ], [ -964884.991186083061621, 3338087.813632734119892 ], [ -964885.097496198839508, 3339229.967420252971351 ], [ -964238.77987223980017, 3339576.65155743714422 ], [ -963458.325935413944535, 3339784.254895420279354 ], [ -963371.403669508290477, 3339806.116778845898807 ], [ -962914.455193560686894, 3339921.044705247506499 ], [ -962296.323775985976681, 3340232.761627311818302 ], [ -961361.244172144914046, 3340635.643903696909547 ], [ -960435.613144042901695, 3341058.876864283811301 ], [ -959858.619732968043536, 3341331.273853410966694 ], [ -958340.495279222843237, 3341984.080508362967521 ], [ -957563.916373864049092, 3342321.392780876718462 ], [ -956136.34865608473774, 3342991.441906542982906 ], [ -955710.530787060037255, 3343357.900628094095737 ], [ -955571.274445533403195, 3343434.371966623701155 ], [ -955154.982185336994007, 3343662.977925925515592 ], [ -954665.360548282507807, 3343894.499801461584866 ], [ -953740.047893923590891, 3344341.813533456996083 ], [ -953097.658400836517103, 3344666.107277369592339 ], [ -952472.573299946263433, 3344972.970587939489633 ], [ -951417.636111680301838, 3345496.131927087903023 ], [ -950171.712525852373801, 3346088.103940069209784 ], [ -948009.500066221109591, 3347151.250067026820034 ], [ -946598.175420618266799, 3347829.537483455613256 ], [ -945048.520834296010435, 3348432.758089325856417 ], [ -943883.280724835931323, 3348898.395352407824248 ], [ -942933.975380627322011, 3349286.277506444137543 ], [ -941896.130409619072452, 3349706.273802085313946 ], [ -939381.776774616679177, 3351644.82562527898699 ], [ -938737.688768737018108, 3352155.891657711938024 ], [ -937865.669541362323798, 3353210.800304375588894 ], [ -936635.98880506795831, 3354647.530664792284369 ], [ -935375.945566332666203, 3356040.54203088209033 ], [ -934994.079081299249083, 3356445.117494970094413 ], [ -933920.138765413197689, 3357583.76405008463189 ], [ -931779.477313924930058, 3359797.824159410316497 ], [ -929952.632297468488105, 3361648.250321986619383 ], [ -928062.195910577196628, 3363338.618741828016937 ], [ -926292.997247141320258, 3364926.840530571062118 ], [ -924738.034613546798937, 3366232.148929849732667 ], [ -923876.100820709485561, 3366850.766269060317427 ], [ -923246.875525320181623, 3367327.242389983963221 ], [ -922627.204893148853444, 3367815.866848590318114 ], [ -922011.88674174726475, 3368310.332560799084604 ], [ -921369.1256642062217, 3368819.981459285598248 ], [ -921344.549103619647212, 3368839.02848828677088 ], [ -920769.254205337376334, 3369283.790236880071461 ], [ -920125.484573206980713, 3369740.699758884496987 ], [ -919443.708685798686929, 3370135.988737203646451 ], [ -918750.148851060424931, 3370515.273470643442124 ], [ -918146.402583367656916, 3371019.790229427162558 ], [ -917618.56240477762185, 3371608.296113220974803 ], [ -917072.037694928469136, 3372178.626021306961775 ], [ -916522.54030941054225, 3372746.796267792582512 ], [ -915978.775877666892484, 3373320.330658428836614 ], [ -915400.296017426531762, 3373858.208874631207436 ], [ -914772.026065915706567, 3374336.395089263096452 ], [ -914116.260088854236528, 3374776.002081738784909 ], [ -913451.470442549092695, 3375202.514731671195477 ], [ -912810.567175984149799, 3375662.542833438143134 ], [ -912183.57105340086855, 3376142.979555792640895 ], [ -911552.222450047847815, 3376618.335725863464177 ], [ -910989.667288253665902, 3377174.557949143927544 ], [ -910338.784785923548043, 3377640.239159001968801 ], [ -909583.226006064214744, 3377528.066380154341459 ], [ -908834.036927471286617, 3377271.189135150518268 ], [ -908058.731851052376442, 3377403.997344426810741 ], [ -907345.956491093034856, 3377727.161837539169937 ], [ -906831.280621525365859, 3378330.293745283968747 ], [ -906174.452879163669422, 3378769.305791105143726 ], [ -905483.759632627712563, 3379151.024747454095632 ], [ -904872.156991866417229, 3379650.287504500243813 ], [ -904269.896950696012937, 3380160.254536046646535 ], [ -903609.459785160492174, 3380594.470496030990034 ], [ -902935.221451797988266, 3381006.114825768396258 ], [ -902270.750179236056283, 3381435.015692125540227 ], [ -901692.376851760898717, 3381971.768555291928351 ], [ -901090.328985536121763, 3382484.254533670376986 ], [ -900468.110361536033452, 3382971.9846988520585 ], [ -899876.785011308733374, 3383497.383757265284657 ], [ -899274.949431354296394, 3384009.443404873367399 ], [ -898565.146747069898993, 3384339.329156959895045 ], [ -897787.61238653305918, 3384455.689973459113389 ], [ -897171.444867413607426, 3384940.092534281779081 ], [ -896644.347969062277116, 3385534.323804697021842 ], [ -896003.33861501829233, 3385992.04100287752226 ], [ -895317.953304448747076, 3386387.575959476176649 ], [ -894664.204213922843337, 3386832.20279392413795 ], [ -893978.818903340841644, 3387224.847253755666316 ], [ -893118.636834013159387, 3387604.990104850847274 ], [ -892987.897658050060272, 3387681.651668739505112 ], [ -892567.70643269631546, 3387927.79815710708499 ], [ -891902.067418673424982, 3388354.009169408585876 ], [ -891197.784956613089889, 3388713.164810028858483 ], [ -890496.369194092229009, 3389074.760208641178906 ], [ -889848.724641800741665, 3389528.955701376311481 ], [ -889159.092826609732583, 3389916.820753681939095 ], [ -888505.184549205936491, 3390355.491222511045635 ], [ -887876.330838289344683, 3390832.820330451242626 ], [ -887223.590302340337075, 3391282.7019670647569 ], [ -886489.317144954809919, 3391589.437069828622043 ], [ -886006.27771808009129, 3392176.434440815355629 ], [ -886028.253298757481389, 3392968.37598242983222 ], [ -885686.675341187627055, 3393673.82256764639169 ], [ -885141.5837584749097, 3394248.028856323566288 ], [ -884637.948778635123745, 3394859.943359934259206 ], [ -884125.979753812891431, 3395464.836096997372806 ], [ -883584.338630032609217, 3396043.254329381044954 ], [ -883023.269583429791965, 3396601.759693276602775 ], [ -882402.430987167288549, 3397092.933251981157809 ], [ -881770.233238739543594, 3397569.535231752321124 ], [ -881173.81190486100968, 3398090.656297807581723 ], [ -880561.572516607237048, 3398593.072503923904151 ], [ -879886.644225041382015, 3399004.552660665009171 ], [ -879206.248476682696491, 3399412.397746019996703 ], [ -878456.36943988641724, 3399662.412878036499023 ], [ -877660.097226054989733, 3399567.075663878582418 ], [ -877260.023770383442752, 3400223.504626053385437 ], [ -876731.387434798991308, 3400747.893462669569999 ], [ -875946.15622203273233, 3400933.720792436506599 ], [ -875225.578033670433797, 3401248.709029530640692 ], [ -874552.188845389173366, 3401668.056574598886073 ], [ -873842.863944362383336, 3402017.117687458172441 ], [ -873158.009405118180439, 3402413.380293005146086 ], [ -872552.139718137215823, 3402923.017644266597927 ], [ -871966.918794825905934, 3403457.732136492151767 ], [ -871452.030416345107369, 3404061.076182042714208 ], [ -870805.713015022454783, 3404519.198385204188526 ], [ -870173.886628411943093, 3404995.827775737736374 ], [ -869618.285038614762016, 3405562.258562777657062 ], [ -869032.851495071779937, 3406097.081230041570961 ], [ -868454.318980718613602, 3406638.739282329566777 ], [ -867885.287696236395277, 3407190.640583940315992 ], [ -867147.484486476401798, 3407809.245310568716377 ], [ -867012.843784990371205, 3407912.916730339173228 ], [ -866653.749037641333416, 3408189.134596196003258 ], [ -865974.786527718068101, 3408595.806390138808638 ], [ -865277.033287757076323, 3408971.337749327067286 ], [ -864573.971889205742627, 3409336.171019535046071 ], [ -863873.40527175355237, 3409706.125610683578998 ], [ -863181.915645586443134, 3410093.129020315594971 ], [ -862479.703392097260803, 3410457.993662661872804 ], [ -861725.206266213208437, 3410689.477353828493506 ], [ -861042.581233736360446, 3411093.54919123230502 ], [ -860301.088896048138849, 3411369.59115195274353 ], [ -859536.187961890129372, 3411578.452228447422385 ], [ -858815.821948486031033, 3411901.974328512791544 ], [ -858087.706094772205688, 3412196.778125963173807 ], [ -857297.803804844035767, 3412302.918916912283748 ], [ -856586.249397056293674, 3412619.398982267361134 ], [ -855926.236915385816246, 3413062.240364143624902 ], [ -855280.874746610992588, 3413530.904050331097096 ], [ -854500.420921103679575, 3413621.960642490070313 ], [ -853749.904802859877236, 3413874.68269160669297 ], [ -853169.726429833332077, 3414074.21005721995607 ], [ -852269.043546778149903, 3413798.963009573053569 ], [ -851594.115255199605599, 3413671.871578553225845 ], [ -851227.21745682368055, 3414402.541843218263239 ], [ -851010.592844687053002, 3415180.978476242162287 ], [ -850424.681740523083135, 3415667.737827645149082 ], [ -849894.452979618916288, 3416230.005395240150392 ], [ -849707.288402800448239, 3416860.241427011787891 ], [ -849665.831911233020946, 3416999.783808864653111 ], [ -849450.003344772499986, 3417244.047798864543438 ], [ -849300.499932802515104, 3417413.427847892977297 ], [ -848711.377483974443749, 3418131.277862463146448 ], [ -848875.02704288251698, 3418891.913192196749151 ], [ -848671.831902788137086, 3419630.670914329588413 ], [ -848951.623424149816856, 3420402.599343974143267 ], [ -848891.588600126793608, 3421145.340366357937455 ], [ -848484.189654043060727, 3421843.7847745786421 ], [ -847967.76217229035683, 3422447.005919106770307 ], [ -847296.602490757359192, 3422864.355727389454842 ], [ -846586.269035141216591, 3423218.857755123637617 ], [ -845871.954349260777235, 3423566.060016228817403 ], [ -845093.358223423711024, 3423707.37986602447927 ], [ -844305.472931356052868, 3423620.638454604428262 ], [ -843529.106312267365865, 3423459.340027464553714 ], [ -841970.215659119305201, 3423175.001274773385376 ], [ -841209.667205711593851, 3422949.873849565163255 ], [ -840464.512234145309776, 3422679.190103087574244 ], [ -839727.213413004414178, 3422383.417761962395161 ], [ -838959.021429409156553, 3422198.502696184441447 ], [ -838467.223384992452338, 3422172.19070141017437 ], [ -837376.031664964626543, 3422113.476806410122663 ], [ -836584.908534189336933, 3422148.071770876646042 ], [ -835794.103665826376528, 3422206.298782045952976 ], [ -835004.838234709110111, 3422135.890467253047973 ], [ -834213.661893223063089, 3422090.819474787451327 ], [ -833421.954780392930843, 3422133.45413126423955 ], [ -832552.058972293860279, 3422260.38447193428874 ], [ -832467.288178188726306, 3422281.823789373040199 ], [ -831867.416830644709989, 3422432.631659337785095 ], [ -831093.863477735430934, 3422598.546350251883268 ], [ -830316.063620211323723, 3422742.535856994334608 ], [ -829565.069718710030429, 3422999.820558930747211 ], [ -828806.326088210800663, 3423227.87259526969865 ], [ -828037.231637505348772, 3423422.061135080177337 ], [ -827261.873461694107391, 3423588.232443261425942 ], [ -826495.698364641051739, 3423792.903532742056996 ], [ -825745.925637947861105, 3424052.158221791964024 ], [ -824970.514251426095143, 3424217.362841778900474 ], [ -824179.337909921072423, 3424243.678975190967321 ], [ -823403.024501562351361, 3424066.290908733382821 ], [ -822626.763969959225506, 3423987.100511515978724 ], [ -822030.555033663054928, 3424468.585049846209586 ], [ -821634.674983207602054, 3425169.401118841487914 ], [ -820934.267775263520889, 3425496.429055079817772 ], [ -820138.207847708719783, 3425566.855698722880334 ], [ -819346.500734884873964, 3425623.879400284495205 ], [ -818567.480036507360637, 3425771.801723255310208 ], [ -817818.768741165637039, 3426033.776607936248183 ], [ -817105.780983604956418, 3426383.003491981886327 ], [ -816447.307939174002968, 3426827.044726241379976 ], [ -815867.6604487975128, 3427371.271773608401418 ], [ -815331.008887240663171, 3427958.906591567210853 ], [ -814789.792113357922062, 3428541.692793479654938 ], [ -814228.139196037314832, 3429105.248598004691303 ], [ -813670.785882724216208, 3429672.485358451493084 ], [ -812583.310007304302417, 3430834.58132341131568 ], [ -812043.632781985565089, 3431419.447190229315311 ], [ -811487.128725072019733, 3431988.003927665762603 ], [ -810947.02681588800624, 3432572.678004668559879 ], [ -810443.497923533781432, 3433189.320876558776945 ], [ -809928.981018194928765, 3433796.72669179411605 ], [ -809389.197594072436914, 3434381.970050765201449 ], [ -808846.654114506556652, 3434964.313303320668638 ], [ -808370.408961426466703, 3435443.522452502511442 ], [ -807704.504339091712609, 3436072.739938074257225 ], [ -807093.379592918907292, 3436581.501694538164884 ], [ -806455.077417568885721, 3437056.624453983735293 ], [ -805803.929418257903308, 3437512.982571450527757 ], [ -805120.083433596882969, 3437918.864917164668441 ], [ -804413.571798743098043, 3438283.047653982415795 ], [ -803684.978273102547973, 3438600.404900496359915 ], [ -802947.83875013270881, 3438898.010645653586835 ], [ -802195.09323645895347, 3439151.956500204280019 ], [ -801445.479474000865594, 3439415.909436221700162 ], [ -800698.042118911282159, 3439686.210615993011743 ], [ -799974.278968609985895, 3440014.82465378055349 ], [ -798581.108082928345539, 3440782.598646584432572 ], [ -797890.786086891195737, 3441177.848040951415896 ], [ -797208.957322727190331, 3441587.993004375137389 ], [ -796529.570017639431171, 3442007.910856023430824 ], [ -795786.538465354708023, 3442277.534268672112375 ], [ -795005.18206141248811, 3442195.060637616086751 ], [ -794098.235564563423395, 3441995.100941011216491 ], [ -793965.425957398954779, 3441995.519132372457534 ], [ -793439.709309409139678, 3441997.174883733037859 ], [ -792679.373253602767363, 3442225.805185720324516 ], [ -791895.999851806554943, 3442358.788484850898385 ], [ -791108.432933481875807, 3442258.01369812944904 ], [ -790343.903583777486347, 3442040.118954175151885 ], [ -789595.935457349871285, 3441769.768632479943335 ], [ -788844.623070793459192, 3441507.475721383932978 ], [ -788120.859920479590073, 3441199.562576116528362 ], [ -787626.593700319179334, 3440830.662317899055779 ], [ -786817.183894145302474, 3440282.210613696835935 ], [ -786142.255602573277429, 3439857.469521128572524 ], [ -785403.629741787910461, 3439576.918749978300184 ], [ -784624.768452918622643, 3439414.933808145578951 ], [ -783850.418831690447405, 3439230.995461332146078 ], [ -783056.004540166235529, 3439216.846633173990995 ], [ -782314.883786938269623, 3438938.26117713144049 ], [ -781626.366613803198561, 3438551.617704713717103 ], [ -780859.130085404845886, 3438764.818988099694252 ], [ -780198.905206139548682, 3439215.138798697851598 ], [ -779496.480555061833002, 3439580.333875013049692 ], [ -778718.680808868608437, 3439748.419867446646094 ], [ -777927.451479289680719, 3439874.790591979399323 ], [ -777154.004213859676383, 3439798.919226439669728 ], [ -776587.786418168223463, 3439251.243180739693344 ], [ -775968.540247225668281, 3438755.305432899855077 ], [ -775187.184065926237963, 3438658.217843869701028 ], [ -774413.52440290141385, 3438836.537422448862344 ], [ -773647.986387283075601, 3439053.890337485820055 ], [ -772854.262165280408226, 3439034.862809461075813 ], [ -772068.924753723083995, 3438925.088131934404373 ], [ -771278.544680543593131, 3439019.98198519134894 ], [ -770485.298241792246699, 3439073.40595040936023 ], [ -769690.671664004097693, 3439044.620597925037146 ], [ -768936.705309451674111, 3438811.411542089190334 ], [ -768265.120944066089578, 3438380.376319046132267 ], [ -767635.470964830485173, 3437891.05764303682372 ], [ -766968.23930285742972, 3437453.467391346115619 ], [ -766203.922239417093806, 3437260.532292912248522 ], [ -765408.552604014170356, 3437229.311669446527958 ], [ -764619.76473352429457, 3437321.510176153853536 ], [ -763830.605612516403198, 3437422.49017256917432 ], [ -763084.44230899726972, 3437160.529272495303303 ], [ -762553.3109696644824, 3436561.745981025509536 ], [ -762018.092646543169394, 3435972.502239339984953 ], [ -761360.415536463726312, 3435529.123590529896319 ], [ -760601.353532227803953, 3435289.880900200456381 ], [ -759818.511013087816536, 3435147.703064654488117 ], [ -759037.154609145480208, 3435002.356820290908217 ], [ -758258.930067768786103, 3434837.990454158280045 ], [ -757470.673191240872256, 3434746.541194658726454 ], [ -756675.993514047586359, 3434756.295755028259009 ], [ -755880.942252394161187, 3434739.225343133788556 ], [ -755104.46954583900515, 3434572.179825849831104 ], [ -754311.647568316315301, 3434525.602508377749473 ], [ -753519.834479325101711, 3434593.15171706629917 ], [ -752746.281126422341913, 3434768.97666890360415 ], [ -752055.109762673731893, 3435163.067097337916493 ], [ -751448.974801342119463, 3435681.792247382458299 ], [ -750894.700139877502806, 3436253.706776204984635 ], [ -750426.629622284439392, 3436899.061258927453309 ], [ -749980.693760915542953, 3437561.034112319350243 ], [ -749495.743312341510318, 3438194.013564705383033 ], [ -749065.36023098451551, 3438689.32002779468894 ], [ -748500.787960024317726, 3439438.109087836928666 ], [ -748046.624586419085972, 3440100.699915945064276 ], [ -747344.624841836746782, 3440459.820516299456358 ], [ -746593.418765389826149, 3440722.824254859238863 ], [ -745119.033298040973023, 3441321.555850252509117 ], [ -744354.716234600637108, 3441542.610450935084373 ], [ -743570.546675809891894, 3441672.658569294027984 ], [ -742775.389104053378105, 3441710.477711343206465 ], [ -741981.717981449444778, 3441673.390545851550996 ], [ -741185.339680145145394, 3441633.131640168372542 ], [ -740431.001741132698953, 3441862.731324908323586 ], [ -739656.015372424619272, 3441965.69901343761012 ], [ -738860.539426918607205, 3441906.651148883160204 ], [ -738063.789541147882119, 3441894.451282325200737 ], [ -737264.969446818693541, 3442084.527294620405883 ], [ -737265.181733095319942, 3442827.77856753161177 ], [ -736466.653741102549247, 3443140.732683342881501 ], [ -736266.505749438423663, 3443102.91780582908541 ], [ -735857.679019560688175, 3443025.676765176933259 ], [ -735076.534901895094663, 3442873.409599281847477 ], [ -734293.214488191762939, 3442734.076779244467616 ], [ -733339.344154300400987, 3442575.46837683673948 ], [ -732743.825398844084702, 3442394.901377718895674 ], [ -731961.40745225106366, 3442252.889631583821028 ], [ -731166.143904327298515, 3442243.373513418249786 ], [ -730371.411239059874788, 3442276.558169074822217 ], [ -729588.250012221862562, 3442420.278176052030176 ], [ -728823.189779867534526, 3442574.248544086702168 ], [ -727328.739753540954553, 3442026.211012437939644 ], [ -726518.082612476893701, 3442043.046943827066571 ], [ -725929.782814686652273, 3442508.609431413002312 ], [ -725583.799165630247444, 3443243.100271933712065 ], [ -725096.672309687477536, 3443868.792298601008952 ], [ -724438.623949096538126, 3444315.872927246149629 ], [ -723822.058240167913027, 3444669.497720750048757 ], [ -723048.265995626803488, 3445095.128927434794605 ], [ -722027.035569949541241, 3445896.886637863237411 ], [ -721307.09446303464938, 3446228.587226856965572 ], [ -720585.189012403949164, 3446565.910308904480189 ], [ -719907.500442739226855, 3446986.477993068285286 ], [ -719165.636743227485567, 3447274.512517979834229 ], [ -718394.896545173134655, 3447474.187686351593584 ], [ -717632.012608856428415, 3447703.403067205101252 ], [ -716845.560555236879736, 3447785.423440759070218 ], [ -716062.39932839886751, 3447626.509279638994485 ], [ -715270.055468076025136, 3447556.939171100966632 ], [ -714473.305359681369737, 3447544.733718692325056 ], [ -713683.403181071509607, 3447454.659528180491179 ], [ -712899.021224698401056, 3447301.607536630239338 ], [ -712180.030118326307274, 3447030.45872710365802 ], [ -712160.819936441024765, 3447023.214253071229905 ], [ -711815.685432459460571, 3446322.80227626580745 ], [ -711298.585469655925408, 3445878.825162765569985 ], [ -711137.413214707165025, 3446507.573823126032948 ], [ -710760.801454916945659, 3447210.070204151794314 ], [ -710126.851760342717171, 3447696.079890562687069 ], [ -709404.150375341530889, 3448027.33824747800827 ], [ -708614.460260371677577, 3448134.74894489813596 ], [ -707816.436545673524961, 3448134.74894489813596 ], [ -707030.515374691458419, 3448038.079353850334883 ], [ -706247.460457975394093, 3447898.446691120509058 ], [ -705460.318223503418267, 3447993.650569198653102 ], [ -704669.725752735277638, 3448078.358198279514909 ], [ -703886.936332987737842, 3448216.283781623002142 ], [ -703094.910623777657747, 3448326.869664649479091 ], [ -702334.946041119517758, 3448106.18737048143521 ], [ -701558.473445876501501, 3447932.134249279741198 ], [ -700807.054860516218469, 3448199.928086585365236 ], [ -700036.420972571359016, 3448387.655634631402791 ], [ -699247.792511583305895, 3448275.3604567470029 ], [ -698484.961674671620131, 3448042.961642979644239 ], [ -697693.679245700244792, 3448023.188428204972297 ], [ -696904.413814582978375, 3448047.843933923169971 ], [ -696127.091628985479474, 3447859.87712693400681 ], [ -695336.499158217338845, 3447740.995652477256954 ], [ -694582.426716204849072, 3447958.498313976451755 ], [ -693905.375227987533435, 3448389.120219978969544 ], [ -693140.951854437822476, 3448589.300895108375698 ], [ -692380.297090920736082, 3448703.551714057568461 ], [ -692382.048814436770044, 3449326.82246773969382 ], [ -691549.203695093980059, 3449082.442186610773206 ], [ -690780.321419346961193, 3449224.528945879079401 ], [ -690039.147678038454615, 3449315.836452483665198 ], [ -689249.670183293754235, 3449234.782734845299274 ], [ -688451.274661505245604, 3449205.730417925398797 ], [ -687678.145992454956286, 3449364.175936692394316 ], [ -686971.528047472820617, 3449735.761191813740879 ], [ -686193.834500070777722, 3449903.002389594912529 ], [ -685406.002307389047928, 3449802.413282599300146 ], [ -684712.920033271890134, 3449406.412061869166791 ], [ -683939.15439409238752, 3449223.796541847288609 ], [ -683151.481388282263651, 3449149.579088695347309 ], [ -682434.459746350767091, 3448795.832131297793239 ], [ -681722.109181555802934, 3448448.197685102000833 ], [ -680943.088371866382658, 3448263.887059509754181 ], [ -680152.867485558497719, 3448262.422104355413467 ], [ -679351.924305896041915, 3448373.496534055564553 ], [ -678640.263587986119092, 3448074.208362626377493 ], [ -677894.949429541826248, 3447789.573439666070044 ], [ -677101.225318863755092, 3447735.625221612863243 ], [ -676326.663411371642724, 3447549.860009866766632 ], [ -675564.681719534797594, 3447321.135719563346356 ], [ -674773.240103691932745, 3447376.546678532380611 ], [ -674020.813075054204091, 3447636.029358815401793 ], [ -673236.696504350285977, 3447772.485834764316678 ], [ -672606.834016195032746, 3448242.892755348235369 ], [ -671997.673613750957884, 3448749.203610214404762 ], [ -671217.007390661165118, 3448901.784316021483392 ], [ -670462.138568998663686, 3448650.820598876103759 ], [ -669674.890247053699568, 3448659.364979112986475 ], [ -669159.258699658908881, 3449257.24333416717127 ], [ -668371.479717706912197, 3449330.24055155320093 ], [ -667579.772604876547121, 3449412.027282613329589 ], [ -666079.271139714517631, 3449954.273979967460036 ], [ -665305.824096902273595, 3450149.595816468819976 ], [ -664537.52580321021378, 3450359.570093892514706 ], [ -663795.661881061969325, 3450655.004786286037415 ], [ -663037.502121299505234, 3450892.089826945681125 ], [ -662247.122048120014369, 3451001.966109007131308 ], [ -661461.306853298796341, 3451135.527829307597131 ], [ -660695.768837693147361, 3451357.971053453627974 ], [ -659921.73770152637735, 3451549.407300485298038 ], [ -659136.612687545013614, 3451689.56783096678555 ], [ -658340.44667251734063, 3451724.485971613321453 ], [ -657551.552825860213488, 3451611.184982473030686 ], [ -656754.590653825551271, 3451639.754306237678975 ], [ -655963.255125455441885, 3451729.61379334051162 ], [ -655167.513905598782003, 3451637.068280135281384 ], [ -654408.080094272387214, 3451642.196195172611624 ], [ -653801.73284667043481, 3452170.373387615662068 ], [ -653280.103071150835603, 3452786.241094268858433 ], [ -652597.584126146859489, 3453183.32275306712836 ], [ -651807.5756374275079, 3453265.866648320108652 ], [ -651008.968052005162463, 3453255.85395485535264 ], [ -650210.997214069124311, 3453228.746445366181433 ], [ -649428.579378781840205, 3453377.228281695395708 ], [ -648634.642759203212336, 3453452.446720080450177 ], [ -647841.237133573973551, 3453514.72223837627098 ], [ -647085.04127226700075, 3453772.130133078899235 ], [ -646306.710643417318352, 3453949.925454523414373 ], [ -645511.765357924741693, 3454049.570140223484486 ], [ -644765.283680656226352, 3453849.304820227902383 ], [ -644076.447911147610284, 3453428.513666898943484 ], [ -643296.631055769394152, 3453332.292790364939719 ], [ -642503.702990761143155, 3453248.527629920747131 ], [ -641744.375600862549618, 3453005.538245805539191 ], [ -641017.905271861003712, 3452671.465717521030456 ], [ -640231.453106910455972, 3452548.388685422949493 ], [ -639489.058413436752744, 3452257.550539983902127 ], [ -638823.366411339724436, 3451818.741354518104345 ], [ -638083.678785241674632, 3451527.430858597625047 ], [ -637456.948270963970572, 3451022.232134697027504 ], [ -636981.924070055480115, 3450402.297701720148325 ], [ -636886.324561155517586, 3449598.795786796137691 ], [ -637106.611918501323089, 3448836.845847379881889 ], [ -637559.129656076082028, 3448173.563273475505412 ], [ -638049.600660848314874, 3447540.828242552001029 ], [ -638571.442499988945201, 3446934.485900250729173 ], [ -639020.297826322144829, 3446272.521489811129868 ], [ -639310.864517781301402, 3445527.364018267951906 ], [ -639520.429359142435715, 3444754.183320870157331 ], [ -639757.11886420531664, 3443989.102270289324224 ], [ -640042.643005379824899, 3443241.147927175741643 ], [ -640151.592281574034132, 3442479.694522765930742 ], [ -639876.764162366394885, 3441709.013754067476839 ], [ -639174.711095754988492, 3441390.116530100814998 ], [ -638298.896764291683212, 3441553.10209893854335 ], [ -637601.647801625425927, 3441723.409383927471936 ], [ -636811.586102195433341, 3441822.715910658240318 ], [ -636205.15926116402261, 3441888.473202239722013 ], [ -635313.101857524132356, 3442303.886810524854809 ], [ -634749.644117295043543, 3442846.323598980437964 ], [ -634193.352569288341329, 3443420.994658424053341 ], [ -633779.159349409979768, 3444104.532812366262078 ], [ -633144.944380485103466, 3444430.818253775127232 ], [ -632686.773505208780989, 3443952.374755177646875 ], [ -631961.178926631109789, 3443323.628352639265358 ], [ -631550.542253164458089, 3442620.854551600292325 ], [ -630915.000244595110416, 3442198.476709118112922 ], [ -630487.855224601225927, 3441616.540190390776843 ], [ -630212.947400626842864, 3440847.008698713500053 ], [ -629578.201549052027985, 3440382.969766377005726 ], [ -628919.515995701425709, 3439953.590047074016184 ], [ -628181.898689492722042, 3439902.480102641507983 ], [ -627341.303729846607894, 3439726.463724732398987 ], [ -626566.104740913258865, 3439559.841731409076601 ], [ -625955.723386291298084, 3439063.160211597569287 ], [ -625419.390198471141048, 3438462.825530991889536 ], [ -624690.053615222335793, 3438192.793888859450817 ], [ -623929.823535564239137, 3437947.160137592814863 ], [ -623143.796277115587145, 3437868.616764372680336 ], [ -622393.970117068849504, 3438135.958554023876786 ], [ -621601.466735925874673, 3438161.327007841318846 ], [ -620814.218525299220346, 3438038.387971800751984 ], [ -620133.079608020139858, 3437650.063980137463659 ], [ -619962.954260385246016, 3436853.695130506064743 ], [ -619421.153727090335451, 3436378.092110058292747 ], [ -618624.987712062778883, 3436646.622683004941791 ], [ -618097.572217325330712, 3437201.993733583018184 ], [ -618070.07608045625966, 3438011.06833021575585 ], [ -617814.702266777167097, 3438720.666180308442563 ], [ -617370.093333740835078, 3439431.034494753461331 ], [ -617773.192564492463134, 3440040.928543825633824 ], [ -618186.748814248014241, 3440745.514011018443853 ], [ -617546.53550588642247, 3441122.463624324183911 ], [ -616698.562290390604176, 3441061.955721548758447 ], [ -616269.93104387447238, 3441543.098473050165921 ], [ -615863.75316128693521, 3442234.589410549029708 ], [ -615379.067987050744705, 3442871.701282450929284 ], [ -614915.084675882826559, 3443523.242407942190766 ], [ -614476.261796019272879, 3444192.387315193191171 ], [ -614026.398137746029533, 3444854.245265301316977 ], [ -612615.657251542783342, 3446797.06195633392781 ], [ -612184.259715688065626, 3447474.138157874811441 ], [ -612034.736154888174497, 3447708.822758089751005 ], [ -606005.924449522979558, 3456464.965685020200908 ], [ -598188.964275149977766, 3467528.222564555238932 ], [ -596549.549332492868416, 3469810.189160004258156 ], [ -595202.718190480140038, 3471685.602343092206866 ], [ -593729.978359168278985, 3473749.875724900513887 ], [ -592681.357995413127355, 3475623.662444696761668 ], [ -592202.432046357775107, 3477347.371537022758275 ], [ -592430.071165509754792, 3478717.965744207147509 ], [ -592774.515711288084276, 3479805.93215274810791 ], [ -592888.746540723834187, 3480541.083866091445088 ], [ -593146.986719981185161, 3481438.055316105019301 ], [ -592944.163386989850551, 3482518.90974197210744 ], [ -592500.191535401041619, 3483805.480148645117879 ], [ -591750.259399199858308, 3485026.32391080679372 ], [ -590482.758199867093936, 3486867.968947724439204 ], [ -590467.285013290820643, 3486892.94381431536749 ], [ -589470.790446377359331, 3488496.339021801017225 ], [ -589447.408121288870461, 3488533.928524193819612 ], [ -588318.18376328330487, 3490330.156017714180052 ], [ -586918.775646526599303, 3491461.851164360996336 ], [ -585670.542960489285178, 3492052.047757522203028 ], [ -584620.701755880727433, 3492662.480981580913067 ], [ -584106.609757049940526, 3493435.362570624798536 ], [ -583278.064241727348417, 3494995.231366669759154 ], [ -582218.084280539769679, 3495694.502302228007466 ], [ -580978.742793554440141, 3496621.940968765411526 ], [ -579765.623280543019064, 3497637.667212608736008 ], [ -578530.846894558868371, 3498580.196578352246433 ], [ -577215.068435820634477, 3499654.902028199285269 ], [ -575712.337686534272507, 3500759.602272124961019 ], [ -573934.805312070879154, 3501915.632532940246165 ], [ -572712.078147754538804, 3502814.103933339938521 ], [ -571918.566212034784257, 3503638.841265568509698 ], [ -571114.384971028426662, 3503705.283549253828824 ], [ -570281.964424226200208, 3503874.700393200386316 ], [ -569693.187065827660263, 3504337.850210009142756 ], [ -569223.842607982573099, 3504707.107216977979988 ], [ -567953.926332298549823, 3505833.824147667270154 ], [ -566272.683090970735066, 3507270.133981607854366 ], [ -563825.424273429089226, 3509340.401935878675431 ], [ -561530.561727459775284, 3511374.698438439518213 ], [ -556328.385072321863845, 3515782.188958014827222 ], [ -553432.748711698339321, 3518266.936618008650839 ], [ -550928.055827380740084, 3520353.724122803192586 ], [ -549417.681436588405631, 3521555.482464122120291 ], [ -548281.105205439263955, 3522116.014413773082197 ], [ -545661.544632893987, 3523421.808922363445163 ], [ -542271.509470587479882, 3525074.256105245091021 ], [ -536530.451413164148107, 3527937.386296262033284 ], [ -533810.142582624102943, 3529338.853612090460956 ], [ -528333.854260512394831, 3532062.392991512548178 ], [ -523077.58779875288019, 3534771.525764736812562 ], [ -517300.328420290898066, 3537666.101845404598862 ], [ -512778.759577132819686, 3539867.21919538686052 ], [ -512010.885967293346766, 3540701.496634569950402 ], [ -509074.483407266729046, 3543591.281201888341457 ], [ -507123.958985635312274, 3545511.283858868293464 ], [ -499928.68666390539147, 3552725.094076219014823 ], [ -489996.013517045823392, 3562555.194283677265048 ], [ -480918.585420078597963, 3571651.995227251667529 ], [ -478143.390514604107011, 3572614.347618544008583 ], [ -476222.910110339638777, 3573332.709052802994847 ], [ -473832.395178708364256, 3574310.476266407873482 ], [ -470818.759155960578937, 3575436.013724457472563 ], [ -467421.770199033082463, 3576717.745569727383554 ], [ -464001.611314605630469, 3577937.213861221447587 ], [ -461472.04987868986791, 3578947.896144154015929 ], [ -460364.19073658779962, 3579051.238085133954883 ], [ -458255.006652232958004, 3579117.831101560499519 ], [ -456375.982739542378113, 3579221.667511174455285 ], [ -454447.964892556716222, 3579372.490997341927141 ], [ -452741.72062943916535, 3579473.986589733976871 ], [ -451003.680625444976613, 3579540.82858627801761 ], [ -449064.72786487324629, 3579673.773438699077815 ], [ -447167.284806586103514, 3579807.213179983198643 ], [ -445304.630425024020951, 3579956.018046509008855 ], [ -445253.032727849320509, 3579960.140116979833692 ], [ -444699.987812791659962, 3579925.608006466180086 ], [ -443988.8844715814339, 3580073.849921685177833 ], [ -441748.908111852244474, 3580658.942025807220489 ], [ -438483.242090293613728, 3581607.678030118346214 ], [ -434834.966414781054482, 3582623.343943879939616 ], [ -431374.837487944983877, 3583549.282877197023481 ], [ -427803.688965025183279, 3584453.576522625982761 ], [ -426202.14725085021928, 3585135.849451786372811 ], [ -423171.817200672987383, 3586388.466020846739411 ], [ -419707.202766271599103, 3587856.674573795869946 ], [ -416844.078710089495871, 3588916.784290103241801 ], [ -413179.772582619334571, 3590377.636865130160004 ], [ -410266.46013401390519, 3591660.487589217722416 ], [ -409312.961161946121138, 3592064.815508810803294 ], [ -408386.693163708667271, 3592541.829246533103287 ], [ -407909.465838764270302, 3592749.972922521177679 ], [ -406937.972404971544165, 3593125.529380364809185 ], [ -406453.844941383751575, 3593317.632825878914446 ], [ -405978.502032777294517, 3593530.727943127509207 ], [ -405529.567113014694769, 3593796.669738835189492 ], [ -405023.888529971882235, 3594382.033269902225584 ], [ -404563.753422272624448, 3595009.900682092644274 ], [ -404175.357937788998242, 3595337.367119433358312 ], [ -404235.313168376218528, 3596128.656966069713235 ], [ -403964.346499655512162, 3597117.46882043313235 ], [ -403537.612916495709214, 3597745.473539134021848 ], [ -403080.875168343016412, 3597523.908567387610674 ], [ -402597.729320015234407, 3597656.056592286098748 ], [ -402480.008401909610257, 3598363.9997803485021 ], [ -402733.33026342355879, 3598688.687034722883254 ], [ -403079.20303826907184, 3599132.012642572168261 ], [ -403063.995348673895933, 3600155.650801102630794 ], [ -403170.303681273129769, 3601194.197217528242618 ], [ -403428.398143314116169, 3601922.355468437075615 ], [ -403772.603797447634861, 3602324.380165268201381 ], [ -404215.646576570987236, 3602571.235378462821245 ], [ -404640.217110705329105, 3602862.822506324853748 ], [ -405087.400306964584161, 3603128.963237662333995 ], [ -405562.849303056544159, 3603342.47302259830758 ], [ -406244.505521999613848, 3603223.361778327263892 ], [ -406416.918596493487712, 3602839.694781899452209 ], [ -406581.704393438063562, 3602473.011929182335734 ], [ -407113.645025478093885, 3602691.575960899237543 ], [ -407148.930743712524418, 3603481.108142632059753 ], [ -407223.058726574236061, 3604515.359562225174159 ], [ -407392.814493516518269, 3604909.698116510175169 ], [ -407610.00794825295452, 3605414.25184040190652 ], [ -407716.061025257280562, 3605985.627394917421043 ], [ -407789.064347320003435, 3606378.958628787659109 ], [ -407400.389896181237418, 3606952.924285221844912 ], [ -406989.726728671288583, 3607277.738096529617906 ], [ -406660.331019577977713, 3607672.767030961811543 ], [ -406547.679257118783426, 3608446.174406751990318 ], [ -406606.505151468270924, 3609100.396786058321595 ], [ -406641.367744325485546, 3609488.131810280028731 ], [ -406626.173079105850775, 3610271.913283113855869 ], [ -406404.46595297328895, 3611559.202234056312591 ], [ -406269.772263419581577, 3612597.339823953807354 ], [ -406090.393371800251771, 3613047.090637270361185 ], [ -405889.232595400302671, 3613551.474009738769382 ], [ -405365.917554106621537, 3614006.061247225850821 ], [ -404919.96866836224217, 3614547.358370841946453 ], [ -404694.094631062995177, 3615255.396513358689845 ], [ -404366.994441186659969, 3615818.145366681274027 ], [ -404523.846498018421698, 3616437.659894411452115 ], [ -403932.803120066062547, 3616108.063661502208561 ], [ -403464.918172057019547, 3615674.178163155447692 ], [ -403321.651879831100814, 3615128.997852423693985 ], [ -402820.830166177183855, 3615003.342654829379171 ], [ -402379.538999251613859, 3615269.24828989431262 ], [ -402171.725658763665706, 3616010.722526021767408 ], [ -402104.376031006802805, 3616328.308280765544623 ], [ -401985.649341288662981, 3616888.180516314692795 ], [ -401334.819827051716857, 3616986.270691100973636 ], [ -401247.753291074128356, 3617763.721183394081891 ], [ -401107.393216806580313, 3618489.014344254042953 ], [ -400934.454380343027879, 3619109.932714526541531 ], [ -400378.587293558521196, 3618809.428492993116379 ], [ -399910.383971818955615, 3619007.619431482627988 ], [ -399520.647978016757406, 3619703.910447880625725 ], [ -399093.277424734085798, 3620362.131836262065917 ], [ -398736.067093716585077, 3620995.146266147959977 ], [ -399044.761162384587806, 3621680.659326157532632 ], [ -398957.309794934699312, 3622305.820842578075826 ], [ -398566.72844092460582, 3622368.439393966458738 ], [ -398064.243948030052707, 3622448.998770551290363 ], [ -398031.187625231978018, 3623381.117982860654593 ], [ -397653.421482317498885, 3624152.904517384711653 ], [ -397098.669260238180868, 3623744.356683348771185 ], [ -396677.09767318557715, 3623461.685619961004704 ], [ -396154.220785405894276, 3623496.338495871983469 ], [ -395878.436988358269446, 3624133.473111543804407 ], [ -395914.333071366534568, 3624982.294183944351971 ], [ -395690.400112015253399, 3624961.243937821593136 ], [ -395334.977572008036077, 3624927.833445694297552 ], [ -395620.253582048229873, 3625462.949070448055863 ], [ -395774.517015442892443, 3625752.323605893179774 ], [ -395505.567567206628155, 3626364.444898985791951 ], [ -395018.547021379636135, 3626556.81446712044999 ], [ -394499.358927573019173, 3626643.71592950168997 ], [ -394024.971585475432221, 3627091.231258742045611 ], [ -394077.442472740251105, 3627850.992073500528932 ], [ -394740.673089580261149, 3628058.984113719779998 ], [ -394713.609540252655279, 3628199.336691208183765 ], [ -394583.970423488179222, 3628871.672718720510602 ], [ -393929.345805175136775, 3629200.031648979056627 ], [ -393969.369058294454589, 3629761.432031212374568 ], [ -394139.57411068334477, 3630421.796988994814456 ], [ -393861.826415193034336, 3631381.88453261135146 ], [ -394000.806461722997483, 3632345.018448036629707 ], [ -393651.319365666247904, 3633220.040578173473477 ], [ -393612.530200412438717, 3634211.824591256678104 ], [ -393916.486845520266797, 3635014.617776644416153 ], [ -394163.619899944460485, 3635911.50824300898239 ], [ -394198.467798613477498, 3636696.46480739954859 ], [ -394163.394477973983157, 3637462.762245690915734 ], [ -394625.93119235674385, 3637615.779645754024386 ], [ -394884.828490573214367, 3637146.511652658227831 ], [ -394979.155395053559914, 3637328.194171821698546 ], [ -395263.451904881629162, 3637875.792533735278994 ], [ -395613.667475695780013, 3637925.041443679016083 ], [ -395511.035024005977903, 3638050.681476985104382 ], [ -395334.35384891636204, 3638267.022768885362893 ], [ -395288.173292118997779, 3638785.464773722924292 ], [ -395175.123451156367082, 3639021.0260068946518 ], [ -395098.684141693694983, 3639641.766065908130258 ], [ -395054.496203774004243, 3640000.617168404627591 ], [ -395132.53228001500247, 3640722.813458800781518 ], [ -395361.281254497473128, 3640730.257025017403066 ], [ -395582.346289801469538, 3640737.450566322077066 ], [ -395843.180435832007788, 3640745.938313643448055 ], [ -395864.471179005398881, 3640724.499855856411159 ], [ -396092.390600638696924, 3640495.001227393280715 ], [ -396273.228779476485215, 3640312.913131882436574 ], [ -396197.338275102141779, 3640007.285176438745111 ], [ -396032.558266773179639, 3639343.706319361925125 ], [ -396574.358800055342726, 3638854.360579552594572 ], [ -396865.337262316315901, 3639433.05206137849018 ], [ -397467.185866658983286, 3639153.120711888652295 ], [ -397699.372164373868145, 3638405.387559517752379 ], [ -398085.396877669554669, 3638897.235075493343174 ], [ -398692.102574018761516, 3639225.116523983888328 ], [ -399020.821683245652821, 3639776.810086826793849 ], [ -399291.774882304831408, 3640243.513188328593969 ], [ -399725.143552400229964, 3640533.755604961421341 ], [ -399789.688930874923244, 3641164.713102343026549 ], [ -399830.828384531836491, 3641566.885304149705917 ], [ -399826.904038526816294, 3641860.579077600501478 ], [ -399819.416021649376489, 3642420.992638098075986 ], [ -400432.677211492089555, 3642306.835556358098984 ], [ -401122.202827898261603, 3642423.967535838950425 ], [ -401311.663146570324898, 3643387.465794233605266 ], [ -401386.25499776750803, 3643743.894483476411551 ], [ -401519.277225169818848, 3644379.552220951300114 ], [ -401480.321080686582718, 3644656.082258474081755 ], [ -401398.039724338334054, 3645240.176856035832316 ], [ -401828.183691426529549, 3645849.791417905129492 ], [ -402414.054943203984294, 3645558.928392074536532 ], [ -402516.47521994181443, 3646416.287660979665816 ], [ -402425.396729528962169, 3646957.076118695084006 ], [ -402343.045464545662981, 3647446.065210085827857 ], [ -402615.498359788733069, 3648223.570200727786869 ], [ -403162.567199293873273, 3647846.591829344630241 ], [ -403634.074928813672159, 3647262.670495968312025 ], [ -404113.239546858007088, 3646687.828070823103189 ], [ -404309.398293250531424, 3646866.753086853772402 ], [ -404827.719987453892827, 3647339.549632435198873 ], [ -404972.101033060287591, 3648341.626414314843714 ], [ -404871.226761411933694, 3649168.546473185997456 ], [ -404833.034825219132472, 3649926.31610328797251 ], [ -404681.150623311754316, 3650342.222915693186224 ], [ -404503.028528734284919, 3650829.995381961576641 ], [ -404671.614550454367418, 3651581.41666774591431 ], [ -405004.639942857204005, 3652347.459698089864105 ], [ -405183.795861553226132, 3651557.104680164251477 ], [ -405066.074832110316493, 3650930.711404676549137 ], [ -405660.014297946938314, 3650765.249625127296895 ], [ -406227.138679557887372, 3650326.796436679549515 ], [ -405945.971026669256389, 3650036.884545885026455 ], [ -405712.073971008008812, 3649795.71834119129926 ], [ -405598.519741444964893, 3648798.85632621217519 ], [ -405539.360667852219194, 3648015.238682887051255 ], [ -405561.734438351413701, 3647240.10280179977417 ], [ -405258.056425937451422, 3646550.817175036296248 ], [ -405011.374438097176608, 3646075.196485043969005 ], [ -404829.96262991509866, 3645433.335900134872645 ], [ -405424.466262938221917, 3644828.824996359180659 ], [ -406077.923362433270086, 3644934.822977480944246 ], [ -406550.081086457881611, 3645248.793407490942627 ], [ -406631.59845713339746, 3645252.07552724936977 ], [ -407022.743199089134578, 3645267.824046162888408 ], [ -407385.580396395234857, 3645941.043975193984807 ], [ -407862.926944531616755, 3645767.466252034995705 ], [ -407750.158185284759384, 3645260.337185640353709 ], [ -407653.179316576162819, 3644824.233150337357074 ], [ -407669.172365175443701, 3644784.747608824167401 ], [ -407886.972733773756772, 3644247.029613143298775 ], [ -407309.329105557349976, 3643904.634789798408747 ], [ -406883.232492526818532, 3643482.047191098798066 ], [ -407596.76415711309528, 3643405.315807747654617 ], [ -408108.945245575276203, 3643515.144624931737781 ], [ -408596.523279407701921, 3643711.747531087137759 ], [ -409101.910094069084153, 3643606.379804474301636 ], [ -409467.321443292312324, 3644197.938533290755004 ], [ -409016.143992380588315, 3645109.380888712592423 ], [ -408942.535760217346251, 3646094.318233811296523 ], [ -409018.373387829517014, 3647106.681607109494507 ], [ -408551.11227424943354, 3648033.343614138197154 ], [ -408548.13982121105073, 3649036.964914831332862 ], [ -408789.155313012830447, 3650049.349402061663568 ], [ -408708.458812269498594, 3650793.986341844778508 ], [ -408676.397351756226271, 3651089.849581136368215 ], [ -408642.269690188230015, 3651383.706901721656322 ], [ -408558.172156355984043, 3652107.860689101275057 ], [ -408894.829124517447781, 3652693.488067067228258 ], [ -409062.77583840477746, 3652985.648184577934444 ], [ -409332.086073091893923, 3653540.17941563250497 ], [ -409520.973430354788434, 3653929.128446155693382 ], [ -410158.5457951213466, 3654153.316367740277201 ], [ -410631.101931585464627, 3654281.10677391756326 ], [ -411134.259239485836588, 3654396.243072475772351 ], [ -411467.497586087847594, 3653927.321210095658898 ], [ -411718.166481495951302, 3654568.20517792692408 ], [ -411769.025462527235504, 3654889.536157317459583 ], [ -411853.510388191090897, 3655423.337120088282973 ], [ -412189.16748468024889, 3655176.283661792520434 ], [ -412423.138790428580251, 3655004.076803406234831 ], [ -413050.466533773636911, 3654584.830881148576736 ], [ -413221.958773439400829, 3653983.345001275185496 ], [ -412765.552868697617669, 3653364.768374637234956 ], [ -412648.661169467261061, 3652803.597684471867979 ], [ -412858.977528704330325, 3652684.799194713588804 ], [ -413312.900229578313883, 3652428.402234150562435 ], [ -413827.523222383810207, 3652308.570273344870657 ], [ -414252.836814120179042, 3651730.019610572140664 ], [ -414986.473224019398913, 3651730.515822541434318 ], [ -415527.995013308362104, 3651448.941050395835191 ], [ -415089.90194402821362, 3650926.49433235405013 ], [ -414506.353039453446399, 3650490.394750521052629 ], [ -414493.786070816626307, 3649501.909902081824839 ], [ -414698.616048957628664, 3649168.573911988642067 ], [ -414997.062824533088133, 3648682.903890592511743 ], [ -415157.023255513166077, 3647910.826213541440666 ], [ -415687.344856865296606, 3647816.707073010038584 ], [ -416019.965380290464964, 3648502.839188331738114 ], [ -416354.377479599264916, 3648912.08124377951026 ], [ -416849.625760318245739, 3649061.644111928530037 ], [ -417505.418231416901108, 3648843.377174471970648 ], [ -417954.698018965951633, 3649179.708083661738783 ], [ -418468.445150022918824, 3649028.903591122478247 ], [ -418907.267918555531651, 3648740.693824033718556 ], [ -419397.738923327764496, 3648563.356548400595784 ], [ -419823.636385794612579, 3648262.260673083364964 ], [ -420197.076541976479348, 3647522.263511281460524 ], [ -420416.421579825575463, 3648555.419717670883983 ], [ -420310.708027271728497, 3649102.654801883734763 ], [ -420220.671042004367337, 3649568.757201977074146 ], [ -420130.446260755124968, 3650347.016057835426182 ], [ -420325.081933883891907, 3651108.579030909109861 ], [ -420236.75470466632396, 3652136.763776115141809 ], [ -419985.229205767798703, 3652832.440354156307876 ], [ -419607.011884976411238, 3653250.137983809225261 ], [ -419269.388552321936004, 3653651.10132604604587 ], [ -418952.745270137384068, 3654371.677178942598403 ], [ -418734.24336609832244, 3654805.561974298208952 ], [ -418481.131675781391095, 3655308.191094708628953 ], [ -418562.677655573526863, 3656222.316188109107316 ], [ -419187.112539316003677, 3656661.969088570680469 ], [ -419156.617121410265099, 3657441.668678869027644 ], [ -419235.334806892380584, 3658164.142303057014942 ], [ -419268.618778033589479, 3658469.637323421426117 ], [ -419487.353451127826702, 3659495.209431810770184 ], [ -419657.027954827994108, 3659832.041616502217948 ], [ -419932.970716110547073, 3660379.853939699009061 ], [ -419994.99615526892012, 3661567.962084891274571 ], [ -420399.922806774498895, 3661485.658139643725008 ], [ -420756.008922253618948, 3661413.281707631424069 ], [ -421191.832743717182893, 3662255.853347466792911 ], [ -421606.769021203857847, 3662924.787352896295488 ], [ -421856.888109639869072, 3663407.266889162827283 ], [ -421267.911489346588496, 3663796.641407559160143 ], [ -421015.062179072585423, 3664040.721418964676559 ], [ -420653.588645515788812, 3664389.666583534795791 ], [ -421023.88369212631369, 3665055.736423309426755 ], [ -420466.1521151845227, 3665355.877025991678238 ], [ -419987.285944690054748, 3665876.32846600888297 ], [ -419603.906516454240773, 3666233.988485607784241 ], [ -419162.854352478869259, 3666510.188767405692488 ], [ -418473.83290204918012, 3666792.356566752772778 ], [ -418178.289672754646745, 3667743.851447644177824 ], [ -417926.989595832885243, 3668482.518233191687614 ], [ -417949.084733644500375, 3669194.398513568565249 ], [ -418526.117997087014373, 3669077.757184158079326 ], [ -418968.39100192830665, 3668854.166471805423498 ], [ -419505.945141926407814, 3668866.339880148880184 ], [ -419906.403429070429411, 3669442.83951012743637 ], [ -420011.995420741382986, 3670431.809140215162188 ], [ -420489.567724796885159, 3670284.719622287899256 ], [ -420898.001385545881931, 3669956.258928654715419 ], [ -421278.660388056421652, 3670509.454331821762025 ], [ -420986.381825455056969, 3671201.325048689730465 ], [ -420598.888585451291874, 3671546.218860602006316 ], [ -420263.919109455484431, 3672228.208124394994229 ], [ -419657.996434400498401, 3672680.113672433421016 ], [ -419171.639352733502164, 3672819.528124131727964 ], [ -418734.833470711251721, 3673097.864573351573199 ], [ -418543.648033897567075, 3673852.635505391750485 ], [ -418529.448787573375739, 3674898.630596951115876 ], [ -418812.862867790157907, 3675627.785620312672108 ], [ -418766.73529907327611, 3676285.516121274791658 ], [ -418458.978763163846452, 3676441.784663668833673 ], [ -417920.035912517516408, 3676715.446660351473838 ], [ -418077.352950861735735, 3677195.384207371622324 ], [ -418192.648217275040224, 3677547.135439303703606 ], [ -417937.898015375598334, 3678254.693372022826225 ], [ -417547.272801475366578, 3678926.737169846892357 ], [ -417249.380842240527272, 3679663.218120535369962 ], [ -416749.886056912713684, 3679693.802462215069681 ], [ -416218.622136063757353, 3679132.485060132108629 ], [ -416079.880090587656014, 3678415.873489459976554 ], [ -416023.25654103962006, 3678123.421638276893646 ], [ -415714.615571770293172, 3677402.446593015920371 ], [ -415273.563185152015649, 3677128.238530389033258 ], [ -414759.736571977555286, 3677033.274020134471357 ], [ -414272.476911875652149, 3677203.067131238989532 ], [ -413914.470312539022416, 3677586.166946487966925 ], [ -413324.92317985848058, 3678029.443968859966844 ], [ -413177.861672231811099, 3678767.859965307172388 ], [ -413055.973731622216292, 3679539.142210845369846 ], [ -412575.866905399423558, 3680023.269674172159284 ], [ -412154.613914745568763, 3680318.678968277294189 ], [ -411706.130395515530836, 3680088.666925776749849 ], [ -411043.941395139321685, 3680167.989459012635052 ], [ -410485.154954721569084, 3680708.341500103473663 ], [ -409965.754797281231731, 3680791.646614872850478 ], [ -409468.808003775891848, 3680929.412635223008692 ], [ -408954.861722155241296, 3681523.390404094010592 ], [ -408735.397238471137825, 3682239.136553558055311 ], [ -408504.234857450122945, 3682858.360375575721264 ], [ -407979.466762839467265, 3682234.038098921533674 ], [ -407250.992794320743997, 3682074.744960300624371 ], [ -406727.797198855609167, 3682640.673806804232299 ], [ -406287.647390659607481, 3683291.44376636762172 ], [ -405937.098529283714015, 3684158.154284754302353 ], [ -406563.829266198095866, 3684365.357976030558348 ], [ -407168.570841467997525, 3684434.136347860097885 ], [ -407729.507195229991339, 3684724.179556129965931 ], [ -407855.800715995195787, 3688505.939520044252276 ], [ -407869.601883828523569, 3697730.07372959330678 ], [ -407861.931636960769538, 3700890.523559924215078 ], [ -407633.881192293018103, 3715347.759466206189245 ], [ -405307.475155409774743, 3715924.959678479470313 ], [ -398043.436108800990041, 3717546.853284313809127 ], [ -389765.704079248767812, 3719427.154013307765126 ], [ -376131.090022770338692, 3722440.532464487943798 ], [ -369296.292587464209646, 3723917.056341534946114 ], [ -363826.37396661285311, 3725123.961756439879537 ], [ -363196.43199634650955, 3725263.477263483218849 ], [ -355632.271372417220846, 3726938.538904399611056 ], [ -352565.739889883087017, 3727601.788345891982317 ], [ -348377.324901840998791, 3728451.41023343289271 ], [ -344213.561392382485792, 3729402.75467506563291 ], [ -333907.593917869438883, 3731618.505343022290617 ], [ -334049.918113228923175, 3732192.234452693723142 ], [ -333088.072405751619954, 3732615.900009474251419 ], [ -332043.273640103347134, 3732881.619422083720565 ], [ -329382.920040156750474, 3733359.129897490143776 ], [ -327825.993174139293842, 3733677.563952304888517 ], [ -326262.72343485354213, 3734019.483797432854772 ], [ -324244.069147147936746, 3734551.739482615608722 ], [ -321931.291732889600098, 3734919.661307143047452 ], [ -319390.875199466536287, 3735444.462730071041733 ], [ -316439.132034367183223, 3736247.320235235616565 ], [ -315213.273118835291825, 3736825.390800416935235 ], [ -315195.689982632407919, 3737609.602426898665726 ], [ -315048.402719080273528, 3738585.62836571643129 ], [ -315294.195598153455649, 3739234.648560858331621 ], [ -315592.751132872886956, 3739812.611882401164621 ], [ -316020.347330769000109, 3740356.867317674215883 ], [ -316624.014005025906954, 3740608.262356671039015 ], [ -317118.121038321114611, 3741002.483714033849537 ], [ -317524.033646570635028, 3741674.376518093515188 ], [ -317533.614803825854324, 3742319.93838204909116 ], [ -317326.000725226302166, 3743156.995921084657311 ], [ -317014.42693264951231, 3743933.869045955594629 ], [ -316982.538240000372753, 3744782.537524570245296 ], [ -317277.258706945111044, 3745593.765486657153815 ], [ -317376.276837404584512, 3746268.13642899505794 ], [ -317406.850067634135485, 3746476.365714233368635 ], [ -317427.371481811453123, 3746740.629022284876555 ], [ -317475.673788103216793, 3747362.662732336204499 ], [ -317501.049399985640775, 3747689.46042187185958 ], [ -317937.377498737536371, 3748432.992088642437011 ], [ -318511.053255013714079, 3749176.819443501532078 ], [ -318799.656159354955889, 3749867.548451986163855 ], [ -318908.419643309665844, 3750551.439131987281144 ], [ -319203.332470344088506, 3750907.571517284959555 ], [ -319361.481399241019972, 3751098.554401905741543 ], [ -319829.698079330089968, 3751941.473345064092427 ], [ -320203.49635031062644, 3752399.7258320171386 ], [ -320533.900836629967671, 3753075.880175874568522 ], [ -320770.842369031393901, 3753816.116233256645501 ], [ -321297.328902602603193, 3754391.024864493869245 ], [ -321493.132428516866639, 3754992.231673923321068 ], [ -321711.946583709563129, 3755567.196515107061714 ], [ -321921.08685252367286, 3756502.511364915873855 ], [ -321769.71928435767768, 3756913.166748201940209 ], [ -321582.81319140951382, 3757420.256269887089729 ], [ -321929.0622261223034, 3758363.598133826628327 ], [ -322577.4500586524955, 3759235.807950293645263 ], [ -322987.008602862420958, 3759647.334272669628263 ], [ -323325.597298144944943, 3759987.560496890451759 ], [ -323883.063489417661913, 3760890.051227889489383 ], [ -324166.252036352001596, 3761555.417190917767584 ], [ -324579.303897494508419, 3762224.700045554433018 ], [ -324999.428999080380891, 3762947.722647534217685 ], [ -325023.0899568501045, 3762993.914343110285699 ], [ -325249.401925033074804, 3763435.812327728141099 ], [ -325345.691392136272043, 3763895.00309026800096 ], [ -325418.041157463856507, 3764048.988523749168962 ], [ -325599.486138845153619, 3764826.958310775458813 ], [ -325569.535073257167824, 3764984.71183104487136 ], [ -325809.329612893692683, 3765414.412568354047835 ], [ -325930.222245932440273, 3765538.11729005118832 ], [ -326051.114878964843228, 3765661.823152485769242 ], [ -326325.306250711670145, 3765888.2031987500377 ], [ -326727.157812605379149, 3766549.838513144291937 ], [ -327106.702173066558316, 3767121.598648277577013 ], [ -327223.706638925534207, 3767994.443230499979109 ], [ -326986.75174819357926, 3768822.514530430547893 ], [ -326894.921405930654146, 3769424.191983829252422 ], [ -326893.023742567922454, 3769485.814164277166128 ], [ -326891.126079211535398, 3769547.436660625971854 ], [ -326872.547635431517847, 3770169.191356724593788 ], [ -326719.487565731396899, 3770763.420424424577504 ], [ -326526.218673321709502, 3771365.194790455978364 ], [ -326452.860464716737624, 3771862.270312719978392 ], [ -326448.083077451621648, 3772091.773880721535534 ], [ -326426.718084172112867, 3772923.635415472555906 ], [ -326226.110454338078853, 3773488.181736377067864 ], [ -326134.611732824123465, 3773616.229248332325369 ], [ -325948.376117171894293, 3774104.877844435628504 ], [ -326155.034740580827929, 3774967.453392112161964 ], [ -326095.358142674784176, 3775938.363769271876663 ], [ -325632.67515447770711, 3776446.656862577889115 ], [ -325207.202375863445923, 3776920.882703163195401 ], [ -324934.921914516831748, 3777177.052592148538679 ], [ -324878.814998729154468, 3777369.05842072609812 ], [ -324822.708194253500551, 3777561.067190053407103 ], [ -324633.234517244563904, 3777937.573650599922985 ], [ -324597.510868132696487, 3778336.653403182979673 ], [ -324626.211815847142134, 3778367.415765041485429 ], [ -324514.571502278791741, 3778916.245124245528132 ], [ -324010.06043804762885, 3779089.726820735260844 ], [ -323474.284626920940354, 3779157.415493423119187 ], [ -322933.784639246179722, 3778464.25136746885255 ], [ -322817.40400779718766, 3778291.029219631571323 ], [ -322310.902551079983823, 3778020.296240891329944 ], [ -321415.448010536434595, 3777884.932107992935926 ], [ -320603.357631036662497, 3777832.290796356275678 ], [ -319749.306593986635562, 3777884.430722290184349 ], [ -319034.434642730979249, 3777960.134157106280327 ], [ -318189.964651611575391, 3778103.520927784964442 ], [ -317340.372405446891207, 3778170.702638689428568 ], [ -316603.657455030130222, 3778246.4078797432594 ], [ -315758.523999750788789, 3778253.928368865977973 ], [ -314758.419787026767153, 3778389.798071665223688 ], [ -313781.379303005174734, 3778396.81737497728318 ], [ -312926.001226304331794, 3778268.969361257273704 ], [ -312170.230271492851898, 3778133.101026766002178 ], [ -311437.97400064318208, 3778042.857034355867654 ], [ -310654.733402999641839, 3778042.857034355867654 ], [ -309682.151709863392171, 3778050.878657114226371 ], [ -308634.168204912799411, 3778087.978880011476576 ], [ -307529.440814051602501, 3778118.561468741390854 ], [ -306832.351149581605569, 3777930.053359762765467 ], [ -306303.582121156330686, 3777854.350114731583744 ], [ -305822.028809479437768, 3777907.492646960075945 ], [ -305274.230159384547733, 3777847.331391616724432 ], [ -304452.691426763369236, 3777809.730530222412199 ], [ -303622.234778429148719, 3777816.749231344088912 ], [ -302203.69106384832412, 3778103.520927784964442 ], [ -301264.816021976235788, 3778299.051008312497288 ], [ -300146.181375802611001, 3778441.940420379396528 ], [ -299122.482551732449792, 3778547.729906397406012 ], [ -298305.402610002900474, 3778577.812252404633909 ], [ -297699.267426041013096, 3778628.952453152276576 ], [ -297603.362790416518692, 3778637.22524207085371 ], [ -296874.835833817254752, 3778675.580627854447812 ], [ -296384.364829045021906, 3778735.746299341786653 ], [ -295714.001415837439708, 3778735.746299341786653 ], [ -294773.905644430313259, 3778629.955286822281778 ], [ -293922.575033092754893, 3778554.999811826273799 ], [ -293855.281176393211354, 3778547.729906397406012 ], [ -293215.545651276595891, 3778480.044673685450107 ], [ -292540.166181814856827, 3778314.091925827786326 ], [ -291865.237890255462844, 3778246.4078797432594 ], [ -291052.722826884128153, 3778178.724346921779215 ], [ -290387.455286003067158, 3778133.602422853000462 ], [ -289839.550437110709026, 3778080.960020232480019 ], [ -289315.346398361900356, 3778087.978880011476576 ], [ -288805.73968445986975, 3778291.530622318852693 ], [ -288598.1254945420078, 3778389.547565405722708 ], [ -288390.511304624087643, 3778487.565177816897631 ], [ -287852.824694428185467, 3778954.350621190853417 ], [ -287388.416699414025061, 3779398.59110571583733 ], [ -286963.713472445146181, 3779752.591188240796328 ], [ -286280.000291936856229, 3780332.251199664082378 ], [ -285494.185097128211055, 3780972.617767137475312 ], [ -284871.700976140913554, 3781454.544927192851901 ], [ -284368.410864093981218, 3781763.469861721619964 ], [ -283863.926516542851459, 3782064.880135589744896 ], [ -283377.224344446323812, 3782336.205742565914989 ], [ -282225.413929683971219, 3782479.143396647647023 ], [ -281047.32821889949264, 3782689.791238896083087 ], [ -279961.179271805740427, 3782915.990937554743141 ], [ -278751.802208764071111, 3783096.552697515115142 ], [ -277467.288496934110299, 3783231.975671079475433 ], [ -276598.533824934216682, 3783247.524387182667851 ], [ -275625.288778956397437, 3783533.924363958183676 ], [ -274928.756491173466202, 3783918.14231717120856 ], [ -274144.958405524608679, 3784249.201708059757948 ], [ -273351.472963835578412, 3784339.99381617968902 ], [ -272335.444386633054819, 3784317.421302739996463 ], [ -271055.94695368752582, 3784226.629365628119558 ], [ -269733.135218210809398, 3784091.195020485203713 ], [ -268557.040011243370827, 3784106.243205463979393 ], [ -268392.620789371605497, 3784110.256110583432019 ], [ -268228.201567512471229, 3784114.268885570578277 ], [ -267315.177249109197874, 3784136.33950064657256 ], [ -266025.541282214981038, 3784023.478487675078213 ], [ -265340.580655504309107, 3784000.906307442113757 ], [ -264075.096454025653657, 3784099.220821995753795 ], [ -264070.637663146655541, 3784099.220821995753795 ], [ -262927.054871939064469, 3784121.291277857031673 ], [ -261571.624521898746025, 3783940.212834015954286 ], [ -260277.450059377704747, 3783834.877263919450343 ], [ -259441.314113253494725, 3783790.235420636367053 ], [ -258791.997430894261925, 3783767.162179479841143 ], [ -258152.235411747009493, 3783797.759256048128009 ], [ -257636.741900522669312, 3783631.632833219133317 ], [ -256281.51871605325141, 3783797.257623033132404 ], [ -255558.949801249895245, 3783963.286276859696954 ], [ -254788.395729377487442, 3784355.042313629295677 ], [ -254596.759003343206132, 3784501.766186867840588 ], [ -254405.12238861451624, 3784648.491725314408541 ], [ -253929.991877602937166, 3785123.543464453425258 ], [ -253197.404097290942445, 3785372.113046013284475 ], [ -252498.655549778195564, 3784987.597429606132209 ], [ -251854.461233776266454, 3784867.203886604867876 ], [ -251392.017248535790714, 3784595.820711321663111 ], [ -250650.312513252632925, 3784679.091052365489304 ], [ -249870.840636985580204, 3784603.846850827336311 ], [ -249403.964466208737576, 3784347.518128281924874 ], [ -249242.663748546707211, 3784317.672064366750419 ], [ -248303.801953686779598, 3784143.863553369883448 ], [ -246579.138433673360851, 3783367.901658338494599 ], [ -245597.506465938262409, 3783036.365141966380179 ], [ -244975.022344957280438, 3782719.883977289777249 ], [ -244349.963960740773473, 3782434.005026714410633 ], [ -243708.98110074645956, 3782057.35738785052672 ], [ -242585.091284050169634, 3781944.014130846131593 ], [ -241621.400901277898811, 3781997.175049896817654 ], [ -240412.13014834569185, 3782208.31598951574415 ], [ -239245.509899836004479, 3782200.291585585102439 ], [ -238253.765892189287115, 3782336.205742565914989 ], [ -237270.93957764422521, 3782501.712579598650336 ], [ -236469.757617674476933, 3782750.478380384389311 ], [ -234895.712040355952922, 3783217.430061073042452 ], [ -233921.644232022023061, 3783435.614486895035952 ], [ -233195.864195178670343, 3783782.209957564249635 ], [ -232287.03317067338503, 3784332.46964031085372 ], [ -231242.208022319042357, 3784648.491725314408541 ], [ -230393.279128989641322, 3784965.023564569652081 ], [ -229227.097033994039521, 3785488.749475629068911 ], [ -229002.231551284203306, 3785552.962475872132927 ], [ -228132.255927112710197, 3785861.993208551779389 ], [ -227221.461004145792685, 3786223.709722546394914 ], [ -226341.347068681236124, 3786540.283187239896506 ], [ -225646.062115788750816, 3786781.105642806738615 ], [ -225059.301643913262524, 3786969.752992683555931 ], [ -224877.179840028955368, 3787041.500069136731327 ], [ -224182.319570995256072, 3787195.531999364029616 ], [ -223178.871209448057925, 3786781.105642806738615 ], [ -222213.296299025940243, 3786329.065903221722692 ], [ -222024.643937216111226, 3786333.305894551798701 ], [ -221984.618902965768939, 3786317.777767127845436 ], [ -221088.802796736854361, 3786005.223723089788109 ], [ -220567.10032958019292, 3785598.112595704849809 ], [ -220191.682916618825402, 3785116.018928032834083 ], [ -219908.202489972056355, 3784407.71213771449402 ], [ -219512.800000137736788, 3784098.719176361802965 ], [ -219024.213411703356542, 3783925.666232894640416 ], [ -218814.376616835856112, 3783921.653521087486297 ], [ -218604.539821968413889, 3783917.640679125674069 ], [ -218172.060038022405934, 3783985.858254747930914 ], [ -217980.702055981266312, 3784019.716367023065686 ], [ -217316.801295812882017, 3783940.714210004545748 ], [ -216827.551131900312612, 3784031.002601034939289 ], [ -216373.361375569977099, 3784080.159749450162053 ], [ -216343.42366831889376, 3784083.670737856067717 ], [ -216137.66228000249248, 3783983.309156646952033 ], [ -216019.481835032434901, 3783925.666232894640416 ], [ -215653.353810925909784, 3783782.209957564249635 ], [ -215531.233657859091181, 3783741.079461473505944 ], [ -215083.725297376367962, 3783435.614486895035952 ], [ -214327.102303175954148, 3782910.072630850132555 ], [ -214077.788945210515521, 3784070.378270850516856 ], [ -213534.833917473326437, 3784663.791379086207598 ], [ -212777.131903450703248, 3784720.475669835694134 ], [ -212215.465627799538197, 3784648.491725314408541 ], [ -211058.526278804551112, 3784418.998605662491173 ], [ -210657.633845643693348, 3784094.279449147172272 ], [ -210439.863978586014127, 3783917.891695388127118 ], [ -209853.044062098342692, 3783352.854531949386001 ], [ -209260.497759699414019, 3783073.982131528668106 ], [ -208594.029192827350926, 3782633.367410132195801 ], [ -208048.393591757805552, 3782535.566499445587397 ], [ -207449.099435775715392, 3782659.698313107248396 ], [ -206765.04773270705482, 3782667.221438854467124 ], [ -206128.848827821639134, 3782644.652075749821961 ], [ -205577.148652216448681, 3782645.153660517185926 ], [ -205084.793342424643924, 3782629.605725810863078 ], [ -204596.870329481142107, 3782584.46678930381313 ], [ -204092.37284623607411, 3782584.46678930381313 ], [ -203363.958322329475777, 3782456.323533456306905 ], [ -202640.653029092558427, 3782305.612396765500307 ], [ -202114.445128189923707, 3782094.971305267885327 ], [ -201463.23089379267185, 3781815.877589322626591 ], [ -200773.107937013613991, 3781473.350991300772876 ], [ -200070.292109249974601, 3781292.813940996304154 ], [ -199178.626216250821017, 3781318.891200889833272 ], [ -198527.405414009786909, 3781048.090001780539751 ], [ -197956.562738756387262, 3780558.406554894987494 ], [ -197287.526476517872652, 3780317.709370203781873 ], [ -196700.766004642442567, 3780099.080199899151921 ], [ -196214.740655067987973, 3779911.04217377351597 ], [ -195706.341646300017601, 3779646.791076223365963 ], [ -195261.175559225870529, 3779436.698134923819453 ], [ -194771.261931147048017, 3779368.506438516080379 ], [ -194240.037973990285536, 3779428.675585482269526 ], [ -193679.327153517137049, 3779413.63327045366168 ], [ -192925.194932931131916, 3779304.326558076310903 ], [ -192182.408728803973645, 3779203.043103471864015 ], [ -191522.290159660798963, 3778833.76700316881761 ], [ -190880.643724169320194, 3778306.571398992091417 ], [ -190233.211569466307992, 3778253.928368865977973 ], [ -189645.217009718995541, 3778344.173817431554198 ], [ -189168.109353227278916, 3778419.880284533835948 ], [ -188479.592180092207855, 3778524.917391581926495 ], [ -187699.522963426803472, 3778483.554022641852498 ], [ -187148.207730624941178, 3778223.34543508477509 ], [ -186680.667873045313172, 3778080.960020232480019 ], [ -186047.321975388593273, 3777948.853898550849408 ], [ -185528.738012447953224, 3777847.331391616724432 ], [ -184961.113361052295659, 3777824.26931973034516 ], [ -184306.117158266424667, 3777802.210319510195404 ], [ -183723.079098849062575, 3777651.55778700299561 ], [ -182316.724089270108379, 3777244.730475171469152 ], [ -181565.425061044166796, 3777048.716091624461114 ], [ -180997.136945475940593, 3776853.206646422389895 ], [ -180208.389149983820971, 3776619.852388377301395 ], [ -179519.93821196036879, 3776462.19678478082642 ], [ -179061.966375916759716, 3776318.829623677302152 ], [ -178589.967727464390919, 3776221.080184759106487 ], [ -177876.303258731612004, 3776017.563951458781958 ], [ -177151.053881895291852, 3775791.494038969278336 ], [ -176492.262352402962279, 3775535.855138348415494 ], [ -175603.715074950829148, 3775359.166421498637646 ], [ -174855.541230096714571, 3775445.129652151372284 ], [ -174164.237284844537498, 3775520.316415335051715 ], [ -173564.007599865028169, 3775641.117455299943686 ], [ -172998.280500494816806, 3775799.013121291529387 ], [ -172313.226922005211236, 3775942.373679616954178 ], [ -171798.484594695735723, 3776017.563951458781958 ], [ -171181.77327986896853, 3776115.311470224522054 ], [ -170686.060462923516752, 3776191.003746087662876 ], [ -170194.368728622590424, 3776311.310478575062007 ], [ -169692.976168607448926, 3776439.137637389358133 ], [ -169097.311584629089339, 3776559.446594183333218 ], [ -168550.733775387489004, 3776702.816629477310926 ], [ -167960.682365412212675, 3776853.206515018828213 ], [ -167395.565964770765277, 3776898.825232092291117 ], [ -166652.507807124464307, 3776785.530971296597272 ], [ -166003.29721223807428, 3776356.425682718865573 ], [ -165189.0503515440505, 3775807.033113007899374 ], [ -164579.752358215337154, 3775778.855153169017285 ], [ -164289.429011158528738, 3775765.42865930730477 ], [ -163585.325884805992246, 3775731.343389712739736 ], [ -163088.392449643812142, 3775686.230272046755999 ], [ -162583.337367062398698, 3775611.042469729669392 ], [ -162072.390255160047673, 3775565.929935556836426 ], [ -161463.634387744939886, 3775528.336352267302573 ], [ -160826.161653919465607, 3775370.444246359169483 ], [ -160298.620034203951946, 3775275.960762480739504 ], [ -159763.507798561797244, 3775133.109038701280951 ], [ -158907.565554680826608, 3775076.720740867312998 ], [ -158331.607414875237737, 3774842.649323181714863 ], [ -157505.609780050377594, 3774782.503164898604155 ], [ -156839.811245213641087, 3774722.357307884842157 ], [ -156071.791695508465637, 3774681.884462518617511 ], [ -156066.737901934742695, 3774681.491344373673201 ], [ -155968.335368260450196, 3774673.837499184533954 ], [ -155238.919970823015319, 3774617.102914468385279 ], [ -154690.338410739524988, 3774587.030231176875532 ], [ -153980.794432955677621, 3774609.584835135843605 ], [ -153317.112638226011768, 3774707.822143716271967 ], [ -152755.83119404091849, 3774895.778654034249485 ], [ -152295.975053003086941, 3775083.737843987066299 ], [ -151685.885355437843828, 3775287.238640588242561 ], [ -150973.826781673647929, 3775234.608721038792282 ], [ -150415.119823354354594, 3775121.330166480038315 ], [ -149748.598157102562254, 3774711.581213563214988 ], [ -148853.083949316496728, 3774180.557314932346344 ], [ -148295.597943175176624, 3774142.968069090042263 ], [ -147586.37912962117116, 3774120.414735733065754 ], [ -146870.153533359407447, 3774120.414735733065754 ], [ -146301.865640421485296, 3774158.003779579419643 ], [ -145739.920732070138911, 3774248.218306494876742 ], [ -144576.525297898653662, 3774338.433773953001946 ], [ -143849.849250476865564, 3774406.346078244969249 ], [ -143386.959319351823069, 3774411.467403394170105 ], [ -143147.683639860944822, 3774414.114847803022712 ], [ -142015.725497799721779, 3774632.139218663331121 ], [ -141391.680009637464536, 3774498.83245707070455 ], [ -141005.092464994027978, 3774089.488385288976133 ], [ -140735.664008998661302, 3773804.168673172127455 ], [ -140143.111138736974681, 3773431.550365433096886 ], [ -139438.291448825795669, 3773311.272615829482675 ], [ -138686.945889057562454, 3773307.513984292279929 ], [ -138146.154132988711353, 3773405.239443189464509 ], [ -137671.594134351791581, 3773608.711795579176396 ], [ -137097.52029957837658, 3773826.721675372682512 ], [ -136322.626659993664362, 3773939.486796150915325 ], [ -135771.483749763545347, 3774082.82554678292945 ], [ -135313.631359535967931, 3774263.755251861643046 ], [ -134707.602485696144868, 3774316.38091599708423 ], [ -134154.017782422102755, 3774443.685593242291361 ], [ -133644.421087256807368, 3774935.500523671973497 ], [ -133296.817405654146569, 3775677.708936084061861 ], [ -132801.872025274438784, 3776168.195842392276973 ], [ -132598.532169853744563, 3776336.810938487760723 ], [ -132193.733313119912054, 3776672.488250392023474 ], [ -131693.966351630078861, 3776950.960970899555832 ], [ -131064.727809228425031, 3777120.654560247901827 ], [ -130540.470671087270603, 3777154.744038329925388 ], [ -129935.556439290652634, 3777802.210319510195404 ], [ -129450.765177588051301, 3777899.972374975215644 ], [ -128852.472897026847932, 3777798.199524865951389 ], [ -128594.829835518452455, 3778336.653403182979673 ], [ -128779.839934910211014, 3778971.393878688104451 ], [ -128796.372771725902567, 3779620.466657164972275 ], [ -128807.566169163270388, 3780264.555896575096995 ], [ -129522.570924565399764, 3780430.284688280429691 ], [ -130034.407145234799827, 3780671.235080795828253 ], [ -130385.181317269132705, 3781123.562711475417018 ], [ -130573.978283086951706, 3781658.153681738767773 ], [ -130788.267189671387314, 3782298.089497959706932 ], [ -131014.685579288430745, 3783036.365141966380179 ], [ -131183.397725999238901, 3783880.271662426646799 ], [ -131495.979961840726901, 3784614.882604161277413 ], [ -132026.586986367212376, 3785104.481025355868042 ], [ -132568.374161318875849, 3785432.061549820937216 ], [ -133177.846703623596113, 3785628.212770121637732 ], [ -134169.371745831595035, 3785861.993208551779389 ], [ -134794.045298556738999, 3786159.492995105683804 ], [ -135541.88741131828283, 3786340.354312976822257 ], [ -135764.738456533203134, 3786303.906249873805791 ], [ -136394.651261097722454, 3786200.882595491129905 ], [ -137239.180808128701756, 3785974.871541946660727 ], [ -137748.07106981574907, 3785428.298986864741892 ], [ -137904.632805410568835, 3785394.436893921811134 ], [ -138383.015960636083037, 3785290.969995360821486 ], [ -138414.533736741286702, 3785281.985637743491679 ], [ -139155.149322115437826, 3785070.870625059586018 ], [ -139893.085113391862251, 3785131.319178831763566 ], [ -140287.618198003154248, 3784859.581805678550154 ], [ -140637.258024412323721, 3784618.770229923538864 ], [ -141363.96468469305546, 3784692.306872982531786 ], [ -141380.426722301985137, 3784693.972708335146308 ], [ -142023.077259605983272, 3784750.573507821187377 ], [ -142777.932722925383132, 3784362.56650367192924 ], [ -143527.951131724519655, 3784215.593838362023234 ], [ -144101.408033899293514, 3784490.479509454686195 ], [ -144551.975008706242079, 3784757.847306900657713 ], [ -144723.241826414247043, 3785405.975207353010774 ], [ -144236.605889422993641, 3785967.346470742486417 ], [ -143578.318637212709291, 3786366.693494911771268 ], [ -143024.72736610120046, 3786656.930992319714278 ], [ -142459.279233379813377, 3787060.064084551297128 ], [ -142296.267089880508138, 3787275.367808776907623 ], [ -141971.707878703193273, 3787704.051763951312751 ], [ -141407.254942234285409, 3788160.407988557126373 ], [ -140463.934356489044148, 3788951.734832206740975 ], [ -139840.77363564161351, 3789343.654208808671683 ], [ -138952.325877812167164, 3789991.528604975435883 ], [ -138388.489873954560608, 3790213.85142599279061 ], [ -138356.880036629561801, 3790858.510591586586088 ], [ -138393.559252250357531, 3791691.424310009460896 ], [ -138372.850821332045598, 3792668.208280954044312 ], [ -138491.792802940268302, 3793451.801344453822821 ], [ -138650.651727552089142, 3794002.505688805598766 ], [ -138833.865909601765452, 3794790.308095920830965 ], [ -138850.356667645653943, 3794858.481981030199677 ], [ -138873.181616040761583, 3794952.869042592123151 ], [ -138818.295652418397367, 3795397.703155592549592 ], [ -138762.047138229885604, 3796111.346955111715943 ], [ -138756.292031883640448, 3796149.412439917679876 ], [ -138662.395822514459724, 3796770.467719334643334 ], [ -138371.855625079508172, 3797563.996371106244624 ], [ -138307.454739300825167, 3798346.780211046338081 ], [ -138211.497115614853101, 3799206.081384629011154 ], [ -138019.130690309044439, 3800210.100559412501752 ], [ -137825.888180611742428, 3800753.079582803416997 ], [ -137600.743953883385984, 3801567.845670180860907 ], [ -137564.396581673499895, 3802148.563596211839467 ], [ -137618.327090092614526, 3802714.991580469533801 ], [ -137677.273877421423094, 3803514.567643649410456 ], [ -137763.238907024438959, 3804373.110186428762972 ], [ -138179.224927306786412, 3804760.072784898802638 ], [ -138317.029328712320421, 3804888.265443459153175 ], [ -138616.037488491041586, 3805087.717461542692035 ], [ -138797.255378101777751, 3805208.5997220184654 ], [ -139078.89814258957631, 3805741.002120663877577 ], [ -139000.138712303189095, 3806424.190328947734088 ], [ -138554.256061657739338, 3806812.914078725036234 ], [ -138025.54002130657318, 3807076.760746635962278 ], [ -137801.849404492968461, 3807216.012942779809237 ], [ -137270.090779831894906, 3807547.050751920323819 ], [ -137031.933081984258024, 3807870.465593535453081 ], [ -136741.858088704640977, 3808264.39512278791517 ], [ -136663.290350579074584, 3808321.647079972550273 ], [ -136094.868206343933707, 3808735.862775985617191 ], [ -135796.697503090574173, 3809606.217261636164039 ], [ -135634.335020153725054, 3810202.659053884446621 ], [ -135398.67410717275925, 3810851.665893432218581 ], [ -135030.429342952789739, 3811523.835071159992367 ], [ -134776.063972531992476, 3812247.074909827206284 ], [ -134750.719752743083518, 3812384.927262743934989 ], [ -134608.473147058102768, 3813158.666166025679559 ], [ -134313.14220402756473, 3814103.013751422986388 ], [ -134514.074886779475491, 3814680.570768393576145 ], [ -134305.856899944250472, 3815239.7993064369075 ], [ -133823.613518745754845, 3816006.518557769246399 ], [ -133531.979829962336225, 3816298.376132871955633 ], [ -133351.953281529102242, 3816478.544440085068345 ], [ -132712.589340885344427, 3816761.71853471826762 ], [ -132072.900347323709866, 3816961.906047639902681 ], [ -131544.682016417093109, 3817305.70330386608839 ], [ -130771.40729620186903, 3817649.259294011630118 ], [ -129591.138721523355343, 3817891.464422358665615 ], [ -128292.147019350697519, 3818261.446844221558422 ], [ -127745.237589353753719, 3818246.103944800794125 ], [ -127221.033439293008996, 3818057.464739319402725 ], [ -126472.099171002788353, 3817920.892775763757527 ], [ -126470.931429548203596, 3817920.849523736163974 ], [ -126040.939524889836321, 3817946.553915236145258 ], [ -125742.344137790234527, 3817964.403604400809854 ], [ -124831.115736729057971, 3817823.555935226846486 ], [ -124626.394517738430295, 3818488.070006736088544 ], [ -124227.435592804293265, 3818881.463492284528911 ], [ -123575.876267983883736, 3818828.138127177488059 ], [ -123100.095539824615116, 3819500.254816437140107 ], [ -122765.803108968495508, 3820112.537763283587992 ], [ -122019.626335794164333, 3820543.720612710341811 ], [ -121105.593462788907345, 3821155.553816948551685 ], [ -120055.738899843563559, 3821533.437256411649287 ], [ -118791.037830977438716, 3822500.591314993798733 ], [ -118267.390946291794535, 3823559.418230355717242 ], [ -117829.23164191909018, 3824239.351686658337712 ], [ -116878.227784917908139, 3824896.674637724645436 ], [ -116588.125295730103971, 3825636.08034989098087 ], [ -116512.152748891792726, 3825829.873748078010976 ], [ -115383.207134879427031, 3827059.653988955542445 ], [ -114460.933168664239929, 3827808.256606230977923 ], [ -114422.96676577287144, 3827846.015171096194535 ], [ -113586.406024471420096, 3828677.741687203757465 ], [ -112702.417168852000032, 3829298.050457261037081 ], [ -111860.170005331470747, 3829709.929218780715019 ], [ -111685.738374501757789, 3829774.380932209547609 ], [ -111405.761172237776918, 3829865.016725739464164 ], [ -111333.683471741285757, 3829978.312539951410145 ], [ -111261.605771251124679, 3830091.609303692355752 ], [ -111172.993118865721044, 3830439.563398836180568 ], [ -111160.525669851645944, 3830534.232962444424629 ], [ -111118.107711853896035, 3830673.251261066179723 ], [ -111030.728590748753049, 3830802.63479340961203 ], [ -111045.163723078789189, 3830912.316934878006577 ], [ -110904.588245583887328, 3831373.051351252011955 ], [ -111219.289113981765695, 3831623.051129002124071 ], [ -111234.222289711324265, 3831657.734710854943842 ], [ -111409.543251944691292, 3831778.601946727838367 ], [ -111436.777008770848624, 3831795.827642697840929 ], [ -111516.524065575853456, 3831859.180788080208004 ], [ -111545.735413161775796, 3831877.996000996790826 ], [ -111646.88275151871494, 3831967.459401938598603 ], [ -111943.434535415217397, 3832134.15991422906518 ], [ -112863.160509807989001, 3832610.604251382872462 ], [ -116203.962957518393523, 3835326.601633793208748 ], [ -122964.181120729597751, 3840548.282621806953102 ], [ -130662.026768298557727, 3846621.388592119794339 ], [ -136642.7863022548554, 3851264.903387126047164 ], [ -141384.881171728804475, 3854962.560988194309175 ], [ -145964.454371400701348, 3857069.971537621691823 ], [ -151072.677376305829966, 3859541.208346049766988 ], [ -151097.529452629125444, 3859542.544349929783493 ], [ -151122.629437443712959, 3859554.636144796852022 ], [ -153191.310036399663659, 3860496.326709725894034 ], [ -153756.59909357415745, 3860754.302769924979657 ], [ -160724.975353735178942, 3872117.914590046741068 ], [ -166671.099275286396733, 3881822.894089970737696 ], [ -168624.649471991520841, 3884877.548994557932019 ], [ -169936.101832685206318, 3886928.594836680684239 ], [ -171573.704605342936702, 3889640.784223140217364 ], [ -171461.810483343084343, 3889683.460646000690758 ], [ -171038.281231723929523, 3889763.918414141051471 ], [ -170365.356802305730525, 3890068.087465348187834 ], [ -169607.037744359840872, 3890448.182937847916037 ], [ -168821.912730384763563, 3890896.620339593850076 ], [ -168042.454101117211394, 3891208.411124968435615 ], [ -167088.88889396309969, 3891162.350424039177597 ], [ -166468.275942295120331, 3890889.028200624510646 ], [ -165993.729302014020504, 3891178.041392765007913 ], [ -165296.639637531363405, 3891983.874307832214981 ], [ -164859.156933012447553, 3892865.696963814552873 ], [ -163748.939598831115291, 3895472.427288547158241 ], [ -163808.396563382179011, 3895643.065185770858079 ], [ -164322.04083522275323, 3897117.297534339595586 ], [ -164272.396683786268113, 3898136.250117065384984 ], [ -163676.386786748189479, 3899044.874360356945544 ], [ -163405.552922180329915, 3899626.856401620432734 ], [ -162852.512459893157938, 3900152.133734398521483 ], [ -162606.387960058345925, 3900859.801322355866432 ], [ -162829.024047331826296, 3901544.207907645497471 ], [ -162945.019847308460157, 3902351.261100537609309 ], [ -163262.060985347285168, 3902830.554563829675317 ], [ -163335.976681951317005, 3903553.585075514391065 ], [ -163670.269224125746405, 3904481.885967899579555 ], [ -164132.023139857279602, 3905417.862152690067887 ], [ -164581.077505435823696, 3905882.584455673582852 ], [ -165105.958255369361723, 3905989.011773014906794 ], [ -165506.483111573616043, 3906689.43035855749622 ], [ -165989.933975288586225, 3906681.321096705738455 ], [ -166596.188493754511001, 3907210.970486300066113 ], [ -167326.21514652488986, 3907267.738010928500444 ], [ -167807.118129735754337, 3907450.714424236211926 ], [ -168338.727029683213914, 3907660.050874076317996 ], [ -168844.167055067955516, 3908402.135605625342578 ], [ -169487.710931272886228, 3908607.433742015622556 ], [ -170218.626915459608426, 3909163.531305628828704 ], [ -170714.233422282995889, 3909536.643256050068885 ], [ -170958.579704583768034, 3910115.598923586308956 ], [ -171221.955608547898009, 3910884.711485247127712 ], [ -171797.250506830197992, 3911379.566172399558127 ], [ -172544.76756666120491, 3912125.944060910958797 ], [ -173166.601247864193283, 3912803.404297412373126 ], [ -173467.71813276183093, 3913253.207133548334241 ], [ -173988.803555957245408, 3913756.276300096418709 ], [ -174308.963309549435508, 3914189.886643079575151 ], [ -174895.166404725139728, 3914654.450609290972352 ], [ -175370.608610317722196, 3915241.01490067737177 ], [ -175398.323712619196158, 3916162.890612589661032 ], [ -175663.053372914087959, 3916688.912128141149879 ], [ -175861.417803701740922, 3917481.286537904292345 ], [ -176228.103315813670633, 3918273.207431377377361 ], [ -176656.800908753444673, 3919096.639231789857149 ], [ -176996.096371475461638, 3919790.233965661376715 ], [ -177496.811997662880458, 3920597.534681196790189 ], [ -178026.138514099846361, 3921200.382844836916775 ], [ -178167.401055477559566, 3921802.247416748199612 ], [ -178433.73616547419806, 3922694.190635750535876 ], [ -178807.08492834615754, 3923258.815153650008142 ], [ -178990.499040187802166, 3923536.207074794918299 ], [ -179831.790748536674073, 3924169.155014987103641 ], [ -180565.333984026656253, 3924409.501838892698288 ], [ -181067.947273564146599, 3924668.380998236592859 ], [ -181611.964066601445666, 3925309.005300633609295 ], [ -181922.542440289078513, 3925850.162421149201691 ], [ -182246.590361042006407, 3926452.267395480070263 ], [ -182502.29624076874461, 3927115.837046040222049 ], [ -182751.764889426762238, 3927711.40670217666775 ], [ -183232.216694754344644, 3928522.557632360141724 ], [ -183659.348467723320937, 3928901.114107795059681 ], [ -184155.49899291593465, 3929106.773762859869748 ], [ -184570.169884733622894, 3929579.550384146161377 ], [ -184852.031503335456364, 3930289.005834904965013 ], [ -185656.305473484215327, 3931913.755511655472219 ], [ -185813.266957382584224, 3932470.966581812128425 ], [ -185934.10637970425887, 3933321.310865780804306 ], [ -185653.080993113660952, 3934065.032076054718345 ], [ -185429.887417828460457, 3934675.691054608207196 ], [ -185132.536137343820883, 3935297.52606460172683 ], [ -185050.079786771559156, 3935469.968449169769883 ], [ -185053.620859760587336, 3936285.810687370132655 ], [ -184977.926945622457424, 3936961.629306682385504 ], [ -185139.002129976724973, 3937575.998100937344134 ], [ -185019.781515687267529, 3938140.595526801422238 ], [ -185025.295281385944691, 3939382.958835415542126 ], [ -184763.412283099954948, 3940141.046369368210435 ], [ -184867.166167351329932, 3941131.234387022443116 ], [ -185133.999209422821878, 3941759.041099239140749 ], [ -185267.246302191430004, 3942462.123115282040089 ], [ -185193.224518108239863, 3943691.47563607012853 ], [ -185259.562919617193984, 3945172.667650272604078 ], [ -185163.273452513996745, 3945844.935838889330626 ], [ -184704.744239795953035, 3946822.896485484670848 ], [ -184433.021155123773497, 3947830.94850707706064 ], [ -183874.300838480325183, 3948976.938439979217947 ], [ -183589.772116195003036, 3949679.441125461366028 ], [ -183463.53158349118894, 3950810.860291934106499 ], [ -183151.625947503489442, 3951735.816436073742807 ], [ -182575.654449367371853, 3952301.103669153060764 ], [ -181694.837197356391698, 3952790.346198633313179 ], [ -181381.086886099044932, 3953478.068426260724664 ], [ -181307.728677500417689, 3954142.676644208375365 ], [ -180873.351341503643198, 3954861.269699977710843 ], [ -180707.485634184093215, 3955686.7906902609393 ], [ -180784.022348196216626, 3956361.705656819511205 ], [ -180803.230971618730109, 3957131.848845243453979 ], [ -180464.324013911391376, 3957790.897760406602174 ], [ -180408.372834089590469, 3958148.944423457607627 ], [ -180402.749196051125182, 3958150.457102347631007 ], [ -180419.337247332441621, 3958838.130744215101004 ], [ -180656.169352673692629, 3959842.520028536207974 ], [ -180410.270386127667734, 3960763.87009748397395 ], [ -179991.877193170192186, 3961246.851031678728759 ], [ -179296.731612280593254, 3961926.928502544760704 ], [ -178703.521734397101682, 3962423.96286977129057 ], [ -178218.159960300894454, 3963120.152241558302194 ], [ -178090.59238794632256, 3963724.195585248060524 ], [ -177704.09445550077362, 3964642.035285012796521 ], [ -177224.412201812287094, 3965284.872069950215518 ], [ -176802.177261918026488, 3965904.820460739545524 ], [ -177266.49230517851538, 3966700.563586574047804 ], [ -177879.421985584282083, 3967374.08398328628391 ], [ -178237.866404479951598, 3968169.928129206411541 ], [ -178211.153177593107102, 3968804.80862471787259 ], [ -178402.789903633762151, 3969631.581293168943375 ], [ -177824.655245141242631, 3969861.661558851599693 ], [ -177548.135069653653773, 3970611.300911022815853 ], [ -177516.767574860015884, 3971078.734821817837656 ], [ -177487.516152269905433, 3971514.653142662253231 ], [ -177916.420020221441519, 3971913.65240354789421 ], [ -178326.86377700677258, 3972295.491841425653547 ], [ -178030.583946648373967, 3973076.128591850399971 ], [ -177782.846983975818148, 3973631.501008621882647 ], [ -177833.939624627702869, 3973847.716676062904298 ], [ -177967.953597376821563, 3974414.862271001096815 ], [ -177965.946952227182919, 3974432.107612953521311 ], [ -177859.051743284013355, 3975350.802323601208627 ], [ -177562.486935011926107, 3975916.73649859894067 ], [ -177943.875636794080492, 3977234.298344654031098 ], [ -178915.913200261740712, 3977816.133445707149804 ], [ -179944.734390701865777, 3978061.42092552408576 ], [ -180777.061874394130427, 3978521.412246470339596 ], [ -181482.498719572176924, 3979371.577914986293763 ], [ -182073.041159829910612, 3980734.931745551060885 ], [ -182338.99154964715126, 3981822.976435462012887 ], [ -182889.457637386833085, 3983263.659224020782858 ], [ -183108.869132977793925, 3984795.857593736145645 ], [ -183462.20465515871183, 3985708.742922128643841 ], [ -183990.29674976260867, 3986236.912303161807358 ], [ -185384.582500143005745, 3986291.006550695747137 ], [ -186705.496683581615798, 3985708.742922128643841 ], [ -187789.74807863731985, 3985432.675544693134725 ], [ -188976.751371192454826, 3985501.564185775350779 ], [ -189945.006632316595642, 3985685.269022816326469 ], [ -190172.645640150323743, 3986344.080321067944169 ], [ -190405.526571488240734, 3986980.983735424466431 ], [ -191191.222209175262833, 3987394.887970542535186 ], [ -191633.94661454911693, 3987747.049829647410661 ], [ -193358.278402488882421, 3988621.887473459355533 ], [ -193365.178986399201676, 3988625.460608398076147 ], [ -192956.307172129832907, 3990673.984695615246892 ], [ -192419.85453850007616, 3993314.174219394568354 ], [ -189585.779303432354936, 3995505.517522677779198 ], [ -185932.487349035422085, 3998331.236544569954276 ], [ -187631.00848851056071, 4005622.477113611530513 ], [ -188929.097723573009716, 4010639.304169059731066 ], [ -189127.249868090351811, 4011405.41752201737836 ], [ -188245.988117345521459, 4016014.943493577186018 ], [ -185798.576569451281102, 4028825.588298280257732 ], [ -184772.993440355203347, 4035328.047953597735614 ], [ -183787.799026274413336, 4041372.831052543129772 ], [ -183786.169420251884731, 4041382.831785639747977 ], [ -183783.946703983965563, 4041386.110923603642732 ], [ -183410.075518729689065, 4041937.680510366801172 ], [ -183436.101681714731967, 4043013.225553977768868 ], [ -183413.781121938925935, 4043136.312600510194898 ], [ -183867.85154377159779, 4044184.145342806819826 ], [ -184292.09045714433887, 4045170.519675113260746 ], [ -184618.593306635098998, 4045948.189692487474531 ], [ -184781.220952610630775, 4046519.164536233060062 ], [ -185968.343913605756825, 4049539.704696407541633 ], [ -186429.421118152531562, 4050672.806442244909704 ], [ -187119.610087393899448, 4052306.458037780132145 ], [ -187961.519062309002038, 4054326.906634022016078 ], [ -188952.028648109990172, 4056678.902965344488621 ], [ -189780.587521775771165, 4058676.506153241265565 ], [ -189976.948424358153716, 4059224.496179896406829 ], [ -190217.07491871752427, 4059849.299004289787263 ], [ -190262.047992992040236, 4060003.643091208767146 ], [ -190310.025357696955325, 4060122.603741215541959 ], [ -190496.48127462665434, 4060670.865641365293413 ], [ -190695.191018480341882, 4061709.016398786567152 ], [ -190732.284899197897175, 4062617.283581818919629 ], [ -190584.198139076586813, 4063521.770191191695631 ], [ -190532.550014167936752, 4063730.112947149667889 ], [ -190437.481499230023474, 4064100.566593827214092 ], [ -190365.675752259005094, 4064357.476398707833141 ], [ -190318.818372958630789, 4064524.984655448701233 ], [ -190192.577728936536005, 4064926.809236543718725 ], [ -190026.911172174382955, 4065731.271855680737644 ], [ -190162.6400216727925, 4066670.954296791460365 ], [ -190282.464321567676961, 4068029.353449270594865 ], [ -190079.036857691389741, 4068670.319779755081981 ], [ -189842.477930389693938, 4069425.445250446908176 ], [ -189838.412876536691329, 4069438.421772671397775 ], [ -189787.834977221209556, 4070443.978238212876022 ], [ -189848.447660722449655, 4070547.437106398865581 ], [ -189881.60828988137655, 4070604.038850104436278 ], [ -190111.291791477386141, 4070996.092811492271721 ], [ -190140.460058414028026, 4071039.163419608026743 ], [ -190268.16878388353507, 4071227.742678547278047 ], [ -190419.082057202816941, 4071450.590717663057148 ], [ -190474.024125843687216, 4071531.722624666057527 ], [ -190597.742938119161408, 4071724.997338666580617 ], [ -190774.643078641180182, 4072001.35802142508328 ], [ -190786.592224107502261, 4072018.769846769981086 ], [ -190866.387036968924804, 4072135.044676234479994 ], [ -191124.688664599787444, 4072511.443147705402225 ], [ -191155.046491614601109, 4072555.761246166657656 ], [ -191487.123775917745661, 4073040.558678851928562 ], [ -191570.123365612031193, 4073161.732571400236338 ], [ -191594.051601481100079, 4073196.666314749978483 ], [ -191885.748185776115861, 4073717.569334886968136 ], [ -191936.091200975875836, 4073807.47292415658012 ], [ -192029.389736004523002, 4073974.088987851049751 ], [ -192057.206695638597012, 4074023.766039597336203 ], [ -192091.132646290032426, 4074090.783234892878681 ], [ -192221.077446370618418, 4074347.478929766453803 ], [ -192405.401372413412901, 4074711.606289929244667 ], [ -192459.493071459030034, 4074786.50134105514735 ], [ -192522.428102175559616, 4074873.64136564778164 ], [ -192777.640057331009302, 4075227.015793033409864 ], [ -192857.392902764258906, 4075306.661502622999251 ], [ -193196.335594017233234, 4075645.156062311958522 ], [ -193258.317507253057556, 4075707.057118019089103 ], [ -193408.665611527394503, 4075853.564370751846582 ], [ -193697.162539695185842, 4076134.696842476725578 ], [ -194008.025334685924463, 4076476.24080738471821 ], [ -194228.019365162268514, 4076717.953732246533036 ], [ -194270.86412210483104, 4076765.854406442027539 ], [ -194481.0804051150335, 4077000.880805829539895 ], [ -194650.357052960927831, 4077190.13950232649222 ], [ -194751.528992930921959, 4077303.255523398984224 ], [ -194786.907996899244608, 4077336.097449688240886 ], [ -195155.196621002978645, 4077677.981822066009045 ], [ -195182.290115267067449, 4077703.133368295617402 ], [ -195447.1501306676073, 4077908.206030334811658 ], [ -195802.052029423532076, 4078183.001254323869944 ], [ -195889.461206783424132, 4078251.608184818178415 ], [ -196148.602294675627491, 4078455.009180126711726 ], [ -196342.275054210767848, 4078607.026136196218431 ], [ -196355.341847352741752, 4078618.567164459265769 ], [ -196768.285505949141225, 4078983.300696682650596 ], [ -197163.568327343527926, 4079503.616569969337434 ], [ -197230.474458256649086, 4079644.095703271683306 ], [ -197400.114452912617708, 4080000.287587490864098 ], [ -197419.517440160765545, 4080043.943782733753324 ], [ -197645.196890985011123, 4080551.72968613775447 ], [ -197657.97035728287301, 4080574.384082265198231 ], [ -197966.853780401841504, 4081122.221328161656857 ], [ -197968.612071767973248, 4081126.999076650012285 ], [ -198172.379727979307063, 4081680.719257381744683 ], [ -198176.343147142644739, 4081691.489489246625453 ], [ -198154.265820451022591, 4081724.19106112793088 ], [ -197883.819681663328083, 4082124.791384336538613 ], [ -197820.174209952354431, 4082219.068864050321281 ], [ -197416.434335535450373, 4082719.013508706819266 ], [ -196877.539908874372486, 4083403.017656482756138 ], [ -196335.40775481791934, 4084106.622801385354251 ], [ -195460.880387988465372, 4085234.953315593767911 ], [ -194556.521624030021485, 4086387.593571251723915 ], [ -194090.879541112430161, 4087013.641067071817815 ], [ -193515.571284499601461, 4087756.08832895103842 ], [ -193178.837171936844243, 4088180.880608791485429 ], [ -192575.429092849517474, 4088947.091858114115894 ], [ -192444.019773564505158, 4089132.473384559620172 ], [ -192063.519957919081207, 4089614.994552900549024 ], [ -191973.129199305258226, 4089729.577180000487715 ], [ -191391.604083090205677, 4090478.640600403770804 ], [ -191046.615518955368316, 4090911.775990054942667 ], [ -190585.418979923590086, 4091507.686622128356248 ], [ -190148.22169859794667, 4092103.113229042384773 ], [ -189752.043979814596241, 4092601.72589152213186 ], [ -189192.148351982643362, 4093306.424582086969167 ], [ -188925.24517863325309, 4093646.112543733790517 ], [ -188772.806494333955925, 4093840.126002345234156 ], [ -188601.289987016323721, 4094055.915806752163917 ], [ -188345.508855306019541, 4094377.729315939825028 ], [ -188342.447791953542037, 4094381.580670395866036 ], [ -187737.408771011250792, 4095304.566555303055793 ], [ -188676.807905046676751, 4095721.523401835467666 ], [ -188801.828153501352062, 4095777.015340701211244 ], [ -189127.993037004343932, 4095902.850624548271298 ], [ -189668.735255898442119, 4096111.473404601681978 ], [ -189735.757381721865386, 4096125.703207332640886 ], [ -190186.981475494278129, 4096221.505730838514864 ], [ -190197.195818005420733, 4096223.674523720517755 ], [ -190208.922658445662819, 4096232.378740918356925 ], [ -190790.69111907586921, 4096664.210051032714546 ], [ -190977.30466441437602, 4096802.73190653603524 ], [ -191617.358674586052075, 4097153.014911073725671 ], [ -192185.08941346721258, 4097272.183375383261591 ], [ -192842.985377660719678, 4097140.647346024867147 ], [ -193332.708649411157239, 4097585.067826851271093 ], [ -193380.180957580538234, 4097628.149784781038761 ], [ -194175.703323310532141, 4098126.624641416594386 ], [ -194218.684335311641917, 4098168.417519950307906 ], [ -194829.478796567738755, 4098762.344319270923734 ], [ -194883.687937680719187, 4098835.78805613797158 ], [ -194923.883958645077655, 4099161.00832598330453 ], [ -194967.84836701824679, 4099300.170272570103407 ], [ -195013.153284709987929, 4099377.998611003160477 ], [ -194951.347144938976271, 4099452.908045564312488 ], [ -195011.901942309719743, 4099954.435049894731492 ], [ -195542.929754509852501, 4100071.409999787341803 ], [ -195600.756333803845337, 4100084.148185375146568 ], [ -195989.24187575862743, 4100372.569235115777701 ], [ -196023.590729163290234, 4100398.071030830964446 ], [ -196030.66285640449496, 4100403.321658109780401 ], [ -196149.451328425813699, 4101139.495828403625637 ], [ -196163.866645899863215, 4101228.836086947470903 ], [ -196539.014109103416558, 4102214.033301475923508 ], [ -196993.250508300698129, 4102702.958330006338656 ], [ -197571.11310195576516, 4103005.08885422674939 ], [ -198107.172109871520661, 4103644.09196851728484 ], [ -198157.000606377841905, 4103725.919270768295974 ], [ -198439.655376360664377, 4104190.100724997464567 ], [ -198590.008378685102798, 4104329.088482204359025 ], [ -198880.664014419773594, 4104597.77840683516115 ], [ -198900.811283784045372, 4104807.45005693519488 ], [ -198979.421545960998628, 4105625.583511677570641 ], [ -198979.658990423253272, 4105628.053833838086575 ], [ -199000.136099437193479, 4105841.178720775060356 ], [ -199206.398870734177763, 4106107.081365988589823 ], [ -199353.781201132223941, 4106297.08256258117035 ], [ -199394.60550930237514, 4106352.262870545964688 ], [ -199538.913529323152034, 4106547.320124569348991 ], [ -199827.362367479596287, 4106937.218455077614635 ], [ -199949.662858106312342, 4107275.335598274134099 ], [ -200129.514189666311722, 4107772.578858258202672 ], [ -200540.491389460890787, 4108036.528809366282076 ], [ -200577.463820613862481, 4108051.246701997239143 ], [ -200587.936201715725474, 4108055.896205171942711 ], [ -200678.211855965782888, 4108097.670694971457124 ], [ -200743.329305309423944, 4108214.246708137914538 ], [ -200835.717358220688766, 4108392.724396539386362 ], [ -200881.844036378461169, 4108475.949470282532275 ], [ -200964.362614558747737, 4108606.230862717144191 ], [ -201146.421856873756042, 4108845.928891154006124 ], [ -201398.25982958797249, 4109177.505350637249649 ], [ -201408.253982152615208, 4109190.664153493009508 ], [ -201472.251557403767947, 4109351.34099936299026 ], [ -201531.791121023037704, 4109500.826895077712834 ], [ -201637.882046652666759, 4109767.195102383382618 ], [ -201698.35546946930117, 4109919.031482968479395 ], [ -201737.521339863655157, 4110007.542726159561425 ], [ -201928.99242249460076, 4110440.259448646567762 ], [ -201998.9558319185453, 4110493.667663690634072 ], [ -202526.378228454675991, 4110896.296399317216128 ], [ -202566.437883054866688, 4110926.877992696594447 ], [ -203022.699072457791772, 4111164.855586764868349 ], [ -203151.395647095167078, 4111231.982185213360935 ], [ -203252.634824028937146, 4111278.118648427072912 ], [ -203664.269699380442034, 4111465.709611860569566 ], [ -203825.249148978968151, 4111539.072317570913583 ], [ -204308.987996221054345, 4112008.915909093338996 ], [ -204371.491441267338814, 4112069.625601873267442 ], [ -204864.762019914633129, 4112114.614648338872939 ], [ -204871.667724524304504, 4112113.99390422180295 ], [ -205564.614856778789544, 4112051.70175236929208 ], [ -204987.177058307250263, 4112950.121327411849052 ], [ -204079.022744986781618, 4113739.593755683861673 ], [ -203882.235600063839229, 4114324.162121064029634 ], [ -203777.375534030637937, 4114497.665630874689668 ], [ -203612.627140450756997, 4114770.267023718450218 ], [ -203539.119763730035629, 4114900.804940793663263 ], [ -203538.230766281281831, 4114902.383502609562129 ], [ -203535.447667681204621, 4114906.851292370352894 ], [ -203369.127108929678798, 4115173.873051460366696 ], [ -203308.757992473896593, 4115262.304096219595522 ], [ -203305.350280222948641, 4115267.299180838279426 ], [ -203285.976903962582583, 4115295.635642365552485 ], [ -202968.605703618493862, 4115793.91145345941186 ], [ -202880.925351967685856, 4115959.0192516958341 ], [ -202674.273296408850001, 4116348.168076724279672 ], [ -202387.919713728828356, 4116697.431129302363843 ], [ -202164.564836492470931, 4116969.862687678541988 ], [ -201902.234779132384574, 4117405.813309103716165 ], [ -201614.27096001256723, 4117884.382846906315535 ], [ -201495.418701920541935, 4118012.055068114306778 ], [ -201086.506367361085722, 4118451.324105264153332 ], [ -201077.71479925015592, 4118462.576767479069531 ], [ -201079.400287660915637, 4118569.599094687029719 ], [ -201071.517531879944727, 4118594.855439311359078 ], [ -201053.019126815284835, 4118654.115211721044034 ], [ -201043.00037263755803, 4118686.327772891614586 ], [ -200990.56889248607331, 4118717.05160442693159 ], [ -200950.605195284588262, 4118740.466739635914564 ], [ -200836.502717224851949, 4118810.306392800528556 ], [ -200778.178539817221463, 4118845.967553718481213 ], [ -200619.347779029805679, 4119049.267816147301346 ], [ -200504.123979733121814, 4119196.75438125943765 ], [ -200459.22226125060115, 4119277.905446185264736 ], [ -200190.292961850500433, 4119763.954346897546202 ], [ -200157.168956809095107, 4119823.822654338087887 ], [ -200039.865932069253176, 4120035.837742898147553 ], [ -200034.657849686744157, 4120045.250916450750083 ], [ -199871.733871221949812, 4120325.21752588590607 ], [ -199698.791583878017263, 4120622.406988734379411 ], [ -199686.337604525382631, 4120640.535410000942647 ], [ -199352.20001908231643, 4121126.929041172377765 ], [ -199281.416296349460026, 4121229.969351817853749 ], [ -199267.78934352460783, 4121246.798856051173061 ], [ -198834.252469672996085, 4121782.239107877481729 ], [ -198773.63511076461873, 4121839.711860049050301 ], [ -198520.593885686830617, 4122079.629402754828334 ], [ -198176.629683512699557, 4122405.762746663764119 ], [ -198117.731765448726946, 4122457.460273166187108 ], [ -197728.480456709221471, 4122799.131226939149201 ], [ -197404.416394629952265, 4123404.322484666015953 ], [ -197361.553492625098443, 4123604.160099544096738 ], [ -197310.310459343338152, 4123813.626419121865183 ], [ -197287.599724746512948, 4123919.258817885071039 ], [ -197265.845558536122553, 4124020.44299546815455 ], [ -197261.571335369895678, 4124040.32345564942807 ], [ -197245.465408804739127, 4124114.871128513943404 ], [ -197153.770876320748357, 4124539.294954014010727 ], [ -197140.158840295422124, 4124602.301916129421443 ], [ -197109.791885090293363, 4124793.350824997294694 ], [ -197120.402079707098892, 4125288.603192265145481 ], [ -197128.707626910269028, 4125676.299201135989279 ], [ -197131.167008437594632, 4125791.102263789158314 ], [ -197091.107687786017777, 4125927.100098297465593 ], [ -196869.944134743098402, 4126677.960066311061382 ], [ -196820.629600313288392, 4126720.703863651957363 ], [ -196404.672634427173762, 4127081.245130608789623 ], [ -196376.540529306366807, 4127105.629686223808676 ], [ -196187.112159325683024, 4127269.825891462154686 ], [ -196138.988075539527927, 4127310.158747763372958 ], [ -195632.792079501843546, 4127734.411247555632144 ], [ -195588.302354451268911, 4127771.699758198112249 ], [ -195274.959695173660293, 4128000.841520744375885 ], [ -195142.302039095491637, 4128097.853139791171998 ], [ -195069.711378393607447, 4128150.938471235800534 ], [ -195020.069787309970707, 4128187.684489759150892 ], [ -194577.115284533181693, 4128515.576911621261388 ], [ -194406.258233890868723, 4128619.335054478608072 ], [ -194262.37890523893293, 4128706.710893325973302 ], [ -194243.939833468146389, 4128720.850531691685319 ], [ -194146.980556985217845, 4128794.951979190576822 ], [ -194104.233872520941077, 4128816.627083982340991 ], [ -194055.141977072169539, 4128841.553506411146373 ], [ -194003.9547148666461, 4128875.863598419353366 ], [ -193598.87689147767378, 4129275.350423117633909 ], [ -193808.219093857653206, 4129385.207170005422086 ], [ -194320.59966683856328, 4129654.09424206847325 ], [ -194567.35679534409428, 4129895.026707627810538 ], [ -194990.864450982597191, 4130308.549571082461625 ], [ -195612.614753882837249, 4130557.999516980722547 ], [ -195630.906216013245285, 4130565.338233262300491 ], [ -196191.614142159640323, 4130951.434744379483163 ], [ -196731.791971249622293, 4131140.364327508490533 ], [ -196746.135153678187635, 4131149.619635287672281 ], [ -197204.494047573040007, 4131445.392443456687033 ], [ -197212.196354463085299, 4131450.362634680233896 ], [ -197381.811302232730668, 4131536.0787263805978 ], [ -197707.748982665856602, 4131700.795515608973801 ], [ -197843.494418770162156, 4131769.397026873193681 ], [ -197959.07432909795898, 4131827.80781911034137 ], [ -198703.648658221994992, 4132097.982535295188427 ], [ -198750.592087489931146, 4132115.016605726443231 ], [ -199200.910374552098801, 4132356.263614207971841 ], [ -199202.936500615440309, 4132358.027985802385956 ], [ -199503.78187726723263, 4132620.016135734505951 ], [ -199674.734440041327616, 4132768.891172881238163 ], [ -200216.835535959282424, 4133065.359201066661626 ], [ -200253.183910052932333, 4133075.552688236348331 ], [ -200749.129941333143506, 4133214.636299874633551 ], [ -201339.99787976933294, 4133662.512215006630868 ], [ -201125.939515861158725, 4134246.79794606892392 ], [ -200957.809458775096573, 4134705.741045496426523 ], [ -201500.480176527518779, 4134424.355629371944815 ], [ -201609.643186142842751, 4134367.753294468857348 ], [ -202251.555786531534977, 4134314.856396886985749 ], [ -202845.900121352169663, 4134483.917591207660735 ], [ -202912.234181402629474, 4134512.584496546071023 ], [ -203305.096805733715883, 4134682.365961594507098 ], [ -203499.487798621179536, 4134766.375962789636105 ], [ -203567.472392758587375, 4134795.756949747912586 ], [ -204285.810165025963215, 4135064.179079918190837 ], [ -204318.250334447278874, 4135076.301166722550988 ], [ -204868.49790202153963, 4135508.116928905714303 ], [ -204911.792167060048087, 4135542.093552826438099 ], [ -205098.631913590943441, 4135720.980440597515553 ], [ -205268.107155415345915, 4135883.244339324999601 ], [ -205419.549752915656427, 4136028.244832013268024 ], [ -205483.429329507867806, 4136089.407735848799348 ], [ -205545.838820916687837, 4136146.674891187809408 ], [ -205869.34706477788859, 4136443.532367144245654 ], [ -205947.347407460591057, 4136515.108220904134214 ], [ -206062.943459133675788, 4136617.62210672814399 ], [ -206156.244665827136487, 4136700.36488635186106 ], [ -206195.230532616493292, 4136734.939182681497186 ], [ -206513.15231914827018, 4137016.888985389377922 ], [ -207095.963064171170117, 4137247.106877576559782 ], [ -207178.819385683600558, 4137258.886708538513631 ], [ -207263.088240210141521, 4137279.493647180497646 ], [ -207319.875318088277709, 4137293.406741567421705 ], [ -208016.725089061510516, 4137424.726870033424348 ], [ -208100.433449956559343, 4137437.300673990510404 ], [ -208124.393857159942854, 4137441.579661527648568 ], [ -208416.259647082275478, 4137481.692843021359295 ], [ -208691.359163217595778, 4137519.501799944322556 ], [ -208788.408274528715992, 4137532.840083308517933 ], [ -209143.252843726746505, 4137591.732733782380819 ], [ -209164.66214215697255, 4137595.28590696118772 ], [ -209308.082945822039619, 4137619.089132384397089 ], [ -209538.805503560666693, 4137657.381885052658617 ], [ -210003.90434733722941, 4138058.038885057438165 ], [ -210075.74616183413309, 4138891.757875194773078 ], [ -210086.317505960876588, 4139014.442691318225116 ], [ -210099.440515452355612, 4139221.222386249341071 ], [ -210138.36348672377062, 4139834.556941728573292 ], [ -210143.687452698301058, 4139983.035592795349658 ], [ -210163.222130903508514, 4140527.852151098661125 ], [ -210245.294095282995841, 4140910.141458204947412 ], [ -210290.174885701097082, 4141119.200742635410279 ], [ -210335.424143634940265, 4141361.543408039491624 ], [ -210405.681993105157744, 4141737.836333258543164 ], [ -210429.940959176718025, 4141867.767407510895282 ], [ -210446.3031432016287, 4141901.726894757710397 ], [ -210773.966275737737305, 4142581.808033552020788 ], [ -210840.053651798283681, 4142622.21773621533066 ], [ -210850.286918625235558, 4142628.475077670998871 ], [ -211317.643655655498151, 4142914.249007709790021 ], [ -211346.097028820862761, 4142931.647493151016533 ], [ -211856.707621892535826, 4143229.82652781624347 ], [ -212099.668867080996279, 4143371.710323257837445 ], [ -213062.445762109797215, 4143973.793106582947075 ], [ -213084.225643116427818, 4143987.413799579255283 ], [ -213665.767345943662804, 4144339.016644906252623 ], [ -213697.825132908212254, 4144358.399315428454429 ], [ -213754.177842139237328, 4144381.351732445880771 ], [ -214010.660063991730567, 4144485.817685658112168 ], [ -214165.283393303427147, 4144548.796749575994909 ], [ -214367.789911026979098, 4144631.474861536175013 ], [ -214700.661237244930817, 4144842.572876943275332 ], [ -214842.50007964449469, 4144932.524537712801248 ], [ -214892.593071267037885, 4144951.204814720898867 ], [ -214921.280994599539554, 4144967.75870231539011 ], [ -215220.625116585782962, 4145064.095435219351202 ], [ -215606.415057077712845, 4145188.254024581052363 ], [ -215979.460585661727237, 4145435.310757072642446 ], [ -216135.883171909226803, 4145538.906335144303739 ], [ -216420.381837920867838, 4145727.326510309707373 ], [ -216690.366891368787037, 4146027.400785586796701 ], [ -216940.029124636930646, 4146304.894273232202977 ], [ -217059.417608721327269, 4146373.050260338932276 ], [ -217120.674386780767236, 4146408.020457728300244 ], [ -217357.439811762480531, 4146543.18567374534905 ], [ -217479.668723973300075, 4146612.964693643618375 ], [ -217544.686319713975536, 4146650.082601279485971 ], [ -217657.19191967707593, 4146723.845511405728757 ], [ -218121.585443183896132, 4147028.324646934401244 ], [ -218134.836804045015015, 4147037.013050153851509 ], [ -218751.804376344138291, 4147188.907530669122934 ], [ -218784.238200545689324, 4147215.457287829834968 ], [ -219262.996725085627986, 4147607.369401673786342 ], [ -219283.786864494060865, 4147740.225167431868613 ], [ -219370.048337917221943, 4148291.480628199875355 ], [ -219380.242754247796256, 4148356.63050274644047 ], [ -219276.174949036445469, 4149053.994131383486092 ], [ -219539.359272170753684, 4149907.111976943444461 ], [ -219536.829202780267224, 4149973.235763757955283 ], [ -219511.685358075541444, 4150004.91583442222327 ], [ -219501.44062533575925, 4150074.813156464602798 ], [ -219495.097418112505693, 4150152.47743702493608 ], [ -219495.097418112505693, 4150230.659930916968733 ], [ -219504.66543966755853, 4150378.224521655123681 ], [ -219516.130790611408884, 4150471.423988389782608 ], [ -219516.637405615998432, 4150500.97433416498825 ], [ -219513.498863901011646, 4150583.005831321235746 ], [ -219427.389898180990713, 4150929.713994900230318 ], [ -219425.326480096584419, 4150938.02224995335564 ], [ -219401.426074115966912, 4151034.256369087379426 ], [ -219373.873052981187357, 4151101.577961590141058 ], [ -219308.861691122991033, 4151241.904652869794518 ], [ -219271.227242954540998, 4151334.593617783393711 ], [ -219283.369527738745091, 4151436.086359730456024 ], [ -219309.525266613869462, 4151544.829783375840634 ], [ -219341.360748533334117, 4151630.789594329893589 ], [ -219376.54427548655076, 4151717.579350376967341 ], [ -219387.621789331926266, 4151852.275044261012226 ], [ -219386.002202065195888, 4151925.957669350318611 ], [ -219397.467553021677304, 4152019.170486071147025 ], [ -219430.086278890958056, 4152229.419294689781964 ], [ -219444.482672042911872, 4152278.319427508395165 ], [ -219485.452140825247625, 4152579.23921052319929 ], [ -219497.133451600704575, 4153298.269477115478367 ], [ -219490.638515908853151, 4153334.069219133350998 ], [ -219486.193083366641076, 4153512.749917581211776 ], [ -219488.754099570971448, 4153754.102865239605308 ], [ -219504.66543966755853, 4153933.308552116621286 ], [ -219506.005503700260306, 4154049.327464950270951 ], [ -219517.471188611729303, 4154181.921813161578029 ], [ -219520.589581496751634, 4154361.134382387623191 ], [ -219530.157714370114263, 4154438.310402208473533 ], [ -219537.177521466132021, 4154539.313410924281925 ], [ -219528.936762204830302, 4154625.296327264048159 ], [ -219511.685358075541444, 4154889.464808523189276 ], [ -219512.348822241794551, 4154952.141068188939244 ], [ -219555.092501079954673, 4155060.918542689178139 ], [ -219609.315111848060042, 4155123.077731731813401 ], [ -219650.015076158510055, 4155143.120085428934544 ], [ -219672.428699031559518, 4155154.157592121977359 ], [ -219729.199078985489905, 4155154.675629014614969 ], [ -219806.339478603040334, 4155099.768063099589199 ], [ -219891.176507819647668, 4155068.688626045826823 ], [ -219964.779619289824041, 4155028.095289357937872 ], [ -220322.896313609118806, 4154908.444755705539137 ], [ -220374.070217477856204, 4154897.752525613643229 ], [ -220471.593772459222237, 4154866.155628794338554 ], [ -220578.791325150174089, 4154819.537279833573848 ], [ -220851.748386369523359, 4154679.165388880297542 ], [ -220903.077803561172914, 4154645.04639434767887 ], [ -220983.771521327726077, 4154607.555880695115775 ], [ -221435.192761934216833, 4154495.355980806984007 ], [ -221464.001132947538281, 4154493.214707542676479 ], [ -221565.231070379028097, 4154476.8760050307028 ], [ -222074.439260516985087, 4154415.519897468853742 ], [ -222115.892189860576764, 4154415.519897468853742 ], [ -222221.085991715954151, 4154407.232539169955999 ], [ -222333.158781500998884, 4154387.447047756053507 ], [ -222440.591997554904083, 4154377.544606964569539 ], [ -222459.64655478624627, 4154376.155034399591386 ], [ -222465.032191751903156, 4154375.291880984324962 ], [ -222875.723968378501013, 4154337.437707193661481 ], [ -223301.657387033948908, 4154468.897774724289775 ], [ -223338.619354164198739, 4154485.445025639608502 ], [ -223381.933545389678329, 4154500.984123296570033 ], [ -223472.543269435875118, 4154539.313410924281925 ], [ -223551.023844391747843, 4154594.218214103486389 ], [ -223633.299968722392805, 4154609.75719196209684 ], [ -223691.29130085426732, 4154609.75719196209684 ], [ -223786.359815792151494, 4154601.987700306810439 ], [ -223895.335586023487849, 4154601.987700306810439 ], [ -223987.829726401309017, 4154609.75719196209684 ], [ -224174.065342072484782, 4154594.218214103486389 ], [ -224240.416879275348037, 4154547.601003255695105 ], [ -224283.837380629236577, 4154477.157479530666023 ], [ -224341.828601436456665, 4154392.211845259647816 ], [ -224343.967605453071883, 4154389.240296150092036 ], [ -224346.488435322244186, 4154388.586107372306287 ], [ -224893.921957488782937, 4154159.473448790609837 ], [ -224900.0048997423728, 4154158.096123383380473 ], [ -224909.508022024558159, 4154152.950299208052456 ], [ -225074.836612811603118, 4154083.757735321298242 ], [ -225344.216867464623647, 4154005.439041366800666 ], [ -225382.115476794366259, 4153994.943466083612293 ], [ -225384.625174705608515, 4153993.690938526298851 ], [ -225531.512244693614775, 4153950.985740066505969 ], [ -225607.869956971873762, 4153979.405210046563298 ], [ -225681.89196369171259, 4153948.328627263195813 ], [ -225727.196770046197344, 4153948.328627263195813 ], [ -225815.815878963388968, 4153878.407006272114813 ], [ -225830.433018653420731, 4153861.266239689663053 ], [ -225868.817648884520167, 4153816.254762396682054 ], [ -225945.944690158910817, 4153776.892016869504005 ], [ -226025.646217299101409, 4153746.33397035067901 ], [ -226120.051268064416945, 4153738.047109863255173 ], [ -226185.739341113716364, 4153715.258309233933687 ], [ -226282.692272376822075, 4153699.202474100049585 ], [ -226368.17963005945785, 4153699.202474100049585 ], [ -226430.735951855167514, 4153691.951314816717058 ], [ -226532.705050709715579, 4153691.951314816717058 ], [ -226690.887152818439063, 4153723.027182462159544 ], [ -226796.757777176913805, 4153746.33397035067901 ], [ -226820.034014792618109, 4153748.923556121531874 ], [ -226861.225009372894419, 4153754.102865239605308 ], [ -226958.84151612687856, 4153785.178906251676381 ], [ -227046.239784165431047, 4153816.254762396682054 ], [ -227131.063677694532089, 4153855.099942076951265 ], [ -227357.481955993222073, 4153948.328627263195813 ], [ -227431.397429954347899, 4153995.461449043825269 ], [ -227476.307608723582234, 4154029.904858980793506 ], [ -227511.76242126073339, 4154057.096571125090122 ], [ -227534.62288057123078, 4154071.918444004375488 ], [ -227899.206012777722208, 4154334.588917344808578 ], [ -228197.936430428060703, 4154613.330996973440051 ], [ -228485.034183931187727, 4154928.313730908557773 ], [ -228626.628457395185251, 4155053.148736355826259 ], [ -228752.988324584031943, 4155138.617854760028422 ], [ -228928.315854667482199, 4155263.455081583932042 ], [ -229116.454922310687834, 4155385.054381997324526 ], [ -229240.884732178499689, 4155465.477388109080493 ], [ -229384.39002734204405, 4155566.489711900241673 ], [ -229515.845878188323695, 4155652.480422478169203 ], [ -229645.311002574686427, 4155745.724424502812326 ], [ -229728.807856440282194, 4155815.657768605742604 ], [ -229967.355283810349647, 4155987.125897714402527 ], [ -230017.012793589994544, 4156032.712978729512542 ], [ -230111.523820509872166, 4156119.225506932474673 ], [ -230160.83946812278009, 4156175.697512866929173 ], [ -230200.094394123472739, 4156207.120088382158428 ], [ -230784.726993914984632, 4156578.219013267196715 ], [ -231237.899624069890706, 4156866.092506324406713 ], [ -231445.510140432772459, 4157066.904462243430316 ], [ -231758.83465464177425, 4157369.975273004267365 ], [ -231920.697201761417091, 4157505.210624495521188 ], [ -232472.202234293770744, 4157966.002804833929986 ], [ -232669.069751880742842, 4158158.722654941026121 ], [ -232797.237892896286212, 4158284.192339374218136 ], [ -233033.14738228477654, 4158515.138834668323398 ], [ -233078.938209546991857, 4158577.465366445481777 ], [ -233125.2598081472388, 4158640.514873486943543 ], [ -233314.228428633301519, 4158897.727973878849298 ], [ -233479.352414189605042, 4159122.490137828048319 ], [ -233482.932003732741578, 4159127.362643965519965 ], [ -233535.871657370502362, 4159178.35782056953758 ], [ -233625.409040756610921, 4159264.60708896862343 ], [ -233636.884076513990294, 4159275.660772078670561 ], [ -233793.47419858246576, 4159426.501793124713004 ], [ -234000.903152871323982, 4159626.318564251065254 ], [ -234010.209017013723496, 4159635.28305177250877 ], [ -234417.184949038695777, 4159978.203655864112079 ], [ -234439.125909353519091, 4159996.691542636603117 ], [ -234710.178071443806402, 4160330.895971544552594 ], [ -234885.929172190430108, 4160547.600566463544965 ], [ -234939.849550541752251, 4160602.767594715114683 ], [ -235396.084468556888169, 4161069.562022218946368 ], [ -235481.386479279521154, 4161156.840437538456172 ], [ -235785.353254455141723, 4161383.917327037546784 ], [ -235942.5855786705215, 4161501.37883270625025 ], [ -236141.47922230817494, 4162355.153609370812774 ], [ -236195.460269779461669, 4162470.371957434341311 ], [ -236135.690608782519121, 4162477.918123274575919 ], [ -236071.936266615550267, 4162491.432371145579964 ], [ -236062.332288865582086, 4162493.468246779404581 ], [ -236023.338295763387578, 4162508.920830718707293 ], [ -235983.851713890733663, 4162524.568423130083829 ], [ -235983.125688180502038, 4162529.017931842710823 ], [ -235977.508506673795637, 4162563.444003639277071 ], [ -235978.995067157462472, 4162571.692052808590233 ], [ -235984.515289387927623, 4162602.319448267109692 ], [ -236018.921472325193463, 4162627.740522312466055 ], [ -236026.616209481289843, 4162633.422646598890424 ], [ -236078.256764662393834, 4162648.970541670452803 ], [ -236127.463096539751859, 4162680.071424573659897 ], [ -236164.407586504938081, 4162711.172122697811574 ], [ -236180.65243979980005, 4162737.907832397613674 ], [ -236197.477156321576331, 4162765.598723531700671 ], [ -236232.643540058343206, 4162804.993403705302626 ], [ -236276.049458548601251, 4162866.289513670839369 ], [ -236293.209246737678768, 4162890.521663304883987 ], [ -236312.345067198504694, 4162937.173965563066304 ], [ -236300.884725623036502, 4163046.056143254041672 ], [ -236314.919441745965742, 4163116.009014848619699 ], [ -236325.082354658428812, 4163131.973398309201002 ], [ -236334.718837697670097, 4163147.110932035837322 ], [ -236430.344840640987968, 4163170.437460953835398 ], [ -236480.771902053325903, 4163186.506827719975263 ], [ -236500.187691040482605, 4163210.224252610001713 ], [ -236518.963615590590052, 4163233.210786029230803 ], [ -236544.280896056530764, 4163274.069147815462202 ], [ -236581.5201600419241, 4163334.243223022203892 ], [ -236614.696039961650968, 4163396.448636804707348 ], [ -236642.118372010532767, 4163417.815878021065146 ], [ -236644.633747212734306, 4163419.7758246245794 ], [ -236657.449069633061299, 4163422.125369330402464 ], [ -236729.457640735461609, 4163435.327265048399568 ], [ -236770.719657133769942, 4163445.807149793021381 ], [ -236790.694492614304181, 4163450.90563359670341 ], [ -236827.652563559269765, 4163489.77059131860733 ], [ -236849.219156430743169, 4163526.145198019687086 ], [ -236850.695252872683341, 4163528.636228458490223 ], [ -236889.550875862041721, 4163583.585259346291423 ], [ -236915.693256394035416, 4163606.912703829351813 ], [ -236979.497024417389184, 4163614.68848422775045 ], [ -237035.603940205095569, 4163614.68848422775045 ], [ -237064.984382100054063, 4163583.585259346291423 ], [ -237090.119321238453267, 4163515.727883568499237 ], [ -237096.747617681015981, 4163497.845386606175452 ], [ -237494.694203165185172, 4163652.812309169210494 ], [ -237513.938226178404875, 4163656.448268641717732 ], [ -237548.628719094180269, 4163677.54367881314829 ], [ -237601.556461539497832, 4163724.069503827486187 ], [ -237632.715120981185464, 4163754.654684246983379 ], [ -237634.504247836535797, 4163766.30261219246313 ], [ -237641.07532605851884, 4163809.086392080411315 ], [ -237664.006584563059732, 4163910.174478707835078 ], [ -237674.814148637931794, 4163906.612635666970164 ], [ -237687.60119591554394, 4163902.398491697851568 ], [ -237708.222018378262874, 4163870.688774133566767 ], [ -237722.661269536532927, 4163848.529070792719722 ], [ -237735.66906335222302, 4163841.804142814129591 ], [ -237753.952733118407195, 4163832.414309587795287 ], [ -237808.706115224602399, 4163824.638376953545958 ], [ -237835.055661327438429, 4163818.017559183295816 ], [ -237870.604872800584417, 4163809.119550494942814 ], [ -237986.710990383959142, 4163770.253476664889604 ], [ -238044.708667722996324, 4163777.9994744239375 ], [ -238061.951500253519043, 4163788.267550206743181 ], [ -238135.978516348055564, 4163832.414309587795287 ], [ -238169.09907048381865, 4163843.63927613850683 ], [ -238181.867416075954679, 4163847.966462995391339 ], [ -238197.947071247064741, 4163844.466336467303336 ], [ -238253.314714293344878, 4163832.414309587795287 ], [ -238301.929160445753951, 4163817.715328184422106 ], [ -238327.182320886029629, 4163810.108595245052129 ], [ -238381.072642976301722, 4163820.291086678858846 ], [ -239035.573140066262567, 4164134.806636495050043 ], [ -239097.78470541909337, 4164182.858217902481556 ], [ -239133.19910897812224, 4164208.084762936457992 ], [ -239185.846437630243599, 4164245.586839237716049 ], [ -239250.844552469905466, 4164276.691915848758072 ], [ -239309.901657411770429, 4164312.893648186698556 ], [ -239326.113671456114389, 4164322.8314339062199 ], [ -239417.944347673968878, 4164370.008075474761426 ], [ -239446.081796130776638, 4164380.717156682629138 ], [ -239779.087151028303197, 4164585.100589442998171 ], [ -239781.302408886956982, 4164588.263497854117304 ], [ -239835.720608007482952, 4164666.032758430112153 ], [ -239872.797790807206184, 4164689.362337982282043 ], [ -239896.125458015245385, 4164682.08852153737098 ], [ -239923.321700177446473, 4164673.626214531715959 ], [ -239940.186491716012824, 4164683.977340447250754 ], [ -240197.873190465237712, 4164786.533295068424195 ], [ -240173.131543079623953, 4164837.118701756000519 ], [ -240135.523588941869093, 4164907.627699011936784 ], [ -240112.592330437328201, 4164977.618649024982005 ], [ -240120.396717302908655, 4164992.179720662534237 ], [ -240154.001399897126248, 4165054.869416934903711 ], [ -241470.013184288342018, 4165292.842699549160898 ], [ -242819.206303266284522, 4166645.089419537689537 ], [ -243379.691479113302194, 4168177.97268233448267 ], [ -243383.367360035423189, 4168188.085491556674242 ], [ -243387.043352256849175, 4168198.198309960309416 ], [ -244867.986094211169984, 4169096.28379735769704 ], [ -245123.450967238983139, 4169252.569173822179437 ], [ -245135.752661531354534, 4169261.38629341032356 ], [ -246610.748270998359658, 4170307.040254916530102 ], [ -246322.672353140864288, 4171532.800525404047221 ], [ -246295.445609444373986, 4171648.657481223810464 ], [ -246282.859605173463933, 4171702.246916805393994 ], [ -246139.413198024238227, 4172313.041828512214124 ], [ -246147.50512312471983, 4175075.568933552131057 ], [ -245464.635299088346073, 4175224.299593497533351 ], [ -244908.060442974237958, 4175324.929513360839337 ], [ -244396.929987873183563, 4175682.988097261171788 ], [ -243658.254478569491766, 4175756.287759661208838 ], [ -243102.370805179118179, 4175573.962945119012147 ], [ -242759.252074556512525, 4176054.72857576655224 ], [ -242019.675656624342082, 4176413.293415032792836 ], [ -241644.652871241793036, 4176827.527151618618518 ], [ -241254.650601224071579, 4177213.783628880046308 ], [ -240648.04442449126509, 4177397.677515406161547 ], [ -239963.5602451931627, 4177610.892417978495359 ], [ -239173.315202551748371, 4177221.469890127424151 ], [ -238881.370264479570324, 4176727.553665235638618 ], [ -238324.23124117901898, 4176487.083602018654346 ], [ -237596.658181314036483, 4176301.192794524598867 ], [ -236913.404193702503107, 4176279.229763604234904 ], [ -236281.328896710445406, 4176464.510970959905535 ], [ -235783.777527053200174, 4176400.193359940312803 ], [ -235396.168514775839867, 4175655.046780765987933 ], [ -234971.058303749741754, 4175053.283074163366109 ], [ -234098.774135973071679, 4174554.986580614931881 ], [ -233307.106875522993505, 4174212.175904103554785 ], [ -232646.683290967281209, 4174029.490975037682801 ], [ -232106.333250642783241, 4173889.021899180021137 ], [ -231415.669949055794859, 4173775.787093446590006 ], [ -230838.515570003597531, 4173662.349419320002198 ], [ -230292.252238319837488, 4173586.996976817492396 ], [ -229537.717597771756118, 4173549.116925895214081 ], [ -228797.658164570573717, 4173549.116925895214081 ], [ -228061.910580536874477, 4173782.800544933881611 ], [ -227447.426991352782352, 4173870.081342241726816 ], [ -226716.809343403903767, 4173766.333909670822322 ], [ -226056.697119461605325, 4173856.331946308258921 ], [ -225525.635577445471426, 4174434.535100265871733 ], [ -224880.842473919881741, 4174530.037010422442108 ], [ -224547.602680167212384, 4174101.071019891649485 ], [ -224229.063738374854438, 4173611.623431701213121 ], [ -223554.615790413256036, 4173544.904019373003393 ], [ -222920.381340581050608, 4173737.953732072841376 ], [ -222417.344257731165271, 4173953.387526055797935 ], [ -221773.246010446280707, 4173983.689667725469917 ], [ -220822.799307508190395, 4173983.611864487174898 ], [ -220084.48536392787355, 4174002.426796813961118 ], [ -219385.495030462712748, 4173856.529172518290579 ], [ -218440.094996631407412, 4173821.442956109065562 ], [ -217318.918147238320671, 4174107.71442731609568 ], [ -216649.326846022653626, 4174382.710722029209137 ], [ -216059.458667934086407, 4174674.793234756682068 ], [ -215699.673851050785743, 4175335.272885351907462 ], [ -215113.879409719636897, 4175346.446904856711626 ], [ -214594.07282482003211, 4175262.095170940738171 ], [ -213484.089484188938513, 4175440.499837407842278 ], [ -212803.698967847885797, 4175635.680125434882939 ], [ -212088.599256924499059, 4175585.071089920122176 ], [ -211583.640354391071014, 4176209.477470536716282 ], [ -211012.868589656398399, 4176247.377351099159569 ], [ -210433.400546312273946, 4176347.855876544956118 ], [ -209836.51423090879689, 4176317.384156621061265 ], [ -209408.014341388363391, 4176929.467272283043712 ], [ -208807.111507454450475, 4177116.209310234058648 ], [ -208431.924971105210716, 4177544.080378528218716 ], [ -207676.729538062092615, 4177664.084904759190977 ], [ -206975.292179554293398, 4178081.740973924286664 ], [ -206338.22130909297266, 4178528.981502498500049 ], [ -205482.420774918515235, 4178461.695155539549887 ], [ -204764.449466399237281, 4178787.547050557099283 ], [ -203869.848412401741371, 4179167.146831481717527 ], [ -203226.07477276775171, 4179430.151973456609994 ], [ -202873.355070002318826, 4179850.965609990525991 ], [ -202429.184847090567928, 4180581.425667575094849 ], [ -202041.662441366002895, 4181153.971159004606307 ], [ -201387.811270858277567, 4181294.996945416089147 ], [ -200963.81492266614805, 4181686.750871401745826 ], [ -200546.790402845363133, 4180905.958403252996504 ], [ -200113.138647291896632, 4180542.090360483620316 ], [ -199374.433749656047439, 4180286.883596560917795 ], [ -198593.193006675428478, 4180553.451728918589652 ], [ -198078.023101205559215, 4180040.005799845792353 ], [ -197350.385809983941726, 4180244.629793510306627 ], [ -196884.130022730416385, 4180607.637034087907523 ], [ -196260.431183466629591, 4180900.051195182371885 ], [ -195875.906722952669952, 4181238.157428368926048 ], [ -195271.479959208198125, 4181673.374126583337784 ], [ -194721.849435569893103, 4182150.431878891773522 ], [ -194352.529547706712037, 4182561.116557417903095 ], [ -193964.181485311884899, 4182975.110936593730003 ], [ -193332.088154569559265, 4183388.257006343919784 ], [ -192833.223994157480774, 4183957.189323882572353 ], [ -192711.545222873828607, 4184750.901403706520796 ], [ -192089.540888886403991, 4184992.869452204555273 ], [ -191897.330088240792975, 4185870.14465151168406 ], [ -191299.387462197861169, 4186222.038624992594123 ], [ -190974.726282369665569, 4186776.73665429931134 ], [ -190480.450822681654245, 4187133.429723400156945 ], [ -190175.391891990002478, 4187596.055074870586395 ], [ -189791.975728324701777, 4188069.892739968840033 ], [ -189225.048382210632553, 4188343.871091280598193 ], [ -188479.064414392894832, 4188509.492205312009901 ], [ -187501.209183016064344, 4188511.288384694606066 ], [ -186976.419492424814962, 4188377.324139066040516 ], [ -186171.503542778489646, 4188260.671333025209606 ], [ -185375.329846704989905, 4188028.957816678564996 ], [ -184652.613544891559286, 4188105.783904431853443 ], [ -184247.374308245780412, 4188927.026355184614658 ], [ -183593.026207540679025, 4189527.184297282248735 ], [ -183275.404093072836986, 4190570.832222518045455 ], [ -182824.269834134989651, 4191447.183003020007163 ], [ -182241.877539075823734, 4191952.115235513541847 ], [ -182197.931053140986478, 4192707.317193748429418 ], [ -181539.618308771110605, 4193011.003090664278716 ], [ -181161.784594919008669, 4193426.998457521665841 ], [ -180523.098256019176915, 4193802.891885112971067 ], [ -180003.858843925816473, 4194054.628700179047883 ], [ -179389.57830150341033, 4194052.396522563416511 ], [ -179290.058676726039266, 4194727.03900034353137 ], [ -178914.016761406790465, 4195391.056740196421742 ], [ -178129.256096131925005, 4195626.198083342984319 ], [ -177403.081988288613502, 4195900.547896715812385 ], [ -176828.564767970819958, 4196417.836004137992859 ], [ -176336.180403801758075, 4196309.547927885316312 ], [ -175760.468725343060214, 4196584.840024312026799 ], [ -175244.843634486314841, 4197143.094729076139629 ], [ -174859.319190981739666, 4198200.414370940998197 ], [ -174230.478838389302837, 4198726.765518257394433 ], [ -173739.59472700196784, 4199228.754852688871324 ], [ -173301.471156181243714, 4199940.062058985233307 ], [ -172917.065584879048401, 4200714.607468438334763 ], [ -172282.3867476376181, 4200804.318407593294978 ], [ -171344.442893298022682, 4200867.384604142047465 ], [ -170479.302765171451028, 4200919.131572796031833 ], [ -169659.141388622956583, 4201075.657286569476128 ], [ -168895.233201670140261, 4201456.960217005573213 ], [ -167949.179277155111777, 4201809.843448881059885 ], [ -167734.286239692009985, 4202387.30225142929703 ], [ -167049.224646188959014, 4202752.846674307249486 ], [ -166296.691418772854377, 4203166.891446888446808 ], [ -165433.087276979989838, 4203613.393139166757464 ], [ -164900.2543079101888, 4204405.546236983500421 ], [ -164284.478076801227871, 4204270.535963702946901 ], [ -163511.236863746395102, 4204519.478777124546468 ], [ -163295.498466081742663, 4205260.512065766379237 ], [ -163033.306556210503913, 4205783.85285775270313 ], [ -162542.413427944877185, 4205845.262274159118533 ], [ -162007.952633951877942, 4205648.248984530568123 ], [ -161278.299569390277611, 4205793.266450667753816 ], [ -160658.662555710383458, 4205749.378842766396701 ], [ -160023.064553434582194, 4205356.896360288374126 ], [ -159361.598907122766832, 4205235.300166313536465 ], [ -158630.503587234590668, 4205227.688811695203185 ], [ -158081.399716118758079, 4204890.79273471608758 ], [ -157466.285947298543761, 4204774.056917545385659 ], [ -156883.210373204550706, 4204952.457843885757029 ], [ -156323.756795065564802, 4205069.906749038957059 ], [ -155744.727573151700199, 4205006.349095791578293 ], [ -154995.456452088459628, 4205298.159653051756322 ], [ -154208.427652167476481, 4205565.831441572867334 ], [ -153597.659350999834714, 4205902.040417974814773 ], [ -152982.585991170373745, 4206366.105151276104152 ], [ -153036.354529734759126, 4207093.622999889776111 ], [ -152430.571115351718618, 4207380.5810721591115 ], [ -152067.044182466343045, 4207808.64652306586504 ], [ -151543.309132739843335, 4207575.338948528282344 ], [ -150898.07197575995815, 4207592.288465084508061 ], [ -150464.131902718072524, 4207936.012783348560333 ], [ -150068.88692996793543, 4208389.107351453974843 ], [ -149688.13831525304704, 4209187.812821300700307 ], [ -149329.771931324095931, 4209732.571998409926891 ], [ -149038.773765519144945, 4210290.808245168998837 ], [ -148548.925815941358451, 4210948.527038377709687 ], [ -148033.235825805430068, 4211357.546133801341057 ], [ -147575.621436669636751, 4211509.102599262259901 ], [ -147010.190781106968643, 4211512.759358278475702 ], [ -146513.953204069286585, 4211439.82912983559072 ], [ -146014.019040713377763, 4211585.018164373002946 ], [ -145355.264135325880488, 4211563.148728524334729 ], [ -144823.432596397411544, 4211585.115749596618116 ], [ -144255.080360797204776, 4211726.430399281904101 ], [ -143840.254512248153333, 4212245.401362544856966 ], [ -143152.881592169374926, 4212373.471724247559905 ], [ -142703.397978630469879, 4213117.184309400618076 ], [ -142229.976444434258156, 4213485.454767663031816 ], [ -141805.183382630842971, 4214111.914875545538962 ], [ -141550.24070933603798, 4214897.333426654338837 ], [ -141159.297455653984798, 4215512.46647275891155 ], [ -140667.856969444372226, 4216249.070888159796596 ], [ -140237.232770082948264, 4217137.086728675290942 ], [ -139891.469867577310652, 4217941.279723684303463 ], [ -139602.98896941752173, 4218731.256462105549872 ], [ -139404.237814720894676, 4219712.338266185484827 ], [ -139044.626767560082953, 4220706.608283500187099 ], [ -138716.382881237979745, 4221438.946866500191391 ], [ -138438.142708301747916, 4222061.776277419179678 ], [ -138235.213065207324689, 4222742.982666490599513 ], [ -137958.324756171612535, 4223413.791100176051259 ], [ -137722.545287933811778, 4224132.471842439845204 ], [ -137594.992298430181108, 4224886.998064107261598 ], [ -137422.13817612073035, 4225564.381978314369917 ], [ -137288.843772562628146, 4226146.461778730154037 ], [ -137091.734023762663128, 4227060.721170710399747 ], [ -136814.729385849059327, 4227908.627327082678676 ], [ -136693.194328033103375, 4228536.50937631726265 ], [ -136494.394860682194121, 4229293.075821824371815 ], [ -136335.540722802164964, 4230101.620697413571179 ], [ -135996.788610501535004, 4230972.204652308486402 ], [ -135711.025911669014022, 4231587.87640695925802 ], [ -135544.107789876288734, 4232447.601208605803549 ], [ -135475.837438603339251, 4233166.569885046221316 ], [ -135166.509850718110101, 4234217.769919835962355 ], [ -134758.952274366922211, 4234938.918282718397677 ], [ -134610.765771973616211, 4235711.440294852480292 ], [ -134339.448112889629556, 4236711.688296976499259 ], [ -134069.640614024800016, 4237566.326085243374109 ], [ -133542.645906967343763, 4238106.952298141084611 ], [ -133241.857303256605519, 4238709.926556122489274 ], [ -133090.590256597148255, 4239429.022476486861706 ], [ -132841.200199497427093, 4240201.406110662966967 ], [ -132837.731595483550336, 4240931.01446707546711 ], [ -133289.642530521115987, 4241363.479228302836418 ], [ -133333.298695218953071, 4242237.007753758691251 ], [ -132867.038232551974943, 4242412.60686877835542 ], [ -132195.094082567753503, 4242612.264239048585296 ], [ -131527.659707806975348, 4243095.793990644626319 ], [ -130828.316602879131096, 4243069.086506076157093 ], [ -130047.968308246621746, 4242567.715943034738302 ], [ -129483.498005937319249, 4242208.712007177993655 ], [ -128886.354765164200217, 4242070.356460174545646 ], [ -128371.641492244583787, 4242613.189196759834886 ], [ -127981.32763895780954, 4243649.706867307424545 ], [ -127452.239791528845672, 4244345.310786821879447 ], [ -127023.369764698974905, 4244838.205276536755264 ], [ -126650.518488615984097, 4245236.830055887810886 ], [ -126369.224154145020293, 4245734.587490078993142 ], [ -125925.056491573443054, 4245996.512970798648894 ], [ -125341.895312785127317, 4246430.865960942581296 ], [ -124679.799152882216731, 4247228.134609839878976 ], [ -124049.673839423427125, 4248001.998945580795407 ], [ -123518.287578450719593, 4248357.747732777148485 ], [ -122938.293884467915632, 4248866.603968947194517 ], [ -122368.969718395819655, 4249276.880690789781511 ], [ -121823.684885040347581, 4249630.841298762708902 ], [ -121377.61978174901742, 4249832.082156624644995 ], [ -120832.728240159005509, 4249991.04204982612282 ], [ -120437.418256817691145, 4250314.198212456889451 ], [ -119708.667882009220193, 4250365.79174461774528 ], [ -119003.347031741490355, 4250164.602025026455522 ], [ -119225.832281111841439, 4250843.993786538951099 ], [ -118532.219346974903601, 4251139.924439084716141 ], [ -117709.322182615782367, 4250878.284776422195137 ], [ -117649.032993550703395, 4251816.670353271998465 ], [ -117493.993106711932342, 4253086.192185622639954 ], [ -116946.870388567229384, 4253747.868406773544848 ], [ -116789.920927166953334, 4254479.645573210902512 ], [ -116276.708240996682434, 4254938.501396944746375 ], [ -115730.179968917145743, 4255456.412046222016215 ], [ -114813.601664461268228, 4255715.056459549814463 ], [ -114222.933544505038299, 4256282.182052473537624 ], [ -113819.082461903279182, 4256733.282740693539381 ], [ -113138.588307111247559, 4256577.828969260677695 ], [ -112434.732977950712666, 4256263.384218915365636 ], [ -111584.683542631537421, 4256259.364445951767266 ], [ -110847.969037500704871, 4256431.271390934474766 ], [ -110185.194719249659101, 4256971.726421302184463 ], [ -109516.18495105454349, 4257554.328247076831758 ], [ -108933.328453730209731, 4257947.729632799513638 ], [ -108144.664927087331307, 4258301.405070655979216 ], [ -107764.709575065426179, 4259309.665456062182784 ], [ -107545.038927706948016, 4260136.041309340856969 ], [ -106976.991707519322517, 4260675.415112073533237 ], [ -106650.274234054697445, 4261196.181968665681779 ], [ -106367.449813177605392, 4261761.958907571621239 ], [ -105846.301049165704171, 4262082.578502479940653 ], [ -105311.310708380391588, 4262523.741624502465129 ], [ -104733.122839170857333, 4262929.360777891241014 ], [ -104014.093550212157425, 4263295.101105039939284 ], [ -103241.23861579305958, 4263080.16108478512615 ], [ -102532.985053542506648, 4262551.518300254829228 ], [ -101856.911061776059796, 4262161.900571436621249 ], [ -101579.656177648561425, 4261391.32156019564718 ], [ -101061.037928325662506, 4260817.025582726113498 ], [ -100527.696897094210726, 4260432.214162944816053 ], [ -99739.146805015130667, 4260276.639238295145333 ], [ -98541.001210672722664, 4260305.239596309140325 ], [ -97891.540146942192223, 4260659.137332065962255 ], [ -97137.460023871113663, 4261026.448361643590033 ], [ -96549.027087966809631, 4261396.890161366201937 ], [ -95835.936137253724155, 4261710.933506103232503 ], [ -95298.409047890585498, 4262169.376949198544025 ], [ -94802.875566640228499, 4262599.899864210747182 ], [ -94400.507927571321488, 4263129.365411561913788 ], [ -94049.504103457918973, 4263631.518971546553075 ], [ -93684.22177351420396, 4264323.558006022125483 ], [ -93326.683495264704106, 4264878.066543365828693 ], [ -92967.270485490837018, 4265700.717201279476285 ], [ -92596.168929181527346, 4266305.978010917082429 ], [ -92178.712935015122639, 4266975.053719465620816 ], [ -92027.009627265608287, 4267819.244224170222878 ], [ -91857.798546615085797, 4268650.79345618467778 ], [ -91310.785589479186456, 4268572.916352 ], [ -90510.068944983082474, 4268589.674587661400437 ], [ -89834.647842029167805, 4269112.177730890922248 ], [ -89080.595548833880457, 4269388.084453379735351 ], [ -88426.727903051258181, 4269128.289069831371307 ], [ -88478.162962455084198, 4268221.831401897594333 ], [ -88089.295928609019029, 4267759.749738921411335 ], [ -87624.820473962870892, 4267342.923200174234807 ], [ -87119.548986301902914, 4266923.795177021063864 ], [ -86659.107304733595811, 4266638.018712181597948 ], [ -86195.281176669668639, 4266371.290153925307095 ], [ -85743.88275658954808, 4266112.233731425367296 ], [ -85286.226622636881075, 4265895.041086131706834 ], [ -84757.393696822575293, 4265647.401800024323165 ], [ -84113.228991814758047, 4265380.69730566162616 ], [ -83597.85748675292416, 4265152.148580942302942 ], [ -82940.737308074661996, 4264952.139678253792226 ], [ -82288.79593477139133, 4264733.082436881028116 ], [ -81711.625637029501377, 4264561.702450854703784 ], [ -80875.170092654385371, 4264609.980873584747314 ], [ -79965.72458454707521, 4264879.425811044871807 ], [ -79172.60594057381968, 4265078.357440899126232 ], [ -78283.696206858134246, 4265208.061407738365233 ], [ -78277.873863535482087, 4264517.900583199225366 ], [ -78390.900883997077472, 4263696.017830975353718 ], [ -78250.381066253787139, 4262838.625833548605442 ], [ -77648.456208069022978, 4262281.899335473775864 ], [ -76870.08405703290191, 4261819.089459449984133 ], [ -76140.048610027137329, 4261583.71826601959765 ], [ -75446.18943717989896, 4261571.463051939383149 ], [ -74761.805668063709163, 4261494.508409314788878 ], [ -74119.914552337300847, 4261845.496129866689444 ], [ -73355.582683403059491, 4261288.844230273738503 ], [ -72694.802987797258538, 4260960.161597717553377 ], [ -71779.537028797611129, 4260919.277349201031029 ], [ -70893.036137544375379, 4260996.770851235836744 ], [ -70367.441384398727678, 4261272.470524651929736 ], [ -69493.375214221028727, 4261300.749927369877696 ], [ -68681.030692322121467, 4261685.805412147194147 ], [ -68022.375083920705947, 4262066.651141071692109 ], [ -67374.061278847279027, 4262571.337925415486097 ], [ -66877.807894450903405, 4263038.863425456918776 ], [ -66559.74128124921117, 4263547.062204713001847 ], [ -66042.399755161532084, 4264001.436534692533314 ], [ -65493.567837552203855, 4264688.907944550737739 ], [ -65060.035527814710804, 4265283.99629429820925 ], [ -64548.893161514875828, 4265899.82207837421447 ], [ -64082.57303160540323, 4266684.997440159320831 ], [ -63535.700893623172306, 4267398.781951429322362 ], [ -63022.800903892413771, 4268024.433984666131437 ], [ -62771.840462745742116, 4268539.842406591400504 ], [ -62312.921075206708338, 4269126.06147812306881 ], [ -61490.385699201266107, 4269629.774397721514106 ], [ -60896.885945341338811, 4268973.526860168203712 ], [ -60167.078035373015155, 4268743.049927174113691 ], [ -59686.654171252201195, 4268593.921977869234979 ], [ -59184.844274469120137, 4268695.802217313088477 ], [ -58593.175614937019418, 4269054.356482808478177 ], [ -58106.144716392998816, 4269591.386116840876639 ], [ -57620.883241147683293, 4269905.152639633975923 ], [ -57194.034108357176592, 4270523.900044911541045 ], [ -56575.06490029575798, 4271182.972897472791374 ], [ -56173.360502769137383, 4271778.878649416379631 ], [ -55849.671587367723987, 4272349.457759644836187 ], [ -55603.058061018011358, 4273045.372843039222062 ], [ -55280.565718824451324, 4273868.720259364694357 ], [ -54995.978887765661057, 4274835.910712248645723 ], [ -54632.393066872275085, 4276160.422286075539887 ], [ -54316.45276727288001, 4277030.876231718808413 ], [ -54054.772036507696612, 4277949.73626371845603 ], [ -53874.028033956659783, 4278980.658468678593636 ], [ -53763.233414570182504, 4279854.98185951448977 ], [ -53723.218733049579896, 4280726.078848734498024 ], [ -53623.511757576256059, 4281351.834488849155605 ], [ -53441.887774454808095, 4282779.284565133973956 ], [ -54187.879089357164048, 4283469.529642380774021 ], [ -53768.316151196493593, 4284029.557042528875172 ], [ -53237.073937652821769, 4284389.233792037703097 ], [ -52657.258466175691865, 4284856.79300573002547 ], [ -51955.695205313779297, 4284794.583187372423708 ], [ -51365.929663786067977, 4284210.815101833082736 ], [ -50744.581892166199395, 4284090.097054350189865 ], [ -49979.351897586602718, 4283876.253543624654412 ], [ -49237.200659839996661, 4283931.261351617053151 ], [ -48600.197248985386977, 4284114.380227001383901 ], [ -47836.5448742317094, 4284160.239186219871044 ], [ -47029.35711641596572, 4284246.139849786646664 ], [ -46349.13947923820524, 4284503.688592290505767 ], [ -45934.70803564407106, 4284789.96592221967876 ], [ -45485.344424525363138, 4285267.076413786970079 ], [ -45035.011888554559846, 4285635.074598564766347 ], [ -44370.930902125575813, 4285697.725910390727222 ], [ -43747.003189985596691, 4286136.845543369650841 ], [ -43261.592769267481344, 4286984.731790259480476 ], [ -43160.615861052006949, 4287759.064702142030001 ], [ -42255.07532937329961, 4287998.631398323923349 ], [ -41743.502935878561402, 4287896.304259059950709 ], [ -41064.498569845527527, 4287974.199366817250848 ], [ -40113.035185979977541, 4287944.202937456779182 ], [ -39406.574980731325923, 4287692.109152396209538 ], [ -38690.170382723037619, 4287846.395641689188778 ], [ -37904.56569306635356, 4288069.215864506550133 ], [ -37643.242409196303925, 4287483.735543281771243 ], [ -37709.499770112437545, 4286881.628533450886607 ], [ -37265.20865422130737, 4286128.378850175067782 ], [ -36581.606013975346286, 4285783.668256046250463 ], [ -36039.716981691060937, 4285324.331089707091451 ], [ -35302.831712438506656, 4284906.728441718034446 ], [ -34782.220176315444405, 4284847.262055235914886 ], [ -34233.357311885898525, 4284627.563505760394037 ], [ -33498.638876538374461, 4284080.289936204440892 ], [ -32856.176914457078965, 4283542.774539562873542 ], [ -32573.715729078030563, 4282795.652952518314123 ], [ -32794.312109327358485, 4281844.636939819902182 ], [ -33462.42887257647817, 4281275.179003003053367 ], [ -34180.285967291107227, 4281195.300386988557875 ], [ -34273.723540348750248, 4280132.605850812979043 ], [ -33970.723797607584856, 4279245.793652038089931 ], [ -33797.801659080862009, 4278483.995533023960888 ], [ -33326.730301975745533, 4277816.113441630266607 ], [ -32941.607387874035339, 4277127.861583629623055 ], [ -32292.170035184753942, 4277001.59246021695435 ], [ -31614.401649453873688, 4276377.603477092459798 ], [ -31011.748761791295692, 4275760.586643861606717 ], [ -30246.945677455853001, 4275700.743229151703417 ], [ -29446.120385140387953, 4275645.703255526721478 ], [ -28899.411886819216306, 4275674.836078832857311 ], [ -27942.804651915117574, 4275266.561783235520124 ], [ -27330.469751561126031, 4275014.37136725243181 ], [ -26981.498287374597567, 4274398.982681684195995 ], [ -26161.08955892004451, 4274208.941188121214509 ], [ -25572.59183507385751, 4273994.3505122018978 ], [ -24859.304071494247182, 4273828.269686074927449 ], [ -24011.00190689527517, 4273803.83250645827502 ], [ -23354.064848798072489, 4273594.508941235952079 ], [ -22563.813794904461247, 4273433.35506914742291 ], [ -22061.195384661285061, 4273481.777761423029006 ], [ -21227.958643353114894, 4273384.402652959339321 ], [ -20665.002174811637815, 4273260.314051367342472 ], [ -19681.953332591208891, 4273193.623546461574733 ], [ -18087.897854169019411, 4272692.52181441616267 ], [ -17557.474840757447964, 4271899.441964437253773 ], [ -16187.690510298256413, 4271821.224653740413487 ], [ -15567.562911609171351, 4271744.897337361238897 ], [ -14815.956196312128668, 4271669.997089559212327 ], [ -13046.819315204753366, 4271568.821612745523453 ], [ -12550.493461820602533, 4271478.971591608598828 ], [ -11946.943784332434007, 4271626.423032395541668 ], [ -11394.774063126058536, 4271744.923548984341323 ], [ -10805.295837202933399, 4272031.421593386679888 ], [ -10253.391835601540151, 4272518.579197799786925 ], [ -9910.514556944805008, 4273003.022222133353353 ], [ -9384.863810098961039, 4273339.854517365805805 ], [ -8639.433879387266643, 4273712.787762596271932 ], [ -7787.772426522615206, 4274081.489451549947262 ], [ -7204.820083117870126, 4274299.33806280605495 ], [ -6716.684115981546711, 4274517.216147691942751 ], [ -6158.676689348071704, 4274737.819717485457659 ], [ -5705.102975082499142, 4274947.543015458621085 ], [ -5250.113499527403292, 4275233.539328332059085 ], [ -4693.42765789040277, 4275621.958847183734179 ], [ -4118.709839858129271, 4276213.521382438950241 ], [ -3299.888638654318584, 4276648.450924044474959 ], [ -2459.493720137352739, 4277125.15468530729413 ], [ -1804.390984599066542, 4277601.978576852940023 ], [ -1341.274629619700136, 4277960.339488968253136 ], [ -821.622444859870711, 4278293.7129275649786 ], [ -369.856559128821857, 4278595.73332648165524 ], [ 125.01178816793859, 4278951.786784753203392 ], [ 563.244786042531814, 4279276.367890691384673 ], [ 946.237935655253978, 4279625.42231204919517 ], [ 1486.914142087051005, 4280153.446706375107169 ], [ 2002.234106231844862, 4280609.208849295042455 ], [ 2489.232276849987102, 4281031.276327353902161 ], [ 3116.200792181557517, 4281627.663463870063424 ], [ 3413.069502676782577, 4282209.313441912643611 ], [ 3786.495409949996429, 4282807.329110435210168 ], [ 4217.606186804406207, 4283439.717219438403845 ], [ 4514.605252424248647, 4284102.966591918841004 ], [ 4863.826851500000885, 4284924.090544425882399 ], [ 5102.195165811577681, 4285652.616907521151006 ], [ 5228.073576213090746, 4286314.817195357754827 ], [ 5526.40970021420253, 4286921.776914813555777 ], [ 5735.395791544126951, 4287944.290897746570408 ], [ 6148.447207394397083, 4288560.160764925181866 ], [ 6354.534093901931556, 4289288.125370964407921 ], [ 6555.812534993186091, 4290046.150763439945877 ], [ 7316.436351696313977, 4290240.10081079043448 ], [ 8087.8681777475731, 4290481.172350399196148 ], [ 8235.367838869366096, 4291289.059545200318098 ], [ 8533.518393292839392, 4291813.10680928081274 ], [ 8926.965333640275276, 4292247.748698255047202 ], [ 9359.977781348334247, 4292930.849706771783531 ], [ 9751.819828591955229, 4293832.441541823558509 ], [ 10049.680729700941811, 4294651.648522437550128 ], [ 10281.579489174586342, 4295328.95054236985743 ], [ 10249.185406034956031, 4296023.903095559217036 ], [ 10523.782871254521524, 4296691.59324305318296 ], [ 10976.301944674347396, 4297183.320038659498096 ], [ 11251.798426123741592, 4298075.201172051019967 ], [ 11583.028012502742058, 4298561.873909879475832 ], [ 11999.581984825877953, 4299033.781401469372213 ], [ 12436.647797831123171, 4299655.585302953608334 ], [ 12874.445091238858367, 4300523.648133180104196 ], [ 13284.110947423030666, 4301038.042759986594319 ], [ 13413.087824535332402, 4301644.682098983787 ], [ 13817.040987093676449, 4302178.207323026843369 ], [ 14060.378158194540447, 4302936.319651049561799 ], [ 14028.38927801277714, 4303755.981690897606313 ], [ 14154.625469245380373, 4304700.922059892676771 ], [ 14550.401769925139888, 4305504.985647501423955 ], [ 14961.11113504144123, 4306199.988645166158676 ], [ 15646.58271820884147, 4306660.749609324149787 ], [ 16045.84009070547836, 4307132.690446027554572 ], [ 16625.788366329110431, 4307648.303272584453225 ], [ 17150.75550019147704, 4308209.254509055987 ], [ 17589.502460148942191, 4308804.819911180995405 ], [ 18067.776856230462727, 4309259.095138478092849 ], [ 18490.52108279409731, 4309673.622810217551887 ], [ 18852.899532489303965, 4310245.668600031174719 ], [ 19407.74815726592351, 4310853.048594350926578 ], [ 19986.762796316186723, 4311329.183170800097287 ], [ 20418.234137022805953, 4311594.540896824561059 ], [ 20939.701831363054225, 4312120.577939810231328 ], [ 21392.442430542803777, 4312832.032082258723676 ], [ 21921.142218255674379, 4313405.423954351805151 ], [ 22392.171719231959287, 4314068.526461171917617 ], [ 22704.055536589748954, 4314863.11418894585222 ], [ 23214.304897924626857, 4315597.118567625060678 ], [ 24208.941319881716481, 4316142.979525933973491 ], [ 24824.153717784469336, 4316812.068689938634634 ], [ 25533.075530933027039, 4317104.896397736854851 ], [ 26136.38119607718545, 4317390.530133135616779 ], [ 26781.577053532470018, 4317448.118023077957332 ], [ 27597.882656872145162, 4317490.227758666500449 ], [ 28077.224829518603656, 4317547.793577848002315 ], [ 28581.257331244964007, 4317681.694631186313927 ], [ 29093.849633910940611, 4317930.916598783805966 ], [ 29589.963201024798764, 4318404.490485699847341 ], [ 30185.059276358162606, 4318613.299226322211325 ], [ 30866.859320106272207, 4318638.786529171280563 ], [ 31717.624762379855383, 4318925.213187004439533 ], [ 32463.064155255771766, 4319367.825835837982595 ], [ 32894.887488158914493, 4319812.320090048015118 ], [ 33385.713602116396942, 4320371.679712985642254 ], [ 33678.22782807443582, 4321110.533948161639273 ], [ 34225.548583593430521, 4321089.340631879866123 ], [ 34838.174361788675014, 4321402.911160896532238 ], [ 35485.890937788477459, 4321816.956789944320917 ], [ 36192.793526691384614, 4322376.920202895067632 ], [ 36712.69673691225762, 4322989.560891814529896 ], [ 37060.119190389508731, 4323712.794651084579527 ], [ 37379.316698285343591, 4324510.621325904503465 ], [ 37694.804372838065319, 4325359.109757483005524 ], [ 37780.78420793494297, 4326365.307746052742004 ], [ 37867.872562536133046, 4327029.583916406147182 ], [ 38486.55233990704437, 4327485.700208802707493 ], [ 39227.992914035232388, 4327860.97078634146601 ], [ 39785.951916696096305, 4328206.100800673477352 ], [ 40296.994874678865017, 4328522.753703517839313 ], [ 40921.003961372953199, 4328798.799449705518782 ], [ 41392.837300389554002, 4329035.061858103610575 ], [ 42080.497981352498755, 4329279.555905760265887 ], [ 42763.858279073443555, 4329628.732602921314538 ], [ 43437.75575215301069, 4329656.184211387299001 ], [ 44468.509560266975313, 4329442.341488968580961 ], [ 45362.637729075926472, 4329383.29773189034313 ], [ 45850.844718036642007, 4329506.357039955444634 ], [ 46317.39672645473911, 4329699.341397442854941 ], [ 46831.508874128106982, 4329862.261484833434224 ], [ 47369.921621352594229, 4330049.035273351706564 ], [ 48052.911113847905654, 4330201.428308932110667 ], [ 48712.611233033625467, 4330526.510792128741741 ], [ 49238.96485114000825, 4330784.88846402708441 ], [ 49677.004487072757911, 4331045.78835385106504 ], [ 50324.279347328192671, 4331163.696780026890337 ], [ 50781.211793274203956, 4331449.795499933883548 ], [ 51276.549352217203705, 4331901.706818776205182 ], [ 51755.408509588349261, 4332255.529703847132623 ], [ 52486.917158734569966, 4332345.512578600086272 ], [ 53190.322868474540883, 4332720.757539069280028 ], [ 53902.963977149411221, 4333339.641706363297999 ], [ 54423.54623624595115, 4333957.625439785420895 ], [ 54859.636445249663666, 4334519.791729562915862 ], [ 55442.189819617022295, 4334866.665816884487867 ], [ 55978.42204065102851, 4335149.673087751492858 ], [ 56529.855160787177738, 4335401.601889276877046 ], [ 57121.973773726429499, 4335739.929889562539756 ], [ 57880.956741118148784, 4335997.907572762109339 ], [ 58309.129907933340291, 4336339.341985191218555 ], [ 58891.143494077994546, 4336612.380419529043138 ], [ 59382.055212717146787, 4336844.031709419563413 ], [ 59888.472400572471088, 4337044.001466567628086 ], [ 60332.034373802649498, 4337368.933567604981363 ], [ 61030.889788035368838, 4337826.461328839883208 ], [ 61724.045199062908068, 4338239.514615623280406 ], [ 62241.712112042383524, 4338645.005451418459415 ], [ 63007.611359397466003, 4338896.388743701390922 ], [ 63644.056725636124611, 4339025.829258801415563 ], [ 64460.556692801445024, 4339500.503213062882423 ], [ 64933.487085422166274, 4339654.65729621052742 ], [ 65998.993168767687166, 4339909.172613131813705 ], [ 66695.068490039077005, 4340541.116794914007187 ], [ 67107.554402895766543, 4340878.11479730065912 ], [ 67598.24103352567181, 4341302.040226532146335 ], [ 68177.043942909876932, 4341928.020777246914804 ], [ 68895.899462146073347, 4342349.74814617075026 ], [ 69610.712859348655911, 4342697.383307893760502 ], [ 70227.058489655464655, 4342862.317764341831207 ], [ 70731.472260636510327, 4343201.250251673161983 ], [ 71202.208323450337048, 4343528.755904064513743 ], [ 71546.138127879545209, 4344063.113967580720782 ], [ 71887.583281309125596, 4344982.010272554121912 ], [ 72493.555827493808465, 4345525.472292085178196 ], [ 73082.103311138707795, 4345871.594290977343917 ], [ 73647.104941383964615, 4346277.822139450348914 ], [ 74243.649394627078436, 4346212.110947898589075 ], [ 74955.531972289842088, 4346220.301023367792368 ], [ 75664.649485096466378, 4346096.628520945087075 ], [ 76286.543724088463932, 4346292.765727297402918 ], [ 77037.922123119860771, 4346228.643656113184988 ], [ 77792.212306069646729, 4346066.709024062380195 ], [ 78804.959963915505796, 4346085.950359474867582 ], [ 79460.453653496675543, 4346193.656459428369999 ], [ 79933.62828106006782, 4346162.870031273923814 ], [ 80505.699144245081698, 4346162.870031273923814 ], [ 81093.10426730196923, 4346186.723287333734334 ], [ 81835.24348253782955, 4346412.252303747460246 ], [ 82364.319084838411072, 4346427.51583335455507 ], [ 82917.657549402167206, 4346546.600683385506272 ], [ 83791.099885144576547, 4346661.812394736334682 ], [ 84630.703878665808588, 4346912.355129866860807 ], [ 85222.066409614839358, 4347245.985227351076901 ], [ 85940.751832658192143, 4347669.407249074429274 ], [ 86587.980829306514352, 4348189.063044872134924 ], [ 86983.228251091190032, 4348828.334042423404753 ], [ 87717.754326368012698, 4349163.615673412568867 ], [ 88191.480319366281037, 4349519.740775041282177 ], [ 88627.802852139211609, 4349838.149737760424614 ], [ 89238.997840927055222, 4350418.936461996287107 ], [ 89628.519544710346963, 4351043.266168634407222 ], [ 90250.459981289706775, 4351101.454517202451825 ], [ 90835.977793681930052, 4350962.747196121141315 ], [ 91285.353093350116978, 4350571.605518124066293 ], [ 91830.371984451310709, 4350375.535459632053971 ], [ 92692.747493020317052, 4350563.368309700861573 ], [ 93481.538257837062702, 4350750.798571540974081 ], [ 94257.998830563083175, 4351166.474353848025203 ], [ 95085.437162220128812, 4351365.003161474131048 ], [ 95719.326966908789473, 4351576.128035372123122 ], [ 96392.761907516847714, 4351853.164054858498275 ], [ 97127.419673731739749, 4352254.131164257414639 ], [ 97779.622425219436991, 4352758.952728354372084 ], [ 98308.336016529734479, 4353119.326972759328783 ], [ 99165.629011115393951, 4353485.769812732934952 ], [ 99716.834594233077951, 4353915.743722069077194 ], [ 100428.854985398080316, 4354619.222242766059935 ], [ 100912.188184421727783, 4355186.592991948127747 ], [ 101493.997944570175605, 4355793.254446133039892 ], [ 101865.344515088305343, 4356392.113444065675139 ], [ 102174.998269087212975, 4357137.213207081891596 ], [ 102516.704466714640148, 4357832.132803316228092 ], [ 102747.380492879339727, 4358619.905118567869067 ], [ 102877.72771293464757, 4359876.070686722174287 ], [ 103100.360126672167098, 4360589.192413318902254 ], [ 103502.224824259799789, 4361160.830288176424801 ], [ 103943.383187045226805, 4361532.528216558508575 ], [ 104166.415015112361289, 4362206.366702143102884 ], [ 104833.589013578821323, 4362630.677762839943171 ], [ 105521.60068491777929, 4362680.224863743409514 ], [ 106177.79123450726911, 4362701.987015925347805 ], [ 106657.010510425709072, 4362837.371151428669691 ], [ 107143.289445807735319, 4362970.527993449941278 ], [ 107693.511075930146035, 4363205.10276991315186 ], [ 108442.970994859046186, 4363563.932009549811482 ], [ 109183.334886862299754, 4363924.948049374856055 ], [ 109771.294714922449202, 4364137.680028777569532 ], [ 110418.827725093244226, 4364283.436499535106122 ], [ 110901.933609697080101, 4364256.455627678893507 ], [ 111561.610351809169515, 4364469.358199791051447 ], [ 112187.796847723991959, 4364789.337880210019648 ], [ 112835.025955677963793, 4364944.423230177722871 ], [ 113492.38524861219048, 4365305.983905624598265 ], [ 114013.296790773121757, 4365554.989588796161115 ], [ 114760.846578542666975, 4365895.945072833448648 ], [ 115618.842555719820666, 4366244.63982296641916 ], [ 116354.20909314812161, 4366816.222894983366132 ], [ 117029.545036687297397, 4367099.324643363244832 ], [ 117561.943191836748156, 4367324.534950871951878 ], [ 118185.063726342705195, 4367820.43546156771481 ], [ 118875.767548232441186, 4368012.662901823408902 ], [ 119493.199100153811742, 4367970.880385898984969 ], [ 119923.541661214243504, 4368239.013942141085863 ], [ 120579.114721588237444, 4368672.955432499758899 ], [ 121359.911411120876437, 4368849.447837472893298 ], [ 121936.107440687323106, 4368916.106571394950151 ], [ 122426.037321404437535, 4368797.684955244883895 ], [ 122843.695137805800186, 4368362.183453616686165 ], [ 123835.224855420950917, 4368328.015413479879498 ], [ 124670.806207847577753, 4368473.154629253782332 ], [ 125568.430810546211433, 4368606.336011779494584 ], [ 126752.213073630191502, 4368669.667896347120404 ], [ 127389.693933762144297, 4369030.829888500273228 ], [ 127936.647112330902019, 4369386.183101259171963 ], [ 128545.842023812860134, 4369757.537907715886831 ], [ 129069.802606840821682, 4370064.782619544304907 ], [ 129624.555274206068134, 4370302.196645768359303 ], [ 130116.991067973824102, 4370525.286863363347948 ], [ 130568.497579300717916, 4370794.569698906503618 ], [ 131201.210959611402359, 4371254.708066227845848 ], [ 131893.24683052036562, 4371636.154708703048527 ], [ 132733.025261711940402, 4371643.69547588005662 ], [ 133351.544071099284338, 4371264.21488780528307 ], [ 133968.109668722259812, 4371300.732435191050172 ], [ 134647.126725169626297, 4371208.800375065766275 ], [ 135489.563465809304034, 4370772.5310283517465 ], [ 136259.548361114226282, 4370518.565792378969491 ], [ 136959.079929933795938, 4370281.492369080893695 ], [ 137506.523248213197803, 4370356.393429963849485 ], [ 138236.433572118374286, 4370256.869981227442622 ], [ 138886.425295881286729, 4370217.656696269288659 ], [ 139474.061629511590581, 4370179.091266298666596 ], [ 140253.538292516808724, 4370287.618061005137861 ], [ 140881.084333378006704, 4370558.478047115728259 ], [ 141732.878145115915686, 4370611.865796798840165 ], [ 142421.987426625215448, 4370640.740784901194274 ], [ 142952.815531670028577, 4370653.596420189365745 ], [ 143440.385105209308676, 4370847.73827506788075 ], [ 144249.593311791162705, 4371099.808587978594005 ], [ 145136.023515174922068, 4371466.902634667232633 ], [ 145806.562590541638201, 4371762.578186366707087 ], [ 146410.162139146850677, 4372153.621847855858505 ], [ 146783.516245354810962, 4373124.062189052812755 ], [ 147537.320963994745398, 4373793.273362165316939 ], [ 147991.863937073678244, 4374238.344459645450115 ], [ 148240.82485753131914, 4374996.672670217230916 ], [ 148859.002138732204912, 4375658.711064886301756 ], [ 149262.972778468276374, 4376556.180923621170223 ], [ 150077.351775386283407, 4376756.024942054413259 ], [ 150878.256772468535928, 4376926.981094426475465 ], [ 151638.809567309304839, 4376981.039838159456849 ], [ 152176.83670382690616, 4376670.653758662752807 ], [ 152904.529654800135177, 4376665.079815479926765 ], [ 153626.042704237246653, 4376682.2890141364187 ], [ 154144.731975403527031, 4376754.194106294773519 ], [ 154582.18417836286244, 4376051.97111786250025 ], [ 154655.856975843984401, 4375307.216691450215876 ], [ 155095.905817260238109, 4374846.302711534313858 ], [ 155602.085004049091367, 4374774.333392806351185 ], [ 156231.098569772468181, 4374964.683657844550908 ], [ 157091.894343442312675, 4374979.240203259512782 ], [ 157734.571263471385464, 4374525.926077838987112 ], [ 158449.861330729501788, 4374950.237141206860542 ], [ 159241.790525942895329, 4375037.398415322415531 ], [ 160152.097646902693668, 4374700.152236888185143 ], [ 160937.745751163602108, 4374844.822869651950896 ], [ 161577.099673064221861, 4375127.427606659941375 ], [ 162370.260395796620287, 4375393.469725248403847 ], [ 163237.315998386940919, 4375210.028163317590952 ], [ 163457.800947840092704, 4374623.161186096258461 ], [ 163837.243784923542989, 4374103.613485708832741 ], [ 164678.635792123357533, 4373810.197690452449024 ], [ 165345.584925223549362, 4373641.814794775098562 ], [ 165809.344150265998906, 4373496.400281745940447 ], [ 166329.800173066149, 4373584.212469985708594 ], [ 167014.554190816415939, 4373664.255572470836341 ], [ 167726.558440661407076, 4373667.357204504311085 ], [ 168437.78946533772978, 4373797.208183668553829 ], [ 169086.734117957181297, 4374197.772484073415399 ], [ 169434.2326026209048, 4374751.361730189062655 ], [ 169688.499121347820619, 4375383.85213590785861 ], [ 170390.130954999593087, 4375049.14731028676033 ], [ 170991.402256449247943, 4375036.916117622517049 ], [ 171558.830651601601858, 4374977.165683376602829 ], [ 172334.432951062481152, 4375084.198991233482957 ], [ 172927.842981406196486, 4375367.168209763243794 ], [ 173673.828173738002079, 4375055.07704477198422 ], [ 174485.056495099357562, 4374642.374364245682955 ], [ 175297.345357265643543, 4374411.505115400999784 ], [ 176167.957728917041095, 4374482.576030800119042 ], [ 176784.182800218404736, 4374816.124147155322134 ], [ 177330.448692236037459, 4374854.177701601758599 ], [ 177919.048941331042442, 4374694.678241557441652 ], [ 178399.352914362592855, 4374715.994003426283598 ], [ 178978.714981558558065, 4375031.642849772237241 ], [ 179576.093217791029019, 4375513.398310435935855 ], [ 180031.430010141863022, 4375753.937763817608356 ], [ 180511.513013992400374, 4375681.546390567906201 ], [ 181015.811680628627073, 4375629.64090181235224 ], [ 181500.863875210779952, 4375953.155472709797323 ], [ 181932.357368489610963, 4376340.164431765675545 ], [ 182684.813228874147171, 4376721.442126133479178 ], [ 183782.039467163995141, 4377094.241880289278924 ], [ 184734.716567434865283, 4377198.195630636997521 ], [ 185455.165847804339137, 4376992.384003881365061 ], [ 186131.573241463396698, 4376796.69224707223475 ], [ 186954.887965227069799, 4376906.805151486769319 ], [ 187836.167527085577603, 4376932.531615996733308 ], [ 188566.936792178428732, 4376831.890993357636034 ], [ 189523.659020102699287, 4376902.248923169448972 ], [ 190225.997175933327526, 4376902.248923169448972 ], [ 190892.349302602873649, 4377124.997114350087941 ], [ 191361.214975319191581, 4377259.755841560661793 ], [ 191979.664877949107904, 4377336.673551241867244 ], [ 192851.71059936072561, 4377409.891114350408316 ], [ 193402.140062989259604, 4377394.494230022653937 ], [ 193859.840613417269196, 4377567.64119756873697 ], [ 194432.180201852374012, 4377654.790652497671545 ], [ 194977.143099253356922, 4377980.979372479021549 ], [ 195715.937831704795826, 4378125.873942549340427 ], [ 196290.214379278593697, 4377810.138882583007216 ], [ 197092.217209186783293, 4377760.126841989345849 ], [ 197591.987398920406122, 4377837.312155508436263 ], [ 198090.684246154385619, 4377673.624140199273825 ], [ 198898.543037857627496, 4377625.449957933276892 ], [ 199895.79736028474872, 4377856.410528622567654 ], [ 200644.054249467648333, 4378021.925460889004171 ], [ 201402.138423297816189, 4377991.156424918211997 ], [ 201988.178101468074601, 4378058.518990995362401 ], [ 203096.978115916164825, 4378288.296305662952363 ], [ 204011.012992663745536, 4378546.35740677267313 ], [ 204578.28620842914097, 4378928.769810692407191 ], [ 205247.861257006472442, 4379136.443944092839956 ], [ 206226.053229838056723, 4379312.465097312815487 ], [ 207046.500029573449865, 4379206.149633465334773 ], [ 207652.115462836896768, 4379075.485432273708284 ], [ 208364.766367586678825, 4379152.521249293349683 ], [ 209197.709893362683943, 4378990.283838058821857 ], [ 209786.41567334526917, 4379082.856242819689214 ], [ 210352.647161309520015, 4379261.644617882557213 ], [ 210821.562705155520234, 4379418.769696698524058 ], [ 211288.369189933990128, 4379635.621478674933314 ], [ 211824.87314186320873, 4379899.089416139759123 ], [ 212419.222597376880003, 4379916.24517956096679 ], [ 212882.992286435706774, 4380258.126829613000154 ], [ 213830.604572512238519, 4380111.420780947431922 ], [ 215235.970508409198374, 4379635.066064475104213 ], [ 215919.625357513694325, 4379338.576571684330702 ], [ 216606.604651865782216, 4379145.302440077066422 ], [ 217325.630601249780739, 4379004.855974204838276 ], [ 218387.132077231974108, 4378991.990313780494034 ], [ 219201.509404350013938, 4378876.596187657676637 ], [ 219716.882022632926237, 4378876.640262809582055 ], [ 220389.56477742336574, 4378784.50595385581255 ], [ 221649.440591636986937, 4378796.318835590966046 ], [ 222521.7439063534257, 4378765.807587175630033 ], [ 223339.906430129107321, 4378972.823940203525126 ], [ 223964.386732218059478, 4379024.733577521517873 ], [ 224726.110608126124134, 4379069.184785556048155 ], [ 225214.829778070386965, 4379092.290316661819816 ], [ 225672.432812624290818, 4379253.924951422028244 ], [ 226581.608816228021169, 4379369.3494802871719 ], [ 227389.895520046527963, 4379539.387768183834851 ], [ 227856.221661233546911, 4379856.023949653841555 ], [ 228709.015901229024166, 4380124.134198878891766 ], [ 229525.273080596060026, 4380189.518383177928627 ], [ 230342.427383749978617, 4380436.008429267443717 ], [ 231005.980827097315341, 4380424.782462182454765 ], [ 231590.906419809616636, 4380535.002830572426319 ], [ 232326.452849530935055, 4380627.176328151486814 ], [ 233017.159343085513683, 4380753.688924324698746 ], [ 233762.40403816185426, 4381171.072559461928904 ], [ 234678.995478349592304, 4381396.15337841399014 ], [ 235373.726728078356246, 4381257.517298731952906 ], [ 236037.506150013068691, 4381417.906567023135722 ], [ 236559.144831086363411, 4381675.010283241048455 ], [ 237074.45065764078754, 4381687.516216035932302 ], [ 237522.138799123553326, 4381984.122917181812227 ], [ 238232.984658353554551, 4382120.820335450582206 ], [ 238973.596681491064373, 4382467.371225651353598 ], [ 239714.124101830733707, 4382461.568683651275933 ], [ 240159.778881483798614, 4383071.320739128626883 ], [ 240522.603944992471952, 4383526.460844871588051 ], [ 240960.388659272575751, 4383305.18117889855057 ], [ 241436.524385298776906, 4383359.133347583934665 ], [ 241954.264991761156125, 4383516.865341989323497 ], [ 242413.608951840753434, 4383860.384325950406492 ], [ 242772.583362833654974, 4384261.628886510618031 ], [ 243415.707007962919306, 4384575.103543025441468 ], [ 244448.467349895567168, 4385055.738140950910747 ], [ 245084.422242474945961, 4385193.624082089401782 ], [ 245547.085638440010371, 4384999.999945844523609 ], [ 246039.256937097932678, 4385057.725859081372619 ], [ 246538.652870731806615, 4385223.347220646217465 ], [ 247366.324416710966034, 4385381.932858210988343 ], [ 247894.618890153971734, 4385385.122624078765512 ], [ 248479.373162172007142, 4385601.101525492034853 ], [ 249219.549035550386179, 4386084.739899717271328 ], [ 249823.354302569467109, 4386208.426071466878057 ], [ 250655.690135230135638, 4386093.034392767585814 ], [ 251269.708965544821694, 4386357.296642571687698 ], [ 251594.841249455959769, 4386807.479103176854551 ], [ 251808.496859447157476, 4387386.759490801021457 ], [ 252267.480367005511653, 4387195.768836339004338 ], [ 252871.724455480143661, 4387289.60351459030062 ], [ 253661.580770451255376, 4387523.415979125536978 ], [ 254351.888628910732223, 4387853.381978337652981 ], [ 254929.398451096814824, 4388072.335664692334831 ], [ 255773.645469261275139, 4388199.806835196912289 ], [ 256544.209114603581838, 4388206.267814678139985 ], [ 257029.460348450142192, 4388666.562203993089497 ], [ 257539.70403250673553, 4388807.905118676833808 ], [ 258119.283951932913624, 4388942.165568882599473 ], [ 258901.86242124895216, 4389071.156254544854164 ], [ 259743.93826406885637, 4389070.613668541423976 ], [ 260363.917362558393506, 4389116.131609740667045 ], [ 260900.635604493843857, 4389271.190205630846322 ], [ 261440.726826999336481, 4389588.341188410297036 ], [ 262146.380967822449747, 4389403.386510380543768 ], [ 262778.411848326446488, 4389379.513952962122858 ], [ 263540.249715383513831, 4389332.45574480574578 ], [ 264096.258289250545204, 4389202.651970275677741 ], [ 264827.941042080521584, 4389062.988472308032215 ], [ 265608.219316753442399, 4388818.502978503704071 ], [ 266194.626905841578264, 4388560.615272786468267 ], [ 266791.59593161259545, 4388484.120123252272606 ], [ 267341.613735764170997, 4388276.21574516966939 ], [ 267534.334490995388478, 4387670.759852608665824 ], [ 267890.423500782286283, 4386985.525265011005104 ], [ 268015.137509310268797, 4386152.15094181895256 ], [ 267774.119679804891348, 4385520.289549081586301 ], [ 267930.532469920581207, 4384934.418139236979187 ], [ 268273.174753130588215, 4384097.218573551625013 ], [ 268754.14842422993388, 4383664.578885096125305 ], [ 269366.866931561147794, 4383265.584259475581348 ], [ 270156.952008096443024, 4382785.089848354458809 ], [ 270717.651251332135871, 4382701.742009033448994 ], [ 271443.877011417120229, 4382958.419017929583788 ], [ 271948.135380393534433, 4382835.634367045015097 ], [ 272543.768460953840986, 4382921.065825537778437 ], [ 273373.551849021576345, 4382688.813115851953626 ], [ 273896.712490156525746, 4382809.816620443016291 ], [ 274405.635145814507268, 4382619.46158929541707 ], [ 275182.021579771710094, 4382666.51452765148133 ], [ 275804.360651446215343, 4382520.591820177622139 ], [ 276514.317735870426986, 4382678.896972617134452 ], [ 277303.124975949467625, 4382476.13182083144784 ], [ 277802.748891900351737, 4382268.250069964677095 ], [ 278575.361038521223236, 4382482.527367642149329 ], [ 279309.998210620309692, 4382393.535080512985587 ], [ 279844.851739780802745, 4382477.133967026136816 ], [ 280367.058818180754315, 4382412.307861752808094 ], [ 280911.679074180487078, 4382327.654802620410919 ], [ 281491.366305606323294, 4382313.242436734959483 ], [ 282259.002916250436101, 4382281.669675130397081 ], [ 282960.178562631481327, 4382337.283484504558146 ], [ 283859.128980460518505, 4382469.221617603674531 ], [ 284835.941148216428701, 4382555.795944064855576 ], [ 285785.767022364307195, 4382766.776181530207396 ], [ 286353.960071086650714, 4382935.985789634287357 ], [ 287209.397147126379423, 4383103.897897358983755 ], [ 287930.986895685200579, 4383285.851504474878311 ], [ 288446.392687154584564, 4383497.693913295865059 ], [ 289167.873342608159874, 4383728.847523073665798 ], [ 289782.850856382516213, 4383720.237184329889715 ], [ 290267.241033968108241, 4383998.35663958452642 ], [ 291022.9872758355923, 4384358.140818794257939 ], [ 291569.13071643008152, 4384641.47664956189692 ], [ 292259.067658345622476, 4385105.013356521725655 ], [ 293078.800788817519788, 4385500.371998861432076 ], [ 293552.256609414995182, 4385752.68183150421828 ], [ 294250.849420980841387, 4386040.889344693161547 ], [ 295026.254128340631723, 4386497.415792210027575 ], [ 295478.676019822363742, 4387225.220399636775255 ], [ 296090.545270754082594, 4387531.932003858499229 ], [ 296900.526257250399794, 4387945.323369851335883 ], [ 297233.869466785690747, 4388584.226997829042375 ], [ 297901.201427641266491, 4389196.322602855041623 ], [ 298659.832291480212007, 4389711.356994180008769 ], [ 299222.366970495902933, 4390134.514853366650641 ], [ 299873.381275082181673, 4390518.148239054717124 ], [ 300650.246939441480208, 4390895.440881711430848 ], [ 301385.247124420944601, 4391453.847100128419697 ], [ 302245.662185446650255, 4391994.019221192225814 ], [ 302897.26681728893891, 4392360.217355696484447 ], [ 303469.452784837747458, 4392443.760853235609829 ], [ 303948.516547420585994, 4392994.32606895826757 ], [ 304427.953230315062683, 4393343.293160081841052 ], [ 305082.385488551051822, 4393574.571525087580085 ], [ 305580.532640118559357, 4393863.72791413217783 ], [ 306453.288023290166166, 4394056.486580529250205 ], [ 307107.798650460492354, 4394323.105880960822105 ], [ 307710.759893110429402, 4394679.544052380137146 ], [ 308370.375632115930784, 4394866.636980642564595 ], [ 308977.018321647890843, 4394737.604472933337092 ], [ 309599.614875315222889, 4395309.60566864348948 ], [ 310381.498822320136242, 4395781.973640227690339 ], [ 311145.688647573930211, 4396215.78848853521049 ], [ 311512.891683999099769, 4396635.157759298570454 ], [ 311997.641757501696702, 4397048.770386566407979 ], [ 312549.696930967504159, 4397183.199309186078608 ], [ 313113.915651236893609, 4397917.132746249437332 ], [ 313462.842921578325331, 4398342.102476631291211 ], [ 313905.50242769200122, 4398892.588442949578166 ], [ 314425.559147474472411, 4399140.155158664099872 ], [ 314662.20379080780549, 4399701.763409737497568 ], [ 315193.50611688621575, 4400360.375885242596269 ], [ 315596.261147755023558, 4401232.938730605877936 ], [ 316347.753426623472478, 4401818.829340996220708 ], [ 316355.145820057077799, 4402496.565422576852143 ], [ 316607.554527769854758, 4403137.919150023721159 ], [ 316742.63739026710391, 4403887.720998065546155 ], [ 316812.26684121316066, 4404670.236662970855832 ], [ 316463.830267167591956, 4405456.86909800209105 ], [ 316146.305668586515822, 4406187.658560165204108 ], [ 316922.978527589177247, 4406115.138640024699271 ], [ 317402.722006982890889, 4405735.223100716248155 ], [ 318301.59004838031251, 4405783.603275627829134 ], [ 319261.191554946359247, 4406042.268910049460828 ], [ 319892.627210131729953, 4406357.34576010890305 ], [ 320474.053585964837112, 4406791.250659534707665 ], [ 320853.302059222653043, 4407234.78950808942318 ], [ 321362.684130401466973, 4407932.175992052070796 ], [ 321759.626948027987964, 4408312.022551752626896 ], [ 322544.205605942930561, 4408619.948200692422688 ], [ 322381.346192789729685, 4409203.607172602787614 ], [ 322634.391091416182462, 4409851.134876297786832 ], [ 322708.29721453768434, 4410520.957419884391129 ], [ 322488.852545741247013, 4411683.077965180389583 ], [ 322897.638866647263058, 4412038.307904714718461 ], [ 323370.635828309226781, 4412151.299263783730567 ], [ 323975.560969401791226, 4412017.437917643226683 ], [ 324712.723758120788261, 4411961.086835030466318 ], [ 325295.264108099916484, 4411999.538108400069177 ], [ 326216.295526175526902, 4412058.07721146941185 ], [ 326800.02254192502005, 4412262.284013423137367 ], [ 327433.890750626684166, 4412398.733415048569441 ], [ 327922.888998531736434, 4412533.195893227122724 ], [ 328523.279094903205987, 4412907.907511136494577 ], [ 329150.672739379631821, 4413040.010423767380416 ], [ 329802.562015180592425, 4413200.536531941965222 ], [ 330618.892776724882424, 4413397.823033515363932 ], [ 331264.927426544309128, 4413355.854733637534082 ], [ 331880.054442376713268, 4413242.936380843631923 ], [ 332581.668464914837386, 4413210.769879160448909 ], [ 333312.914956667344086, 4413404.801404659636319 ], [ 333863.863948351412546, 4413573.005784157663584 ], [ 334369.79789830109803, 4413641.134308272972703 ], [ 334839.169295475527178, 4413862.123149717226624 ], [ 335499.284970323555171, 4413882.276997701264918 ], [ 336065.583361315540969, 4413438.473993934690952 ], [ 336523.972311471472494, 4413110.254463565535843 ], [ 337234.475863267842215, 4412959.094212725758553 ], [ 337887.525644763489254, 4412616.716421008110046 ], [ 338405.375121681776363, 4412511.593871306627989 ], [ 338827.067379070853349, 4412075.634542206302285 ], [ 339303.833284720545635, 4411648.658929510042071 ], [ 339644.21811999444617, 4410977.250424767844379 ], [ 340033.054207007633522, 4410561.584468762390316 ], [ 340678.891932661237661, 4410235.187333720736206 ], [ 341024.188963095366489, 4409803.046759778633714 ], [ 341472.149726000789087, 4409348.880957974120975 ], [ 341188.254300283326302, 4408248.180434955283999 ], [ 341046.680286961258389, 4407648.817636894062161 ], [ 340982.973478226689622, 4406921.528006367385387 ], [ 341271.550667752802838, 4406274.378438364714384 ], [ 341837.465563098550774, 4405988.236741203814745 ], [ 342317.250564672576729, 4405894.256714316084981 ], [ 342445.493623678805307, 4404802.978824965655804 ], [ 343214.556904933706392, 4404391.515346642583609 ], [ 343799.928888803871814, 4404117.925157967023551 ], [ 344328.691126723424532, 4403962.052654626779258 ], [ 344876.285060281981714, 4403799.080310704186559 ], [ 345463.512072138837539, 4403714.032094683498144 ], [ 346113.256555301370099, 4403568.339156455360353 ], [ 346853.000954334100243, 4403419.974555911496282 ], [ 347368.969577157578897, 4403281.900291750207543 ], [ 348071.170587370579597, 4403228.460704357363284 ], [ 348633.16981962841237, 4403064.161819408647716 ], [ 349574.119300230813678, 4403198.16493859142065 ], [ 350290.455436742282473, 4403258.065162169747055 ], [ 350953.590986730123404, 4403215.229243640787899 ], [ 351441.023859962937422, 4403207.939840615727007 ], [ 352091.088609292521141, 4403296.57352945394814 ], [ 352707.573055010696407, 4403468.022344779223204 ], [ 353176.475240519910585, 4403583.859101593494415 ], [ 353954.947356439311989, 4403834.644581122323871 ], [ 354774.215060125628952, 4404111.384798256680369 ], [ 355365.84063902113121, 4404394.229811951518059 ], [ 355904.599701182800345, 4404680.2593879327178 ], [ 356407.888254754303489, 4405057.573995474725962 ], [ 356968.703270269965287, 4405394.186496673151851 ], [ 357513.966952924383804, 4405707.562755656428635 ], [ 357985.950684577168431, 4406038.895660588517785 ], [ 358539.812684693722986, 4406429.134041061624885 ], [ 358967.014588959573302, 4407090.962993388995528 ], [ 359559.289049157698173, 4407738.477080783806741 ], [ 359762.936369025497697, 4408878.29283406957984 ], [ 360072.187814374337904, 4409796.425901816226542 ], [ 360168.517022539454047, 4410762.412570186890662 ], [ 360121.656971580523532, 4411910.843806123360991 ], [ 359396.800886503362563, 4412226.549226123839617 ], [ 358987.548693538468797, 4413040.179224921390414 ], [ 359445.905138405214529, 4413332.162105028517544 ], [ 360151.728262212651316, 4413346.104860871098936 ], [ 360704.956409157079179, 4413313.561641726642847 ], [ 361411.366075353464112, 4413167.944535179995 ], [ 362386.172933798457962, 4413076.173283332958817 ], [ 362883.522258571523707, 4412663.796133054420352 ], [ 363039.110616550082341, 4411933.795156023465097 ], [ 363754.709038801840506, 4411849.609166600741446 ], [ 364385.38671958562918, 4411468.669775302521884 ], [ 365169.783592783496715, 4411309.773129613138735 ], [ 365765.74116965738358, 4411031.766529514454305 ], [ 366375.87506105506327, 4410584.920062692835927 ], [ 367012.354491058387794, 4410419.316799875348806 ], [ 367608.263532634999137, 4410382.816965736448765 ], [ 368153.216299949213862, 4410325.968258955515921 ], [ 368563.335783070244361, 4409875.799460870213807 ], [ 369084.280053176044021, 4409644.067239765077829 ], [ 369602.343374846386723, 4409465.281360714696348 ], [ 370096.826668008870911, 4409359.667149521410465 ], [ 370774.645704116555862, 4409236.550788899883628 ], [ 371880.240051166212652, 4408917.246968717314303 ], [ 372726.466663858096581, 4408928.305147030390799 ], [ 373582.008157564385328, 4408906.291794586926699 ], [ 374199.294660210842267, 4408580.501887586899102 ], [ 374908.601750117668416, 4408485.870220419019461 ], [ 375586.203156612813473, 4408259.648335611447692 ], [ 376485.930250541539863, 4408100.641538304276764 ], [ 377090.935319037467707, 4407935.634062102995813 ], [ 377759.574615974503104, 4407700.874348059296608 ], [ 378535.251276840805076, 4407612.405815856531262 ], [ 379171.700093978841323, 4407559.192579221911728 ], [ 379860.749151647731196, 4407291.036098559387028 ], [ 380632.436455917893909, 4406940.204301359131932 ], [ 381099.189618667354807, 4407090.442420057021081 ], [ 381827.565292064915411, 4407006.090562666766346 ], [ 382674.707284911593888, 4406926.180296940729022 ], [ 383773.964658639510162, 4406756.37356271315366 ], [ 384353.690517925075255, 4406709.936673935502768 ], [ 385034.878861073288135, 4406618.532466717064381 ], [ 385825.114330225798767, 4406677.4016372570768 ], [ 386428.871395915164612, 4406685.078617379069328 ], [ 387064.0558462900226, 4406792.977285859175026 ], [ 388087.539712412457447, 4406774.43243062030524 ], [ 388789.76064882503124, 4406888.405473799444735 ], [ 389467.460350428707898, 4407028.499102196656168 ], [ 389912.02252927981317, 4407231.237583084963262 ], [ 390395.138543970417231, 4407462.739991842769086 ], [ 390885.167165088409092, 4407819.816983390599489 ], [ 391635.590999475738499, 4408247.870920070447028 ], [ 391352.760344703448936, 4408846.880474218167365 ], [ 391988.71879948786227, 4409308.221283889375627 ], [ 392731.034901396953501, 4409342.982611574232578 ], [ 393684.419993627758231, 4409453.150667620822787 ], [ 394271.932317340513691, 4409354.67408665176481 ], [ 395230.735551838937681, 4409737.499877250753343 ], [ 396172.501004298042972, 4410417.048276093788445 ], [ 396374.640612962248269, 4411024.507782955653965 ], [ 396310.848088208702393, 4411852.628201058134437 ], [ 397084.830800396564882, 4411856.705254505388439 ], [ 397835.742436790955253, 4411850.009572667069733 ], [ 398430.918884807266295, 4412061.538011816330254 ], [ 399122.358417201729026, 4412269.989629410207272 ], [ 400024.155608370609116, 4412574.803201425820589 ], [ 400668.874795764044393, 4412806.05013742018491 ], [ 401218.614412494935095, 4412934.346427551470697 ], [ 401698.426576034806203, 4413138.95436502341181 ], [ 402130.648432727437466, 4413387.251336915418506 ], [ 402713.678811105201021, 4413571.024426714517176 ], [ 403428.60586550825974, 4413658.319640103727579 ], [ 404128.578148194705136, 4414036.698626274242997 ], [ 404748.439136687957216, 4414440.634540064260364 ], [ 405363.922263570479117, 4414593.223040403798223 ], [ 406011.12053603521781, 4415254.785819130018353 ], [ 406501.710875292483252, 4415661.903526060283184 ], [ 407132.430523529706988, 4416036.217387228272855 ], [ 407668.9989294205443, 4416461.191332100890577 ], [ 408222.990505433466751, 4416808.952427060343325 ], [ 408837.508047057548538, 4416585.553672097623348 ], [ 409359.411779844900593, 4417048.810438764281571 ], [ 410029.823839674354531, 4417322.810821336694062 ], [ 410530.153075901384, 4417645.300915544852614 ], [ 410976.849694661272224, 4418189.217005677521229 ], [ 411504.011269642505795, 4418686.544455756433308 ], [ 412196.559989457542542, 4418996.460335708223283 ], [ 412822.860142572724726, 4419399.469790002331138 ], [ 413350.923739371995907, 4420025.448698029853404 ], [ 414012.447160495969001, 4420860.612671091221273 ], [ 414101.722163851896767, 4421960.875829747878015 ], [ 414626.335190412821248, 4422581.082924300804734 ], [ 415086.986263943603262, 4422934.71589744463563 ], [ 415695.018109390803147, 4423210.657849803566933 ], [ 416206.612544133095071, 4423454.519839381799102 ], [ 416818.424576863180846, 4423637.290876360610127 ], [ 417453.416333193425089, 4423830.444474526681006 ], [ 418112.968731407716405, 4424004.388909708708525 ], [ 418607.682678558398038, 4424019.184975034557283 ], [ 419261.780533055949491, 4424368.008789372630417 ], [ 420114.182705812738277, 4424569.319486108608544 ], [ 420667.986040564195719, 4424370.460407102480531 ], [ 421191.500009772367775, 4424757.491819291375577 ], [ 421935.582863340678159, 4424960.633852378465235 ], [ 422598.530283385422081, 4425199.026435372419655 ], [ 423484.618513284192886, 4425465.76694343611598 ], [ 424310.085265446279664, 4425622.492520915344357 ], [ 425051.817830592568498, 4425795.88648174982518 ], [ 425655.328880208311602, 4426017.47948229778558 ], [ 426661.149905367405154, 4426251.368683722801507 ], [ 427509.383051877899561, 4426588.691936884075403 ], [ 428121.371414670720696, 4426917.476525141857564 ], [ 428679.441291536204517, 4426909.117893589660525 ], [ 429136.021522617375012, 4426622.422317600809038 ], [ 429887.752359150268603, 4426975.433838928118348 ], [ 430621.925662939087488, 4426990.043857848271728 ], [ 431122.630157187581062, 4427439.545247530564666 ], [ 431669.544596559251659, 4427900.714193971827626 ], [ 432290.666278298711404, 4428093.859704807400703 ], [ 432852.441313106450252, 4428310.259606723673642 ], [ 433357.52901227644179, 4428425.933402520604432 ], [ 433805.037595421134029, 4428210.840315028093755 ], [ 434495.596368004335091, 4427935.494020058773458 ], [ 435027.333062729856465, 4427729.573260733857751 ], [ 435572.215030843683053, 4427960.667738216929138 ], [ 436449.227048710745294, 4428161.14118304848671 ], [ 436075.210702844313346, 4427282.366665362380445 ], [ 436182.358273080957588, 4426571.564213028177619 ], [ 436618.109625563025475, 4426189.935161368921399 ], [ 437120.925961862143595, 4425909.160688415169716 ], [ 437742.855489126523025, 4425766.501441969536245 ], [ 438503.381789949315134, 4425338.903538369573653 ], [ 439208.810063515906222, 4425039.997040919959545 ], [ 439917.454357179056387, 4424865.677626637741923 ], [ 440549.205046526447404, 4424898.164347014389932 ], [ 441249.253137807128951, 4424932.774817457422614 ], [ 442109.947833372512832, 4425373.363848615437746 ], [ 442591.328265886055306, 4425244.104295581579208 ], [ 443227.794671520125121, 4425084.511985294520855 ], [ 443944.488700199930463, 4425213.549931326881051 ], [ 444647.492657887749374, 4425363.091783444397151 ], [ 445344.611154111044016, 4425544.626210599206388 ], [ 446087.063288448320236, 4425547.097032302990556 ], [ 446955.806049262115266, 4425466.379180305637419 ], [ 447892.776859927689657, 4425373.237588017247617 ], [ 448411.358485145727172, 4425279.928095270879567 ], [ 449093.386622522841208, 4424958.093288000673056 ], [ 449621.249621601309627, 4425226.692812998779118 ], [ 450287.040586742048617, 4425009.090664986521006 ], [ 450869.720976627664641, 4424867.859032441861928 ], [ 451455.465880784089677, 4424972.255504909902811 ], [ 451913.119788357813377, 4424807.281931338831782 ], [ 452578.30973954545334, 4424737.630405630916357 ], [ 453504.312574750452768, 4424745.374158762395382 ], [ 454300.578554667648859, 4424495.0121841263026 ], [ 455180.751823438738938, 4424113.922761871479452 ], [ 455806.962141725816764, 4424024.919426721520722 ], [ 456342.66181033506291, 4423946.81484327185899 ], [ 457282.338686517847236, 4423804.836956722661853 ], [ 457921.450933790765703, 4423872.480716979131103 ], [ 458549.344068836362567, 4424249.557757230475545 ], [ 459317.028546861547511, 4424394.055568781681359 ], [ 460056.243955693556927, 4424366.209294258616865 ], [ 461110.062271750881337, 4424423.194474976509809 ], [ 461684.711405662295874, 4424442.499775128439069 ], [ 461696.318354994349647, 4425310.003503512591124 ], [ 462147.724901425244752, 4426070.228687906637788 ], [ 462900.502363796695136, 4426279.368168413639069 ], [ 463382.584665712260175, 4426035.518034773878753 ], [ 463808.333627960586455, 4425699.270632131956518 ], [ 464325.884879991004709, 4425467.249508906155825 ], [ 465058.815079035994131, 4425027.693223129957914 ], [ 465880.65582143102074, 4424537.047019364312291 ], [ 466907.248729624261614, 4424565.720567192882299 ], [ 467981.977632789697964, 4424197.41792406514287 ], [ 468895.200211216579191, 4424208.050620973110199 ], [ 469412.674318814126309, 4424481.331244110129774 ], [ 469939.592883335135411, 4424774.027389055117965 ], [ 470499.9531587435049, 4424876.127526408061385 ], [ 471006.318137765629217, 4424930.290496921166778 ], [ 471694.903215774393175, 4425327.189608606509864 ], [ 472230.036936085147317, 4425692.249106212519109 ], [ 472798.218184939643834, 4425793.921638946980238 ], [ 473395.012105149449781, 4425903.405311928130686 ], [ 473953.411599046958145, 4425986.04054965917021 ], [ 474505.687407738820184, 4425900.591941602528095 ], [ 474907.935489660711028, 4425588.838539838790894 ], [ 475466.7883878267603, 4425357.619153025560081 ], [ 476140.376392735808622, 4425718.565444010309875 ], [ 476622.885159603320062, 4425965.619980475865304 ], [ 477163.871168173209298, 4426167.470769731327891 ], [ 477867.686533654225059, 4426285.829587739892304 ], [ 478571.340040579845663, 4426044.494235283695161 ], [ 478923.084695916273631, 4425322.211178447119892 ], [ 479442.339692738081794, 4424749.270745224319398 ], [ 480298.892857984523289, 4424616.602197585627437 ], [ 481206.823196485231165, 4424926.190889123827219 ], [ 481861.596982926654164, 4425246.397560843266547 ], [ 482436.626161597727332, 4424985.72994496114552 ], [ 483481.784823131398298, 4424766.525681796483696 ], [ 484323.795766703726258, 4424511.868330184370279 ], [ 485094.665206680539995, 4424377.428861736319959 ], [ 485608.469667276425753, 4424249.201286323368549 ], [ 486322.955339909007307, 4424167.152468316257 ], [ 486963.228315519343596, 4424181.687915997579694 ], [ 487794.096178057254292, 4423978.548667032271624 ], [ 488276.657933005248196, 4423850.92385222017765 ], [ 488909.041696302883793, 4423901.205501770600677 ], [ 489867.751422405475751, 4423907.665474719367921 ], [ 490471.87940463249106, 4424008.876777306199074 ], [ 491151.375914137461223, 4424133.236825818195939 ], [ 491736.898513280437328, 4424414.043842066079378 ], [ 492063.047366788028739, 4425047.416672581806779 ], [ 492067.46819772355957, 4425793.140240236185491 ], [ 492171.416557112534065, 4426400.188951279968023 ], [ 492901.54050310770981, 4426576.333002733998001 ], [ 493717.919354701356497, 4426596.691538983955979 ], [ 494608.965309431543574, 4426489.221657304093242 ], [ 495198.633335091464687, 4426167.550401990301907 ], [ 495731.029152524715755, 4425833.711377796716988 ], [ 496432.987040965468623, 4425507.673371939919889 ], [ 497221.4065552832908, 4425394.373934830538929 ], [ 497841.340124088979792, 4425459.841416689567268 ], [ 498441.130097085435409, 4425330.10138509888202 ], [ 499176.890816812985577, 4424984.061612415127456 ], [ 499874.511363939323928, 4424664.721418139524758 ], [ 500439.549729620455764, 4424239.556671822443604 ], [ 501202.720647574111354, 4423670.639429180882871 ], [ 501854.109987545351032, 4423204.482502868399024 ], [ 502558.674087906605564, 4422949.922709858976305 ], [ 503243.917243490053806, 4423092.631265137344599 ], [ 504926.686341077496763, 4423108.779975998215377 ], [ 505684.235736065951642, 4423050.644592583179474 ], [ 506196.858317635953426, 4423067.005066395737231 ], [ 506774.373705794627313, 4423053.378712806850672 ], [ 507535.625475729641039, 4422958.814190354198217 ], [ 508364.23377525183605, 4422810.009694737382233 ], [ 509201.573085051670205, 4422789.636285268701613 ], [ 509919.149543336476199, 4422849.274430460296571 ], [ 510614.284548885072581, 4422764.965958930552006 ], [ 511324.418186008639168, 4422896.068501780740917 ], [ 512293.827273639908526, 4422876.744160787202418 ], [ 513077.402608989563305, 4422817.016512164846063 ], [ 514048.695556398772169, 4422722.053277391009033 ], [ 514816.540334503923077, 4422850.904155063442886 ], [ 515533.029646628419869, 4422763.932602180168033 ], [ 516070.80820671323454, 4422934.957504997961223 ], [ 516517.257250930357259, 4423277.696016057394445 ], [ 517077.390657198557165, 4423474.446775364689529 ], [ 517892.207585013005883, 4423157.968073381111026 ], [ 518818.401778404891957, 4422837.984245333820581 ], [ 519474.565722651721444, 4422911.363773911260068 ], [ 520353.675667628413066, 4422888.372162986546755 ], [ 520975.216912540025078, 4422731.795326880179346 ], [ 521705.590659475943539, 4422720.851944138295949 ], [ 522402.703812363150064, 4422560.951274408958852 ], [ 523111.972274410130922, 4422470.829781859181821 ], [ 523781.414296198112424, 4422383.679168922826648 ], [ 524825.037750632618554, 4422641.09023318067193 ], [ 525336.566172925173305, 4422754.213625865988433 ], [ 526046.320655873743817, 4422683.502683489583433 ], [ 526775.431483190739527, 4422821.86503322981298 ], [ 527234.549130740691908, 4423177.088751601055264 ], [ 527842.011688321013935, 4423804.602706253528595 ], [ 528446.146238404442556, 4424107.404342805966735 ], [ 529046.598005760693923, 4424317.704330053180456 ], [ 529693.803959258715622, 4424515.916971731930971 ], [ 530152.443489583441988, 4424365.201115008443594 ], [ 530695.419222754775546, 4424219.324027836322784 ], [ 531139.265283314278349, 4424017.232709424570203 ], [ 531700.538155881571583, 4423906.156959606334567 ], [ 532334.703031040146016, 4423868.192083707079291 ], [ 532882.166052869870327, 4423916.32893206179142 ], [ 533328.563444838975556, 4423508.114658180624247 ], [ 533616.716841052635573, 4423025.275135729461908 ], [ 534151.103162321960554, 4422797.450014616362751 ], [ 534928.217737062601373, 4422818.684504480101168 ], [ 535140.688796343980357, 4421800.425500426441431 ], [ 535802.323759607854299, 4421296.687687678262591 ], [ 536771.267086511361413, 4421090.510673772543669 ], [ 537626.720303864800371, 4421021.29803192615509 ], [ 538388.256940369843505, 4421079.219156295992434 ], [ 539382.703785252058879, 4420842.44347567576915 ], [ 540221.614814956439659, 4420505.853179975412786 ], [ 540816.119115889654495, 4420284.102785616181791 ], [ 541201.389528325991705, 4419867.481635952368379 ], [ 541626.021399483899586, 4419513.855800596997142 ], [ 542887.401140027912334, 4419097.408963463269174 ], [ 543337.0019729785854, 4418721.643883297219872 ], [ 543929.265523880720139, 4418428.32667990308255 ], [ 544506.932863150956109, 4418315.804792583920062 ], [ 545229.94037674786523, 4418349.705078513361514 ], [ 546000.461832006461918, 4418080.168474984355271 ], [ 546810.550464425585233, 4417909.98091019783169 ], [ 547376.238935942412354, 4418075.127916657365859 ], [ 548021.691941404016688, 4418192.36457110196352 ], [ 548320.890902784303762, 4417730.220512674190104 ], [ 548774.859133335761726, 4417321.30866526439786 ], [ 549098.861747060553171, 4416525.448670438490808 ], [ 549255.61072204564698, 4415916.441332497633994 ], [ 549674.946011844207533, 4415489.227329682558775 ], [ 550160.552800142904744, 4415308.657527767121792 ], [ 551332.989826008910313, 4414636.064132672734559 ], [ 552058.090034716762602, 4414160.629219032824039 ], [ 552438.4464708493324, 4413790.019706940278411 ], [ 552992.004902723012492, 4413581.167746003717184 ], [ 553990.652054620208219, 4413243.282471554353833 ], [ 554847.034455770277418, 4413070.455578049644828 ], [ 555324.066303693107329, 4413606.59755967464298 ], [ 556009.965353715233505, 4413245.276143282651901 ], [ 556414.660794641124085, 4412784.591470359824598 ], [ 557014.902056851657107, 4412430.934307932853699 ], [ 557527.39840210636612, 4412122.067024243995547 ], [ 558242.689248611568473, 4412154.13277358468622 ], [ 558248.952862399048172, 4411493.152369011193514 ], [ 558351.289315567235462, 4410720.609381951391697 ], [ 559056.883232524618506, 4410395.671435508877039 ], [ 559936.263127284357324, 4410025.71618190035224 ], [ 560706.581758436863311, 4409731.728224666789174 ], [ 561554.247954758815467, 4409258.109750833362341 ], [ 562255.712363901548088, 4408849.48154634796083 ], [ 563071.419847640092485, 4408701.293027149513364 ], [ 563725.038583028595895, 4408571.83520420268178 ], [ 564378.664776839083061, 4408370.744166752323508 ], [ 565085.676458853646182, 4408292.91703362390399 ], [ 565817.379471850814298, 4408218.873850001953542 ], [ 566299.929204275365919, 4408115.676647763699293 ], [ 566923.713759551639669, 4407853.789758877828717 ], [ 567660.536801196169108, 4407832.980086861178279 ], [ 568391.598168631782755, 4408042.999898458831012 ], [ 568445.534131717868149, 4407381.817784422077239 ], [ 568361.085496210260317, 4406630.099777606315911 ], [ 568215.368282769108191, 4405778.143068850040436 ], [ 567602.96080208371859, 4405325.272450612857938 ], [ 566988.47765817923937, 4405194.335740185342729 ], [ 566830.646546427509747, 4404517.60436537489295 ], [ 566285.820126734208316, 4404314.434573424048722 ], [ 565747.536621438572183, 4403836.643022241070867 ], [ 565472.066411395906471, 4403191.707798671908677 ], [ 565392.771534351748414, 4402567.212269744835794 ], [ 565178.294275206513703, 4401478.51315448526293 ], [ 565312.332181627163664, 4400468.252921624109149 ], [ 565595.805929099209607, 4399921.221113724634051 ], [ 565893.054127718205564, 4399320.650561950169504 ], [ 566127.601400520768948, 4398655.152427987195551 ], [ 566607.899473624769598, 4398144.111554881557822 ], [ 567172.802140845218673, 4397584.856350561603904 ], [ 567747.715101950219832, 4397064.19671374373138 ], [ 568142.448116353480145, 4396717.10426065325737 ], [ 568602.911059953854419, 4396427.854201149195433 ], [ 569124.7330842257943, 4396119.40539915394038 ], [ 569659.731328718946315, 4395743.377305533736944 ], [ 570337.881874276325107, 4395328.873813976533711 ], [ 570861.125448447070085, 4395020.432193610817194 ], [ 571320.254005305701867, 4394692.693446906283498 ], [ 571850.616349603631534, 4394364.935333793051541 ], [ 572519.623891413444653, 4393961.453627431765199 ], [ 573138.532986927544698, 4393709.524929587729275 ], [ 573626.254400291712955, 4393478.185766326263547 ], [ 574259.149454000988044, 4393208.331615 ], [ 574894.004955285345204, 4392938.484143190085888 ], [ 575429.005760112311691, 4392649.320329101756215 ], [ 576351.497021972667426, 4392292.786711286753416 ], [ 576905.59134587738663, 4391955.507625493220985 ], [ 577498.203883381560445, 4391733.81473396345973 ], [ 578258.345464037498459, 4391415.785936183296144 ], [ 578761.993134297896177, 4391165.265192870050669 ], [ 579353.925064419396222, 4390895.424092125147581 ], [ 580124.211635549552739, 4390529.601537664420903 ], [ 580861.985234334599227, 4390298.024593914858997 ], [ 581538.728033596999012, 4389999.339242591522634 ], [ 582649.290012934478, 4389787.301934245973825 ], [ 583395.889354894403368, 4389474.910021629184484 ], [ 584190.309991632238962, 4389199.661814699880779 ], [ 585138.429894584463909, 4389103.253781848587096 ], [ 585638.411257424275391, 4389007.067203281447291 ], [ 586143.479475693078712, 4388891.256448865868151 ], [ 586658.88092569145374, 4388775.799599662423134 ], [ 587658.702052957378328, 4388698.535186602734029 ], [ 588513.894337425008416, 4388397.420381803996861 ], [ 589019.387239559087902, 4388660.167674425058067 ], [ 590580.852489897748455, 4388717.917376445606351 ], [ 591270.362298926222138, 4388891.32692421041429 ], [ 591931.224036983214319, 4389028.077287764288485 ], [ 592652.667511740350164, 4389132.162879005074501 ], [ 594156.041465057525784, 4389293.068742980249226 ], [ 594933.996613274211995, 4389359.043697122484446 ], [ 595976.802537383046001, 4389527.173242093063891 ], [ 596749.718697526259348, 4389584.993808196857572 ], [ 597643.088335323147476, 4389777.760470157489181 ], [ 598361.633607128984295, 4390088.66943359375 ], [ 598982.325150361517444, 4390369.189457978121936 ], [ 599662.609801866463386, 4390390.312666028738022 ], [ 600386.146639631828293, 4390549.120944970287383 ], [ 600918.148386077722535, 4390741.31099063064903 ], [ 601407.204408794990741, 4390928.774390104226768 ], [ 602068.382405540905893, 4391030.277602653950453 ], [ 602611.728498639306054, 4390884.043803738430142 ], [ 603201.530664265621454, 4390913.252161911688745 ], [ 603187.712353241164237, 4391647.101943324320018 ], [ 603643.131076756631956, 4391347.280428942292929 ], [ 604245.041797357378528, 4390932.287173954769969 ], [ 604947.532572215772234, 4391490.879181538708508 ], [ 604901.954587828135118, 4392383.005098220892251 ], [ 605359.727941192453727, 4392789.634277315810323 ], [ 605709.794121247949079, 4392350.121126650832593 ], [ 606227.40593108010944, 4392172.286009435541928 ], [ 606849.96797568409238, 4392394.848137784749269 ], [ 607687.33043995895423, 4392393.304110766388476 ], [ 608434.452315613161772, 4392533.725857218727469 ], [ 608948.647952907602303, 4392850.992162897251546 ], [ 609645.709898826433346, 4393104.716897183097899 ], [ 609879.627882545697503, 4394141.827472792938352 ], [ 610635.237980691948906, 4393797.364545769989491 ], [ 611299.655708563048393, 4394156.760332209989429 ], [ 611924.920256479177624, 4394405.17649336066097 ], [ 612450.784180135582574, 4394518.109806369058788 ], [ 612931.568385446676984, 4394915.12835031375289 ], [ 613253.582610440324061, 4395610.337067120708525 ], [ 614422.621720168157481, 4396063.226443621329963 ], [ 615245.404002812807448, 4396709.783616539090872 ], [ 615360.248759233742021, 4397599.541608317755163 ], [ 616000.449154531699605, 4397670.628382900729775 ], [ 616618.828925896319561, 4397775.779468299821019 ], [ 616854.616854420863092, 4398827.061955831944942 ], [ 617744.060142457834445, 4398837.959564805962145 ], [ 618016.402274808147922, 4399350.047122520394623 ], [ 618410.69246027758345, 4399964.508757025003433 ], [ 618487.987816639128141, 4400699.689899059943855 ], [ 618204.800605537253432, 4401247.387617073021829 ], [ 617991.688902565278113, 4401850.378783961758018 ], [ 618187.306524915387854, 4402889.469905370846391 ], [ 618689.007328586885706, 4403811.611341367475688 ], [ 619241.532604270614684, 4404252.445563783869147 ], [ 619663.006786767509766, 4404592.377921113744378 ], [ 620021.154427900793962, 4405615.819496245123446 ], [ 620274.850545546039939, 4406362.661191213876009 ], [ 620822.62192234408576, 4406343.400617182254791 ], [ 621345.177876040455885, 4406573.03819543775171 ], [ 621828.68417685769964, 4407012.292230440303683 ], [ 622254.893890509847552, 4407315.592195737175643 ], [ 622666.861722449073568, 4407903.9176174858585 ], [ 622976.244858754915185, 4408509.32871731556952 ], [ 623636.556010624393821, 4408041.881107876077294 ], [ 624342.525630889111198, 4408024.137938721105456 ], [ 625159.462304424028844, 4408119.154373718425632 ], [ 626051.554439757484943, 4408138.451930529437959 ], [ 626567.542543482035398, 4408408.621396573260427 ], [ 627151.339022574247792, 4408543.831424375064671 ], [ 627715.367943113087676, 4408740.301554248668253 ], [ 628290.336897918372415, 4409045.695450583472848 ], [ 628813.449337736354209, 4409565.636021154932678 ], [ 629364.704458022373728, 4409968.494483957998455 ], [ 629619.964725832105614, 4410483.973475404083729 ], [ 629982.28261773835402, 4411202.855648814700544 ], [ 630443.909851874923334, 4410740.116561471484601 ], [ 630980.581116982153617, 4410821.847644807770848 ], [ 631740.288885588874109, 4410888.034564853645861 ], [ 632165.24970586260315, 4411215.622690773569047 ], [ 632362.099968927563168, 4412300.391704989597201 ], [ 632936.155213359044865, 4412664.204634097404778 ], [ 633675.052582390257157, 4412848.243326669558883 ], [ 633379.980791146284901, 4413701.333706803619862 ], [ 633859.048672544653527, 4413647.498083969578147 ], [ 634698.885323827969842, 4413553.562522038817406 ], [ 635304.768146509188227, 4414126.944749816320837 ], [ 635970.018878128728829, 4414112.141027363948524 ], [ 636874.668408622732386, 4414479.065707320347428 ], [ 637629.390733828069642, 4414496.81310023739934 ], [ 637937.938862630398944, 4413957.876829609274864 ], [ 638702.61604461807292, 4414141.967929244972765 ], [ 638637.722904074355029, 4415044.985151006840169 ], [ 639402.9141594695393, 4415183.891362171620131 ], [ 640102.558494930504821, 4414983.388694574125111 ], [ 640800.495745999971405, 4414708.984208882786334 ], [ 641435.237033473211341, 4414994.028869945555925 ], [ 642063.263195314677432, 4415176.691114904358983 ], [ 642699.573085729382001, 4414852.63413083832711 ], [ 642880.322654265677556, 4413728.122508300468326 ], [ 643273.806107393349521, 4413003.830445484258235 ], [ 643867.26790129696019, 4412752.814836155623198 ], [ 644572.207704934058711, 4412417.44948829524219 ], [ 645297.476451365626417, 4412154.140559478662908 ], [ 646812.548524662619457, 4412173.366457929834723 ], [ 647528.262719200807624, 4412177.60950196813792 ], [ 648194.970511647174135, 4412342.02646670024842 ], [ 648791.710219268687069, 4412463.086913043633103 ], [ 649461.613549020374194, 4412566.159405988641083 ], [ 650183.118917398853227, 4412662.089966930449009 ], [ 651007.676300658495165, 4412810.673019484616816 ], [ 651829.801241707406007, 4412974.8565733730793 ], [ 652642.7759432423627, 4413219.655584998428822 ], [ 653561.473659501760267, 4413522.920061962679029 ], [ 654503.981612965115346, 4413902.243713514879346 ], [ 655439.926948493113741, 4413834.359368672594428 ], [ 655902.489822958130389, 4414184.810820516198874 ], [ 656212.957656396087259, 4413709.468373382464051 ], [ 656564.683610053383745, 4414321.649352224543691 ], [ 657091.457013968494721, 4414020.527669545263052 ], [ 657911.36825561511796, 4414321.97879053093493 ], [ 658810.314554628566839, 4414548.888282647356391 ], [ 659384.608356718206778, 4414730.363454829901457 ], [ 659974.925152362440713, 4414774.147424582391977 ], [ 660597.72764708660543, 4414896.517482234165072 ], [ 661191.130330345593393, 4415099.951826599426568 ], [ 661789.767033420037478, 4414886.210754086263478 ], [ 662205.386812578304671, 4415389.802722685039043 ], [ 662874.723080841940828, 4415553.838315216824412 ], [ 663590.047879787161946, 4415707.772248334251344 ], [ 664201.202793551958166, 4415901.083239629864693 ], [ 664688.445421755663119, 4416018.506231076084077 ], [ 665692.748494350351393, 4416210.062445876188576 ], [ 666231.667633936391212, 4416403.269067172892392 ], [ 666695.518252276116982, 4416538.502506656572223 ], [ 667722.364300997345708, 4416490.046178573742509 ], [ 668090.449767033802345, 4416881.866532818414271 ], [ 668574.051134703331627, 4417118.056067884899676 ], [ 669107.433799414313398, 4417317.681457963772118 ], [ 669797.053258145810105, 4417562.357419898733497 ], [ 670613.345837109838612, 4417842.018128107301891 ], [ 671320.614333182107657, 4418122.765280735678971 ], [ 671926.268060356727801, 4418423.449695875868201 ], [ 672562.96255961980205, 4418663.730453416705132 ], [ 673099.811713284114376, 4418914.878185969777405 ], [ 673867.513223188347183, 4419349.64476294349879 ], [ 674629.276060917414725, 4419651.923957291990519 ], [ 675289.400529994512908, 4420060.752903121523559 ], [ 676349.12178469391074, 4420528.452540988102555 ], [ 677147.198042186559178, 4420972.909632763825357 ], [ 677925.94188900757581, 4421215.180143473669887 ], [ 678445.88005353952758, 4421659.046278554946184 ], [ 679023.845729028689675, 4421949.461760082282126 ], [ 679707.540764455683529, 4422212.124149831943214 ], [ 680455.837617349810898, 4422427.301355318166316 ], [ 681287.909066218999214, 4422741.414635268971324 ], [ 682005.8085736540379, 4423108.647200997918844 ], [ 682604.877085035317577, 4423340.727607280015945 ], [ 683142.681805189582519, 4423591.926991274580359 ], [ 683851.712600118713453, 4423908.843141081742942 ], [ 684314.906099524581805, 4424487.7358917305246 ], [ 684908.357206737389788, 4424649.290827581658959 ], [ 685401.285032677697018, 4424728.240637488663197 ], [ 686011.535586882848293, 4424829.272673238068819 ], [ 686503.740615363116376, 4424844.258781616576016 ], [ 687042.285498843179084, 4424964.502677476964891 ], [ 687645.235609528841451, 4425080.595648263581097 ], [ 688224.196369958575815, 4425276.277290339581668 ], [ 688716.766749010188505, 4425659.088127094320953 ], [ 689418.827607979415916, 4425562.719226162880659 ], [ 690182.382244222331792, 4425863.63577635306865 ], [ 690981.761385044897906, 4426143.917749377898872 ], [ 691610.976995627162978, 4426434.045563384890556 ], [ 692175.30492032004986, 4426724.040825685486197 ], [ 692687.766645199502818, 4426994.753106620162725 ], [ 693308.152950389194302, 4427342.854991677217185 ], [ 693964.401497446466237, 4427690.989034662954509 ], [ 694418.84795650979504, 4428000.345013296231627 ], [ 694889.554964927490801, 4428376.444778632372618 ], [ 695344.859585969243199, 4428812.642523499205709 ], [ 695708.5766525400104, 4429212.716444544494152 ], [ 695907.192554049310274, 4429857.040790120139718 ], [ 696366.009082378237508, 4430576.638270873576403 ], [ 696886.97917859221343, 4430719.291689286008477 ], [ 697053.878264750819653, 4431565.58281316049397 ], [ 697203.612219390808605, 4432313.76469941996038 ], [ 697165.421619024011306, 4433070.153446621261537 ], [ 696772.84519710810855, 4433588.243205528706312 ], [ 696643.599038160522468, 4434248.515235671773553 ], [ 696446.209988756803796, 4434861.199671033769846 ], [ 695868.305316336103715, 4435108.478125458583236 ], [ 695178.230783529696055, 4435399.378230531699955 ], [ 694778.377851765835658, 4436240.279743798077106 ], [ 694712.63801516930107, 4437270.239157577045262 ], [ 695262.904729683184996, 4437829.11550610139966 ], [ 695661.0431186464848, 4438727.045737176202238 ], [ 696287.484424889320508, 4439411.440962168388069 ], [ 696803.357201613369398, 4439832.305512370541692 ], [ 697061.038890987867489, 4440345.855063796974719 ], [ 697169.262809375533834, 4441352.809506955556571 ], [ 697062.901822669780813, 4442297.939863945357502 ], [ 697381.833388311439194, 4442766.348031315021217 ], [ 697939.196052457788028, 4443114.903146932832897 ], [ 698576.181763510685414, 4443376.458576368167996 ], [ 699143.063245986006223, 4443618.458059162832797 ], [ 699800.750820094486699, 4443800.518154545687139 ], [ 700640.440640965709463, 4444023.108785854652524 ], [ 701204.559284995426424, 4444296.365333844907582 ], [ 701790.758484004880302, 4444576.72684133425355 ], [ 702441.503840717137791, 4444993.642716681584716 ], [ 703002.645578938070685, 4445466.447289170697331 ], [ 703286.622490489971824, 4446136.591178488917649 ], [ 704017.423370338161476, 4446781.126152887009084 ], [ 704563.823847620631568, 4447409.966005951166153 ], [ 704934.233887257636525, 4447939.795619641430676 ], [ 705424.117904336075298, 4448596.596797212958336 ], [ 706172.739698817022145, 4448752.051493272185326 ], [ 706723.200554538983852, 4448726.382321883924305 ], [ 707067.470440035569482, 4449178.408669975586236 ], [ 707784.514791149878874, 4449488.436816778965294 ], [ 708463.537079640198499, 4449817.910305372439325 ], [ 709121.598798542749137, 4449959.95749713294208 ], [ 709863.6384941812139, 4450089.198968973010778 ], [ 710745.751727704424411, 4450191.672839184291661 ], [ 711370.012062483467162, 4450383.367106181569397 ], [ 712042.767286261776462, 4450631.697258562780917 ], [ 712642.777671847608872, 4450807.053070455789566 ], [ 713423.171496138675138, 4450824.980643919669092 ], [ 714403.698283988400362, 4450871.352604368701577 ], [ 715028.303931820904836, 4450607.163137740455568 ], [ 715606.497700951644219, 4450578.933264129795134 ], [ 716281.868264866061509, 4450641.770437520928681 ], [ 717414.906428620684892, 4450694.147383091039956 ], [ 718393.799602931598201, 4450845.062353123910725 ], [ 719108.57426094985567, 4450997.569995729252696 ], [ 719732.47703750920482, 4451324.288785586133599 ], [ 720200.143354053492658, 4451464.540802803821862 ], [ 720735.528767722542398, 4451056.742704739794135 ], [ 721344.091941105667502, 4451300.114207761362195 ], [ 722182.160282260738313, 4451155.172560522332788 ], [ 722857.744134316570126, 4450881.381358054466546 ], [ 723236.561355852754787, 4450451.59550576005131 ], [ 723769.998901087092236, 4450127.954960594885051 ], [ 724257.846662046969868, 4449973.500710708089173 ], [ 724741.562132196500897, 4449626.729413708671927 ], [ 725069.395806192304008, 4449194.007825489155948 ], [ 724978.545854688039981, 4448573.380200884304941 ], [ 725103.161456782720052, 4447889.849192370660603 ], [ 725686.967843325110152, 4447766.189096359536052 ], [ 725648.965929524740204, 4447021.901318727992475 ], [ 726065.883248657919466, 4446640.20989724714309 ], [ 726588.070178234251216, 4446656.857039980590343 ], [ 727179.717353116720915, 4446386.706800197251141 ], [ 728047.748448415542953, 4446430.876955013722181 ], [ 728540.988414197578095, 4446971.424276403151453 ], [ 728993.993285850505345, 4446589.573848239146173 ], [ 728563.152124805375934, 4445880.911200736649334 ], [ 728385.079901357647032, 4445006.548498497344553 ], [ 728159.401897665113211, 4444369.985352292656898 ], [ 728214.325487276073545, 4443626.342923653312027 ], [ 728815.573745600762777, 4443056.815734001807868 ], [ 729776.573536278563552, 4442727.532812671735883 ], [ 730366.304457424790598, 4442946.163731794804335 ], [ 731177.733376544900239, 4443106.147583157755435 ], [ 731384.583580777281895, 4442553.136239386163652 ], [ 731229.946893135202117, 4441798.101571269333363 ], [ 730920.648470939137042, 4441236.466810127720237 ], [ 730979.876785263302736, 4440548.72366825863719 ], [ 731586.726974321180023, 4440538.443172465078533 ], [ 732013.232575163943693, 4440946.090004320256412 ], [ 732628.217102055321448, 4440931.623303575441241 ], [ 732250.598568781279027, 4440253.67566171195358 ], [ 731736.995151185779832, 4439752.099494486115873 ], [ 731311.05327224987559, 4439342.738651722669601 ], [ 730891.490334076574072, 4438559.289823881350458 ], [ 730781.475507727940567, 4437708.164793886244297 ], [ 731249.779350973898545, 4436880.283973731100559 ], [ 731784.017951259156689, 4436363.591457272879779 ], [ 732235.682647580164485, 4436055.580527487210929 ], [ 732800.335291223367676, 4435661.423292275518179 ], [ 733287.728868667618372, 4435158.853535335510969 ], [ 734031.396500515867956, 4435140.767980180680752 ], [ 734609.275680783088319, 4435064.286176409572363 ], [ 735350.292684242012911, 4434916.335855782963336 ], [ 736479.347502652555704, 4435060.856053400784731 ], [ 737214.36026674695313, 4435365.527700210921466 ], [ 737933.049363345373422, 4435143.72299662604928 ], [ 737644.625015458324924, 4434350.137681845575571 ], [ 738143.478823172277771, 4433786.798566069453955 ], [ 738743.985359714715742, 4433058.138436663895845 ], [ 739334.770253828493878, 4433080.507223253138363 ], [ 739831.514557188958861, 4433498.350577531382442 ], [ 740537.570784006500617, 4433260.988840634003282 ], [ 741132.091003616573289, 4433496.360207227990031 ], [ 741773.376207352266647, 4433081.458139078691602 ], [ 742079.428219235851429, 4432189.980623753741384 ], [ 742851.758170932531357, 4431996.591320471838117 ], [ 743289.587413006229326, 4432546.068540859036148 ], [ 743636.231075342162512, 4433162.31555066909641 ], [ 744339.65481883881148, 4433068.940354608930647 ], [ 744526.662769132177345, 4431909.271816592663527 ], [ 745049.353530711028725, 4432171.057249704375863 ], [ 745672.629467234248295, 4432282.890631528571248 ], [ 746391.45782451715786, 4432253.657851223833859 ], [ 747064.858923978288658, 4432348.879375170916319 ], [ 747346.813383053406142, 4431704.000210158526897 ], [ 747988.136101446812972, 4431578.64246591180563 ], [ 748473.162692570127547, 4431549.276934424415231 ], [ 749393.132679287926294, 4431660.483090146444738 ], [ 750154.285708834649995, 4431903.324305782094598 ], [ 750775.452140998095274, 4432190.615396645851433 ], [ 751106.322499401634559, 4432678.383899364620447 ], [ 751191.996762500610203, 4433507.173995110206306 ], [ 751709.172199892811477, 4433626.888303460553288 ], [ 751672.253870028653182, 4432467.795658928342164 ], [ 752269.303713743342087, 4432003.584422559477389 ], [ 752853.098968353006057, 4431870.580740126781166 ], [ 753440.972969088470563, 4431567.325306445360184 ], [ 754208.561044448055327, 4431527.968707352876663 ], [ 754864.83875720098149, 4431828.90910602081567 ], [ 755267.835907970787957, 4432526.086682669818401 ], [ 755528.605933988234028, 4433422.764970881864429 ], [ 756057.549734000815079, 4432978.783265185542405 ], [ 756637.038371460745111, 4432915.893081434071064 ], [ 757308.777916220598854, 4432935.364281478337944 ], [ 757927.213347317883745, 4432397.775699261575937 ], [ 758580.483875351492316, 4431921.626931983977556 ], [ 759350.39207153476309, 4432057.200401202775538 ], [ 759925.620846036472358, 4432210.704577829688787 ], [ 760588.174195093801245, 4432453.350272922776639 ], [ 761055.328108005342074, 4432905.141190730035305 ], [ 761529.314143336610869, 4432966.767104954458773 ], [ 762152.880623720819131, 4432719.722174164839089 ], [ 762072.031281300471164, 4431711.466148010455072 ], [ 762283.637165524298325, 4431059.891461404971778 ], [ 762314.796826837118715, 4430160.135801232419908 ], [ 762720.96457935066428, 4429857.108055420219898 ], [ 763187.83852372947149, 4429721.72186712641269 ], [ 763654.734732024138793, 4429617.142214891500771 ], [ 764337.182321217260323, 4429833.950300585478544 ], [ 765260.543544923653826, 4429759.684278124943376 ], [ 766048.202301818761043, 4429442.30967522226274 ], [ 766137.471071279491298, 4428625.675521874800324 ], [ 766495.737712949165143, 4427966.255887629464269 ], [ 766255.54398163233418, 4427435.34901739936322 ], [ 766349.092651537503116, 4426683.011581472121179 ], [ 766155.415661887498572, 4425990.12817641440779 ], [ 765920.081582917482592, 4425406.540779797360301 ], [ 766133.633220509043895, 4424616.53969816211611 ], [ 766672.195469816913828, 4424171.901109533384442 ], [ 767377.019723835866898, 4423649.790447293780744 ], [ 768173.193419915623963, 4423585.610569153912365 ], [ 768923.495693413773552, 4423612.706546114757657 ], [ 769774.36867032351438, 4423250.59657880011946 ], [ 770445.274877367191948, 4422892.140723982825875 ], [ 771066.318190178833902, 4422688.907412672415376 ], [ 771635.426619081175886, 4422622.369939448311925 ], [ 772004.931297300150618, 4423202.173811990767717 ], [ 772642.3325640152907, 4422829.626596208661795 ], [ 773238.763805331313051, 4422886.245719828642905 ], [ 773778.67246387898922, 4422741.390558466315269 ], [ 774428.068739661248401, 4422828.3258809549734 ], [ 775023.255763037595898, 4422954.084601540118456 ], [ 775930.916263111517765, 4423127.999242504127324 ], [ 776561.741108249756508, 4423282.657343460246921 ], [ 777214.828738357988186, 4423437.357362144626677 ], [ 778033.539733273442835, 4423669.232552395202219 ], [ 778602.485969678149559, 4423823.951422115787864 ], [ 779148.874981041415595, 4423989.25644597504288 ], [ 779799.545531056122854, 4424149.988839955069125 ], [ 780558.411279042367823, 4424345.892336294986308 ], [ 781069.129072795272805, 4424494.736855835653841 ], [ 781700.860949145280756, 4424790.544749429449439 ], [ 782437.651485494221561, 4425073.327446166425943 ], [ 783479.232449940405786, 4425486.566033461131155 ], [ 784312.774317960487679, 4425868.941889936104417 ], [ 785008.923221415374428, 4426231.74198261834681 ], [ 785421.716598706552759, 4427040.680504536256194 ], [ 786061.601625893847086, 4427188.109363466501236 ], [ 786893.984435376478359, 4427206.300134436227381 ], [ 787745.209738475736231, 4427686.697745434008539 ], [ 788369.507810555398464, 4427889.867826174944639 ], [ 789107.530542364926077, 4428058.503037309274077 ], [ 789862.530387055594474, 4428097.455363697372377 ], [ 790612.485900336876512, 4428030.26131502725184 ], [ 791101.96304468892049, 4427753.327376876957715 ], [ 791728.927886497229338, 4427549.092809050343931 ], [ 792312.969491129158996, 4426918.926853371784091 ], [ 792814.97909507388249, 4426458.347400927916169 ], [ 793585.48685804696288, 4426435.505988697521389 ], [ 794251.513820486725308, 4426434.811555753462017 ], [ 795003.583068255218677, 4426753.604077435098588 ], [ 795431.46224030375015, 4427430.430722561664879 ], [ 796126.090519529418088, 4427591.076798333786428 ], [ 796849.674668071558699, 4427552.640525742433965 ], [ 797634.033581332187168, 4427487.500570467673242 ], [ 798052.500022511929274, 4428324.628061223775148 ], [ 798727.692029946832918, 4428762.62085350882262 ], [ 799247.065693337353878, 4429053.881629846058786 ], [ 799775.008063227520324, 4429615.626900289207697 ], [ 800217.084589169942774, 4430097.790984343737364 ], [ 800740.15328042244073, 4430401.464863646775484 ], [ 801294.581785429036245, 4430940.286337826400995 ], [ 801937.188128887908533, 4431441.759690013714135 ], [ 802396.121653985697776, 4431981.548728345893323 ], [ 802845.42570919287391, 4432412.204711585305631 ], [ 803271.51341665070504, 4432836.222334360703826 ], [ 803664.86172794084996, 4433293.68891407828778 ], [ 804264.093656315119006, 4434043.140962935984135 ], [ 804840.483270479016937, 4434726.033151376061141 ], [ 805357.149755181977525, 4435507.144325623288751 ], [ 805875.795834380551241, 4436362.655715078115463 ], [ 806392.933423159993254, 4437140.715321288444102 ], [ 807080.536218005116098, 4437781.657376217655838 ], [ 807530.277313511469401, 4438532.49476816598326 ], [ 807469.21590114897117, 4439262.616487764753401 ], [ 807390.980785656254739, 4440003.688245049677789 ], [ 807455.033352742553689, 4441048.715062925592065 ], [ 807721.646093536633998, 4441744.576846273615956 ], [ 807723.466501173446886, 4442659.220325427129865 ], [ 807089.086334118619561, 4442989.515675202943385 ], [ 806951.109721465967596, 4443654.666932511143386 ], [ 806415.423188582179137, 4444101.462861281819642 ], [ 805906.58179615996778, 4444509.379887368530035 ], [ 805442.84706140588969, 4444645.038728948682547 ], [ 804904.862226303084753, 4444838.680703404359519 ], [ 804312.025491342530586, 4445071.167320023290813 ], [ 803625.219521439750679, 4445442.534347527660429 ], [ 803254.608995393966325, 4445960.71633963752538 ], [ 802836.123073313036002, 4446316.724255963228643 ], [ 802425.732638531480916, 4446715.006750331260264 ], [ 801744.203991723596118, 4447157.167465117760003 ], [ 801184.788484846591018, 4447836.159881349653006 ], [ 800673.996774961357005, 4448078.209435957483947 ], [ 800302.42912393133156, 4448546.696377836167812 ], [ 799889.279079004772939, 4449073.722225463017821 ], [ 799294.092723544687033, 4449370.703080045990646 ], [ 798619.430374252144247, 4449697.073458282276988 ], [ 798052.479651032830589, 4450141.524063219316304 ], [ 798456.992416688823141, 4450450.26083891838789 ], [ 799074.042921992018819, 4450663.319473419338465 ], [ 799726.607795788440853, 4450885.597766018472612 ], [ 799943.68881781946402, 4450130.045014569535851 ], [ 800508.604286791640334, 4449773.696989313699305 ], [ 801007.278870109817944, 4449726.58099904563278 ], [ 801529.675636915606447, 4450482.857316420413554 ], [ 802091.530376483802684, 4451100.661082776263356 ], [ 802590.276760879904032, 4451477.340326889418066 ], [ 803090.452264883439057, 4451440.773389182984829 ], [ 803703.513413615757599, 4451242.314395599067211 ], [ 804376.087186625576578, 4451310.116993428207934 ], [ 805127.299051707144827, 4451133.816351293586195 ], [ 805949.357646332471631, 4450683.176914672367275 ], [ 806616.744487667107023, 4450462.240753075107932 ], [ 807298.22381994954776, 4450299.106199591420591 ], [ 807758.987994089256972, 4449884.171186578460038 ], [ 808289.115788213675842, 4449572.330734325572848 ], [ 808606.288171936175786, 4449046.288347493857145 ], [ 808990.576969100045972, 4448693.953091136179864 ], [ 809459.043672766303644, 4448494.271189006976783 ], [ 810119.885373311932199, 4448500.205697630532086 ], [ 810666.39650218130555, 4448732.693090056069195 ], [ 811174.990097411442548, 4449057.345154571346939 ], [ 811349.602845048299059, 4449885.86548793874681 ], [ 811919.923654517391697, 4450435.418908500112593 ], [ 812454.717071143211797, 4450267.948187178000808 ], [ 813176.495951528893784, 4449795.293928920291364 ], [ 813518.004223081399687, 4449271.88800610974431 ], [ 814256.577318454626948, 4449021.02222637925297 ], [ 815032.170267063193023, 4448627.26201278809458 ], [ 815643.747081697336398, 4448485.099758298136294 ], [ 816313.596087535959668, 4448277.322107389569283 ], [ 817078.989276503445581, 4448252.668028269894421 ], [ 817702.440318575361744, 4448370.845241040922701 ], [ 818219.875575682730414, 4448439.811645809561014 ], [ 818596.683703053742647, 4448991.08010377176106 ], [ 819193.722637472208589, 4449015.466494929976761 ], [ 819842.334890089347027, 4449031.995575422421098 ], [ 820530.967835504212417, 4449481.99863123241812 ], [ 820472.88410818495322, 4450498.596397696994245 ], [ 821254.783305950812064, 4450723.292668220587075 ], [ 821916.863769813324325, 4450780.715674676001072 ], [ 822386.017537375213578, 4450538.429724690504372 ], [ 823013.916127062402666, 4450266.162987940013409 ], [ 823036.16265938768629, 4449655.986169517971575 ], [ 822712.616900868830271, 4448764.263868627138436 ], [ 822118.832391744479537, 4448385.042672310955822 ], [ 821837.759026460931636, 4447825.94359365105629 ], [ 822202.649289159569889, 4447170.21579662244767 ], [ 822819.843730567372404, 4446612.438354674726725 ], [ 823453.974541961215436, 4445781.408874794840813 ], [ 824401.732433923170902, 4445236.336891527287662 ], [ 824709.53839568910189, 4444735.386041145771742 ], [ 825263.936065200017765, 4444636.641288128681481 ], [ 825758.743075454141945, 4444683.599627384915948 ], [ 826529.341229834477417, 4444816.729321403428912 ], [ 827190.625536715146154, 4444838.389087208546698 ], [ 827730.866929201292805, 4445006.556169073097408 ], [ 828346.910215766634792, 4445175.760069634765387 ], [ 828887.043517044046894, 4445284.191604163497686 ], [ 829686.03426415764261, 4445390.198171599768102 ], [ 830397.018159570754506, 4445516.688003925606608 ], [ 831074.895527075859718, 4445629.735121330246329 ], [ 831561.791172438883223, 4445504.367937611415982 ], [ 832160.798346771392971, 4445447.641897946596146 ], [ 833183.928773533902131, 4445133.822011555545032 ], [ 833954.879588058451191, 4444953.84950025845319 ], [ 834608.598177050007507, 4444993.708404496312141 ], [ 835445.882161065936089, 4445067.29366347938776 ], [ 836136.56138134887442, 4444871.185149434953928 ], [ 836666.069682521861978, 4444747.958753402344882 ], [ 837004.975304384133779, 4444119.409759286791086 ], [ 837346.801504412782378, 4442880.55476781912148 ], [ 837686.387288378085941, 4442014.948182001709938 ], [ 838082.553095956449397, 4441585.05956160183996 ], [ 838572.802018339280039, 4441275.255374372936785 ], [ 839258.504144195467234, 4440927.711289150640368 ], [ 840039.065949606127106, 4440256.040620135143399 ], [ 840909.575573346694, 4439796.516598926857114 ], [ 841218.997448856011033, 4439081.337286789901555 ], [ 841357.191802433109842, 4438192.623320678249002 ], [ 841849.127883014036343, 4437800.729855192825198 ], [ 842399.881954280892387, 4437267.817308417521417 ], [ 842845.31342701765243, 4436988.476091474294662 ], [ 843424.03373734629713, 4436757.662195808254182 ], [ 843865.299523443216458, 4436454.901618259958923 ], [ 844448.540295654791407, 4436138.767384016886353 ], [ 844963.762966574868187, 4435922.796775695867836 ], [ 845358.061946298461407, 4435325.379504476673901 ], [ 846043.049512313096784, 4434896.978475761599839 ], [ 846722.992301663965918, 4434863.396089834161103 ], [ 847273.885299647809006, 4434548.288069538772106 ], [ 848011.241227709921077, 4434154.080825788900256 ], [ 848587.363007157575339, 4433923.536616316996515 ], [ 849086.301195026375353, 4434208.043441805057228 ], [ 849788.397342287003994, 4434242.7749800728634 ], [ 850705.176467113080435, 4434333.385725154541433 ], [ 851118.719358544331044, 4434623.744040775112808 ], [ 851617.307223978685215, 4434896.935840233229101 ], [ 851914.331781751825474, 4435531.499972378835082 ], [ 852186.934735663468018, 4436125.854701722040772 ], [ 852739.90885152714327, 4436024.591056237928569 ], [ 852852.070362931815907, 4435044.226145128719509 ], [ 853235.772840343299322, 4434586.140825663693249 ], [ 854149.546116282464936, 4434604.021737646311522 ], [ 854550.375876568257809, 4435206.082284390926361 ], [ 855031.15774418215733, 4435421.775364035740495 ], [ 855225.139415296143852, 4434778.655394779518247 ], [ 855574.891897021909244, 4434323.860122724436224 ], [ 856047.681136515107937, 4434045.857017435133457 ], [ 856664.339017994585447, 4433919.182341830804944 ], [ 857378.747212251881137, 4434003.360980019904673 ], [ 857503.930989011423662, 4433292.483597907237709 ], [ 857593.602957681170665, 4432348.513159949332476 ], [ 858153.092380690621212, 4432109.587649532593787 ], [ 858664.581061908625998, 4432459.676987390033901 ], [ 859235.279021823080257, 4432712.557396576739848 ], [ 859877.601500583114102, 4432989.143778680823743 ], [ 860390.681939204921946, 4432938.855290466919541 ], [ 860970.463012962485664, 4433082.496958269737661 ], [ 861992.483807031181641, 4433234.2418581424281 ], [ 862757.804638322675601, 4433302.054664710536599 ], [ 863395.5066902913386, 4433235.437555300071836 ], [ 864142.750572095508687, 4433458.402815172448754 ], [ 864978.308658741530962, 4433694.72813971247524 ], [ 865536.103131201001815, 4434301.862241609953344 ], [ 866023.137035371153615, 4434780.868376774713397 ], [ 866718.458167101722211, 4434859.13951868750155 ], [ 867446.401809549308382, 4434699.798688965849578 ], [ 866954.600425564218313, 4434013.317490505054593 ], [ 866454.543254155665636, 4433605.73486155923456 ], [ 866259.965467170113698, 4432925.842581165023148 ], [ 866143.301416308037005, 4432104.497109103016555 ], [ 865413.983089446206577, 4431717.894519713707268 ], [ 864760.362684251274914, 4431034.042679036967456 ], [ 864616.193924934137613, 4430062.0096979374066 ], [ 864164.317164973239414, 4429706.218194141983986 ], [ 863982.281633686739951, 4429131.900817822664976 ], [ 864208.855091378791258, 4428545.716007017530501 ], [ 864533.802139641949907, 4427823.257806064561009 ], [ 865060.611277102841996, 4427404.345586265437305 ], [ 865212.433362764655612, 4426676.524720980785787 ], [ 865629.873772196355276, 4426139.223774054087698 ], [ 865029.178326451103203, 4425129.39071602653712 ], [ 865780.404329097596928, 4425403.971292885951698 ], [ 865475.209254665649496, 4424696.758332232944667 ], [ 865029.74538793892134, 4424266.157121643424034 ], [ 864638.960319257341325, 4423882.229110354557633 ], [ 864178.053210897021927, 4423393.887190291658044 ], [ 864040.319386068033054, 4422799.258847031742334 ], [ 864287.651479737600312, 4422064.408208050765097 ], [ 864683.75149750278797, 4421468.544928072020411 ], [ 865023.915252252132632, 4421021.246963935904205 ], [ 865197.298142151092179, 4420446.044235828332603 ], [ 865822.131549676530994, 4420192.644824858754873 ], [ 866465.712049992522225, 4419707.14777060225606 ], [ 867101.520000816322863, 4419262.704772869125009 ], [ 867691.633861042442732, 4418906.836506281979382 ], [ 868397.155642985831946, 4418509.126320513896644 ], [ 869325.369171954458579, 4418198.441158450208604 ], [ 870207.096126835676841, 4417892.312400802969933 ], [ 870843.135288270539604, 4417813.588205170817673 ], [ 871523.398232463863678, 4417659.036214416846633 ], [ 872083.556129020522349, 4417512.954833263531327 ], [ 872899.415229896665551, 4417320.887327178381383 ], [ 873533.293902633711696, 4417214.828333209268749 ], [ 874028.011412021005526, 4417176.092809061519802 ], [ 874708.46025978482794, 4417137.357425971888006 ], [ 876424.604276531026699, 4417156.725030331872404 ], [ 878094.38172161008697, 4417234.063376973383129 ], [ 879532.167566774063744, 4417311.137019833549857 ], [ 880068.074400941492058, 4416929.173624048940837 ], [ 880820.750673915492371, 4417446.448214606381953 ], [ 881481.006500007235445, 4417572.076937205158174 ], [ 881990.060290011810139, 4417689.069479554891586 ], [ 882678.520022283191793, 4417823.272618641145527 ], [ 883366.599153197254054, 4417929.337818956933916 ], [ 884015.960029401467182, 4417987.445203460752964 ], [ 884688.605380858993158, 4418082.345984669402242 ], [ 885580.608237955835648, 4418335.194436360150576 ], [ 886087.695457833586261, 4418489.906638442538679 ], [ 886737.074033820652403, 4418644.426464235410094 ], [ 887278.184497593785636, 4418779.555680874735117 ], [ 887829.566188143915497, 4418914.996161613613367 ], [ 888293.523005268420093, 4419056.607962650246918 ], [ 888883.027725228690542, 4419224.014796339906752 ], [ 889597.375918288598768, 4419436.651828406378627 ], [ 890096.781314048683271, 4419691.633383496664464 ], [ 890929.740535865072161, 4419932.085831159725785 ], [ 891787.473687713500112, 4420243.208459722809494 ], [ 892652.029833778738976, 4420615.423336131498218 ], [ 893220.358358343946747, 4420834.390736787579954 ], [ 893833.6594005668303, 4421113.067166877910495 ], [ 894524.264370737364516, 4421333.669022699818015 ], [ 895277.148143243510276, 4421685.385887974873185 ], [ 896160.591867329669185, 4422055.20755903609097 ], [ 896683.592765014152974, 4422264.652814264409244 ], [ 897180.019696490024216, 4422531.768626012839377 ], [ 897877.782621251884848, 4422896.053610132075846 ], [ 898547.714894074946642, 4423230.599916505627334 ], [ 899303.649377204012126, 4423516.564562226645648 ], [ 900028.976232396322303, 4423769.429842222481966 ], [ 900622.180099046672694, 4424170.83782905433327 ], [ 901330.694260202813894, 4424566.284729502163827 ], [ 901957.594314075540751, 4424913.024158290587366 ], [ 902445.430052537354641, 4425138.569666659459472 ], [ 903131.551964177051559, 4425515.580560589209199 ], [ 903888.508137620869093, 4425763.748943503014743 ], [ 904679.562361625954509, 4426074.852328658103943 ], [ 905452.775967454304919, 4426487.281049957498908 ], [ 906218.539405043004081, 4426763.166326058097184 ], [ 906795.185276653966866, 4427149.529332470148802 ], [ 907371.393217400298454, 4427389.244478642009199 ], [ 907961.964712041546591, 4427748.960177776403725 ], [ 908643.909471103339456, 4428155.080896382220089 ], [ 909227.68758250924293, 4428458.158508576452732 ], [ 909774.031843454926275, 4428737.211849271319807 ], [ 910513.576980605605058, 4429083.393856694921851 ], [ 911124.281384390546009, 4429373.564400022849441 ], [ 911582.956648286315612, 4429675.751118146814406 ], [ 912201.882664367323741, 4430203.51000614464283 ], [ 912951.788751811138354, 4430659.384680189192295 ], [ 913577.400393892778084, 4430548.758647795766592 ], [ 913708.006320423563011, 4431118.701377253979445 ], [ 914301.036083371029235, 4431540.0342175392434 ], [ 915247.204110372345895, 4431963.49839813541621 ], [ 915754.369365210877731, 4432379.53187155071646 ], [ 916520.843911703908816, 4432247.82952487654984 ], [ 917349.094207733054645, 4431856.605859259143472 ], [ 917477.273369362927042, 4431037.889622131362557 ], [ 917383.972830585553311, 4430268.636685471981764 ], [ 917999.208160301437601, 4429837.649883784353733 ], [ 918543.487556011998095, 4429808.669919547624886 ], [ 919537.735250317840837, 4429487.965519465506077 ], [ 920075.660640808404423, 4428836.522579651325941 ], [ 920391.921874497435056, 4427722.160666284151375 ], [ 921145.591562611982226, 4427468.449963836930692 ], [ 922111.891830834443681, 4427284.744606018066406 ], [ 923043.494704355136491, 4427289.59112892113626 ], [ 924059.974459440796636, 4427498.774534633383155 ], [ 924733.756271571386606, 4427784.494178942404687 ], [ 925439.875171257532202, 4427550.77644276060164 ], [ 926100.891420798026957, 4427545.724567821249366 ], [ 926581.794849282130599, 4427942.389345778152347 ], [ 927098.08095528325066, 4428024.564523533917964 ], [ 927702.995075755286962, 4427900.889357829466462 ], [ 928500.703867603326216, 4427720.596749750897288 ], [ 929208.507253848132677, 4427849.480982895940542 ], [ 929735.161991169094108, 4427985.041576244868338 ], [ 930667.598536354489625, 4428218.746453261934221 ], [ 931472.400940099731088, 4427821.69011515006423 ], [ 932225.690249512321316, 4427775.281751838512719 ], [ 932980.292906265123747, 4427509.321983527392149 ], [ 933807.610567604657263, 4427198.967823708429933 ], [ 934785.568212899379432, 4427232.33382563572377 ], [ 935439.339901289553382, 4427083.25949864462018 ], [ 935960.880064630298875, 4426628.645734614692628 ], [ 936577.553976098657586, 4426091.469720117747784 ], [ 937025.621271756477654, 4425602.584942732006311 ], [ 937545.894730598782189, 4425095.065945873968303 ], [ 937937.187750111217611, 4424586.547265522181988 ], [ 938469.681306061451323, 4424539.171008986420929 ], [ 938901.587015402503312, 4424938.237624139524996 ], [ 939612.14511374826543, 4425195.439831532537937 ], [ 940271.498472717241384, 4425014.41792806237936 ], [ 940846.649991486687213, 4424916.950734407640994 ], [ 941376.411655817879364, 4425128.851998061873019 ], [ 941923.944920237641782, 4425148.85376466717571 ], [ 942552.791840680176392, 4425070.266793041490018 ], [ 943186.651811738149263, 4425346.354978664778173 ], [ 943836.913039998151362, 4425599.408871414139867 ], [ 944742.26800207386259, 4425815.837578109465539 ], [ 945551.061432240647264, 4425984.508908157236874 ], [ 946392.587579406797886, 4425885.928988787345588 ], [ 946885.716559672146104, 4426134.296612720936537 ], [ 947798.275339965126477, 4426453.144712464883924 ], [ 948518.301828918745741, 4426508.176393512636423 ], [ 948903.431199539569207, 4427088.78690002206713 ], [ 949504.534074615454301, 4427356.413890721276402 ], [ 949964.934567964752205, 4427618.430696130730212 ], [ 950545.538849351578392, 4427758.18539195228368 ], [ 951147.771060671657324, 4427928.291534686461091 ], [ 951652.863991871941835, 4428100.410647302865982 ], [ 952104.47659067157656, 4428507.314153892919421 ], [ 952777.23248236591462, 4428945.806884021498263 ], [ 953783.921910877106711, 4429223.403321720659733 ], [ 954518.285571019514464, 4429334.895099851302803 ], [ 955060.515240943757817, 4429426.178626496344805 ], [ 956065.504152932553552, 4429377.498056910932064 ], [ 956639.096530918614008, 4429747.526649175211787 ], [ 957136.328970241243951, 4429844.644766515120864 ], [ 957673.505403195973486, 4430131.199940423481166 ], [ 958089.76604866865091, 4430621.080889886245131 ], [ 958692.358044549240731, 4430756.975631725043058 ], [ 959311.13945662882179, 4430074.636603941209614 ], [ 960220.952430380741134, 4430289.049237525090575 ], [ 960805.430296083679423, 4430318.136777672916651 ], [ 961405.943066521314904, 4430354.086611188948154 ], [ 961958.822115557966754, 4430936.072985046543181 ], [ 962422.695888334652409, 4430312.940693035721779 ], [ 962431.136132133658975, 4430277.613819275982678 ], [ 962438.475426155957393, 4430223.348081793636084 ], [ 962438.900110021233559, 4430135.688308980315924 ], [ 962446.119290311355144, 4430049.091458018869162 ], [ 962442.721930777421221, 4429961.433124349452555 ], [ 962448.242486962815747, 4429917.338508724234998 ], [ 962636.150232707848772, 4429419.560299655422568 ], [ 963215.923291439423338, 4428389.374629393219948 ], [ 963045.512965922476724, 4428440.009594864211977 ], [ 963174.818792125210166, 4428215.320770292542875 ], [ 963278.272559007746167, 4428245.032013691030443 ], [ 963328.330039714928716, 4428259.408177615143359 ], [ 963369.733320571715012, 4428177.076343468390405 ], [ 963467.933698043692857, 4428032.067139936611056 ], [ 963511.354199391091242, 4427956.110947294160724 ], [ 963549.997313467203639, 4427877.499301680363715 ], [ 963599.150434621376917, 4427805.262443912215531 ], [ 963643.632701262482442, 4427730.369978835806251 ], [ 963717.415705051156692, 4427569.963926452212036 ], [ 963741.833078753435984, 4427508.882836969569325 ], [ 963748.945948927546851, 4427491.355139590799809 ], [ 963590.869822986074723, 4427412.216037181206048 ], [ 963509.97406034800224, 4427379.817000847309828 ], [ 963431.307581815170124, 4427342.106755607761443 ], [ 963356.038462841534056, 4427297.49184734467417 ], [ 963275.567161425831728, 4427266.155219757929444 ], [ 963190.212496577762067, 4427246.503530744463205 ], [ 963024.174244037130848, 4427192.860190811567008 ], [ 962942.641399970278144, 4427161.523871986195445 ], [ 962859.091558030573651, 4427137.623495931737125 ], [ 962770.024388155550696, 4427105.082587157376111 ], [ 962750.062688381527551, 4427097.789469764567912 ], [ 962695.388899730052799, 4427077.606933113187551 ], [ 962611.732858986593783, 4427051.582392668351531 ], [ 962542.196359838475473, 4427000.595256756991148 ], [ 962467.139304479700513, 4426957.575242697261274 ], [ 962306.303234400227666, 4426889.062272548675537 ], [ 962228.379813482286409, 4426849.760326474905014 ], [ 962078.372235535876825, 4426760.003969373181462 ], [ 962000.661212200066075, 4426720.702500944025815 ], [ 961837.277150291949511, 4426660.688433472067118 ], [ 961763.175550136365928, 4426612.889850206673145 ], [ 961705.529419739614241, 4426549.689873265102506 ], [ 961681.005735927843489, 4426464.715790200047195 ], [ 961659.03015525045339, 4426379.742387010715902 ], [ 961628.455366526730359, 4426298.486947657540441 ], [ 961625.574306798167527, 4426293.021492305211723 ], [ 961590.631229965016246, 4426226.73277894873172 ], [ 961546.710236183484085, 4426143.413227307610214 ], [ 961508.703980911755934, 4426064.815277520567179 ], [ 961474.94423026801087, 4425983.562247453257442 ], [ 961423.561713652219623, 4425816.279021309688687 ], [ 961394.685549077228643, 4425733.434894878417253 ], [ 961363.048995059682056, 4425652.184538991190493 ], [ 961328.970870666205883, 4425571.4660276286304 ], [ 961309.666178520419635, 4425513.078006651252508 ], [ 961301.580821270006709, 4425488.623810578137636 ], [ 961299.403857310069725, 4425483.68581435084343 ], [ 961266.228756612050347, 4425408.437478624284267 ], [ 961235.12319659430068, 4425326.658397769555449 ], [ 961210.387226506019942, 4425242.756233377382159 ], [ 961178.219901156728156, 4425161.509630580432713 ], [ 961123.971130312653258, 4424994.770404847338796 ], [ 961116.751950022764504, 4424907.684418005868793 ], [ 961132.994799562729895, 4424822.192423331551254 ], [ 961157.093799515394494, 4424737.763200964778662 ], [ 961178.79586821096018, 4424673.934905908070505 ], [ 961169.716427903855219, 4424612.978903193026781 ], [ 961058.973906032158993, 4423886.529301845468581 ], [ 961031.397396486485377, 4423823.42056480795145 ], [ 961002.521120580728166, 4423741.122969933785498 ], [ 960986.06587345211301, 4423654.578385627828538 ], [ 960973.326248282333836, 4423568.034367034211755 ], [ 960973.750932141207159, 4423482.022450274787843 ], [ 960982.137853892054409, 4423394.948862017132342 ], [ 960984.579535605153069, 4423350.350528887473047 ], [ 960992.011002171901055, 4423220.273277156054974 ], [ 960991.69251711666584, 4423132.671150084584951 ], [ 961005.068778435583226, 4423046.131799587979913 ], [ 961015.897604561294429, 4422959.061922178603709 ], [ 961019.613115182844922, 4422871.992897333577275 ], [ 961031.609460126492195, 4422785.455391309224069 ], [ 961035.620857957634144, 4422775.425344178453088 ], [ 961035.10233178595081, 4422724.242454307153821 ], [ 961057.536548768519424, 4422518.250536653213203 ], [ 961044.561482878634706, 4422446.744981467723846 ], [ 961048.595589898759499, 4422272.08498147316277 ], [ 961071.420538300299086, 4422187.67601902037859 ], [ 961110.488336222711951, 4422017.267247213982046 ], [ 961118.662860403885134, 4421929.675175118260086 ], [ 961123.413530989084393, 4421913.38881603255868 ], [ 961130.786554808262736, 4421845.6933718258515 ], [ 960992.982932637329213, 4421288.751075983047485 ], [ 960987.658187440829352, 4421282.576567318290472 ], [ 960945.936421529040672, 4421206.668615603819489 ], [ 960906.231653483817354, 4421129.168620164506137 ], [ 960875.019783312338404, 4421051.669189726933837 ], [ 960860.263160313712433, 4420963.554220702499151 ], [ 960866.102201560745016, 4420788.918730081990361 ], [ 960882.238963627722114, 4420702.929022875614464 ], [ 960894.022910957573913, 4420618.001683874055743 ], [ 960917.378630678169429, 4420451.333452380262315 ], [ 960919.420452788239345, 4420447.625587877817452 ], [ 960962.391668651252985, 4420369.59278826136142 ], [ 960978.422120608855039, 4420283.075653031468391 ], [ 960986.384358513518237, 4420224.690244762226939 ], [ 960990.312378073460422, 4420196.559082735329866 ], [ 960976.829583977116272, 4420110.043633901514113 ], [ 960953.155379201401956, 4420026.182366240769625 ], [ 960861.431013074005023, 4419877.569324067793787 ], [ 960820.452304776757956, 4419800.079017041251063 ], [ 960770.237418310018256, 4419728.427567154169083 ], [ 960722.888786096824333, 4419655.184374305419624 ], [ 960642.311397201847285, 4419500.207566416822374 ], [ 960608.127185329329222, 4419419.535628140904009 ], [ 960581.90498872497119, 4419336.210857125930488 ], [ 960559.610811661463231, 4419251.294156285002828 ], [ 960556.850756192812696, 4419164.255495629273355 ], [ 960548.689256405923516, 4419108.052280915901065 ], [ 960546.446613957523368, 4419092.608330197632313 ], [ 960544.429727409151383, 4419077.748167717829347 ], [ 960532.008698631660081, 4419036.352209721691906 ], [ 960519.269184786360711, 4418993.895319662056863 ], [ 960607.065420022932813, 4419001.85595624614507 ], [ 960702.187145677860826, 4419025.738040870055556 ], [ 960870.560992439743131, 4419081.463206378743052 ], [ 960930.436740909470245, 4419113.306468114256859 ], [ 961071.363765352871269, 4419177.113343035802245 ], [ 961110.116751768742688, 4419182.233725392259657 ], [ 961631.604817569139414, 4419039.949396035633981 ], [ 961638.558723521186039, 4419037.688215945847332 ], [ 961688.224804886966012, 4419010.347354881465435 ], [ 961758.292075392091647, 4418962.052415531128645 ], [ 961808.188588109333068, 4418938.170473905280232 ], [ 961889.084350747521967, 4418913.757834639400244 ], [ 962009.684992761933245, 4418890.406473338603973 ], [ 962084.954334378358908, 4418850.072879915125668 ], [ 962169.884315380360931, 4418834.151839963160455 ], [ 962283.265999741270207, 4418818.230684690177441 ], [ 962326.049419634975493, 4418818.230684690177441 ], [ 962370.637773749069311, 4418826.722075834870338 ], [ 962372.851473145070486, 4418827.893058053217828 ], [ 962780.979450565297157, 4418783.734860543161631 ], [ 962864.091806913376786, 4418734.740342609584332 ], [ 962869.389167513465509, 4418730.664687334559858 ], [ 962926.716924160835333, 4418690.331560672260821 ], [ 962998.270643818774261, 4418651.059924148023129 ], [ 963078.741722597857006, 4418587.376542613841593 ], [ 963213.886812684359029, 4418499.812724369578063 ], [ 963281.51217883976642, 4418460.011340972036123 ], [ 963349.031680133892223, 4418428.170035443268716 ], [ 963430.24603916448541, 4418379.87787904497236 ], [ 963501.481051105074584, 4418348.036813438870013 ], [ 963565.390906614018604, 4418324.156250705011189 ], [ 963633.016495381016284, 4418292.315769258886576 ], [ 963693.635301465401426, 4418268.435053420253098 ], [ 963780.370105356676504, 4418268.435053420253098 ], [ 963883.666132537415251, 4418276.395146953873336 ], [ 963940.357030367478728, 4418292.846211323514581 ], [ 963979.849512155167758, 4418332.116525051183999 ], [ 964048.111848427215591, 4418332.116525051183999 ], [ 964090.364608313771896, 4418324.156250705011189 ], [ 964212.876272034132853, 4418327.340443186461926 ], [ 964261.180136795039289, 4418355.996966554783285 ], [ 964345.366948851151392, 4418436.130248546600342 ], [ 964389.838751476025209, 4418471.815503619611263 ], [ 964720.563058676547371, 4418621.871868947520852 ], [ 965150.832928112591617, 4418114.5928785065189 ], [ 965170.852180049521849, 4418088.200348205864429 ], [ 965204.116002379800193, 4417981.342583977617323 ], [ 965234.478393489844166, 4417909.703387570567429 ], [ 965274.713932892074808, 4417830.104908204637468 ], [ 965325.14121694106143, 4417798.26576672680676 ], [ 965397.119397808564827, 4417710.708306132815778 ], [ 965446.378829071880318, 4417686.82889614533633 ], [ 965483.854090387932956, 4417622.620879442431033 ], [ 965520.798580346629024, 4417582.822500433772802 ], [ 965566.129992069210857, 4417527.105186911299825 ], [ 965616.0266160920728, 4417487.307304389774799 ], [ 965712.209773092181422, 4417383.833256337791681 ], [ 965814.231860014609993, 4417320.157462196424603 ], [ 965907.442675288184546, 4417288.319986290298402 ], [ 965950.963698136038147, 4417267.602865518070757 ], [ 965995.510084803099744, 4417238.098815171979368 ], [ 966020.18727820168715, 4417216.685318367555737 ], [ 966068.809739348595031, 4417184.84773485455662 ], [ 966122.952534044277854, 4417145.051271989010274 ], [ 966175.821499812649563, 4417113.213902872987092 ], [ 966200.813838678994216, 4417105.029340144246817 ], [ 966598.872634206549264, 4416850.792888773605227 ], [ 966545.616053982754238, 4416131.564613189548254 ], [ 966516.603411693591624, 4416029.214063124731183 ], [ 966492.981861030799337, 4415935.218113815411925 ], [ 966336.923178197583184, 4415463.29289554618299 ], [ 966272.64774949348066, 4415371.758443134836853 ], [ 966261.282363439211622, 4415359.661766852252185 ], [ 966214.783210255787708, 4415295.467516245320439 ], [ 966074.542470486019738, 4415120.394647647626698 ], [ 966026.026319448603317, 4415065.220649309456348 ], [ 965967.955393880954944, 4415016.943618040531874 ], [ 965908.610416749143042, 4414937.366640883497894 ], [ 965874.956976208370179, 4414841.344644701108336 ], [ 965880.583619872923009, 4414801.556946911849082 ], [ 965862.748233688645996, 4414737.896606110036373 ], [ 965843.002048447728157, 4414681.663510605692863 ], [ 965832.704216321813874, 4414611.107603644952178 ], [ 965830.79419649974443, 4414553.568382252007723 ], [ 965758.885812948807143, 4414297.147736568935215 ], [ 965201.501330178813078, 4413784.669975282624364 ], [ 965124.812442418537103, 4413757.576223310083151 ], [ 965048.269160543568432, 4413693.922127130441368 ], [ 964980.537595609552227, 4413662.625572112388909 ], [ 964911.744154050946236, 4413598.441557602956891 ], [ 964849.214437585207634, 4413550.701941693201661 ], [ 964674.470889569493011, 4413439.309549284167588 ], [ 964581.366384405060671, 4413359.744506812654436 ], [ 964481.191644442616962, 4413263.580453283153474 ], [ 964384.465248339460231, 4413194.857136949896812 ], [ 963846.742793267010711, 4412891.383152182213962 ], [ 963768.376766051631421, 4412858.178922074846923 ], [ 963706.268505194806494, 4412865.923484391532838 ], [ 963530.357327011181042, 4412850.011396731249988 ], [ 963465.810390080092475, 4412809.700556714087725 ], [ 963417.931097853463143, 4412754.008231017738581 ], [ 963356.887607929063961, 4412706.802426834590733 ], [ 963273.01916959695518, 4412650.580478629097342 ], [ 963221.012261979863979, 4412626.259151253849268 ], [ 963172.217923521646298, 4412605.585169888101518 ], [ 962652.207178683602251, 4412319.435591312125325 ], [ 962511.621571114636026, 4412260.215307732112706 ], [ 962466.520034145796672, 4412219.247537411749363 ], [ 961949.444672974292189, 4411961.575947302393615 ], [ 961908.405963454279117, 4411949.949178846552968 ], [ 961810.099498490570113, 4411933.507918000221252 ], [ 961741.83693957561627, 4411910.172009848058224 ], [ 961685.783234504982829, 4411853.954129567369819 ], [ 961640.982482783263549, 4411814.177319253794849 ], [ 961609.471274528070353, 4411777.737351848743856 ], [ 961410.793702021474019, 4411668.231483958661556 ], [ 961329.713928255718201, 4411639.161564202047884 ], [ 961311.797724134172313, 4411622.262550540268421 ], [ 960829.502690681372769, 4411543.169317066669464 ], [ 960795.681491670198739, 4411533.896989536471665 ], [ 960757.816389526356943, 4411543.169456106610596 ], [ 960679.256109803565778, 4411574.989748818799853 ], [ 960502.601651387638412, 4411623.251310051418841 ], [ 960463.533964770962484, 4411623.251310051418841 ], [ 960392.192642714362592, 4411614.765804557129741 ], [ 960337.943537909188308, 4411527.789311304688454 ], [ 960267.982354895910248, 4411424.373471009545028 ], [ 960208.531401596963406, 4411320.428262481465936 ], [ 960157.573346209945157, 4411209.059343545697629 ], [ 960107.146284797461703, 4411137.465584095567465 ], [ 960072.006395104108378, 4411049.432688382454216 ], [ 960069.758409300586209, 4411043.462222115136683 ], [ 959828.257230545976199, 4410640.654563637450337 ], [ 959345.760486182989553, 4410280.637334644794464 ], [ 959342.069131876109168, 4410279.488143951632082 ], [ 958761.774875263683498, 4410292.829578483477235 ], [ 958711.96018237399403, 4410341.467328788712621 ], [ 958668.856051027076319, 4410404.056159628555179 ], [ 958630.425111896591261, 4410444.358170569874346 ], [ 958585.30609775648918, 4410475.644988187588751 ], [ 958562.562301278696395, 4410487.337011724710464 ], [ 958323.981144099030644, 4410720.287700898945332 ], [ 958309.399960591341369, 4410732.269422899000347 ], [ 958298.242741985595785, 4410786.398782033473253 ], [ 958288.050997332553379, 4410818.747299936600029 ], [ 958261.191941910889, 4410842.611025956459343 ], [ 958206.41217709868215, 4410898.293353969231248 ], [ 958125.94076435174793, 4410969.885366272181273 ], [ 958057.678428079816513, 4410993.749430987052619 ], [ 957995.148711614077911, 4411057.917743344791234 ], [ 957907.245943650370464, 4411121.025716882199049 ], [ 957872.424650330445729, 4411142.23844007961452 ], [ 957855.544830648694187, 4411152.844887048006058 ], [ 957795.562994706095196, 4411161.330024417489767 ], [ 957740.146148440078832, 4411153.375251389108598 ], [ 957717.639685119036585, 4411139.586899511516094 ], [ 957687.701866536983289, 4411121.025716882199049 ], [ 957632.709704136126675, 4411081.25164461415261 ], [ 957553.830939345760271, 4411017.613827243447304 ], [ 957469.644015958416276, 4410953.976112171076238 ], [ 957394.374896978610195, 4410906.248075444251299 ], [ 957325.475256622419693, 4410866.474666432477534 ], [ 957243.836325057549402, 4410826.171474942006171 ], [ 957169.841035011457279, 4410786.398782033473253 ], [ 957067.924924256163649, 4410722.762448786757886 ], [ 957004.545840085484087, 4410667.61123976111412 ], [ 956947.855164892040193, 4410603.975616363808513 ], [ 956895.516970461700112, 4410539.810178462415934 ], [ 956839.56935285765212, 4410452.312413951382041 ], [ 956831.904115358367562, 4410438.382900132797658 ], [ 956323.100460243062116, 4410148.167478288523853 ], [ 956087.524261409882456, 4409661.130193975754082 ], [ 956044.199606142705306, 4409600.174537125974894 ], [ 956028.810911058681086, 4409570.011049333028495 ], [ 955882.948759622988291, 4409367.56859777122736 ], [ 955871.154570900718682, 4409353.083401466719806 ], [ 955753.845089616370387, 4409217.344647665508091 ], [ 955704.161085818661377, 4409145.764415703713894 ], [ 955672.312245530774817, 4409082.138162880204618 ], [ 955655.669759024516679, 4409052.135150518268347 ], [ 955618.501182921347208, 4409000.550943585112691 ], [ 955454.396995217888616, 4408794.017024288885295 ], [ 955415.186708335531875, 4408779.91733174584806 ], [ 955364.865623090416193, 4408747.575005926191807 ], [ 955308.068637762102298, 4408731.668932192958891 ], [ 955274.308887111837976, 4408708.340039257891476 ], [ 955245.538921315339394, 4408668.044874881394207 ], [ 955239.805967541411519, 4408628.810201150365174 ], [ 955242.127758165006526, 4408526.870886169373989 ], [ 955119.078087353031151, 4408372.012678195722401 ], [ 955082.763888342422433, 4408312.923166254535317 ], [ 955058.692718246369623, 4408293.73133778385818 ], [ 955020.368089225376025, 4408246.545440454035997 ], [ 954992.447268497315235, 4408206.252161817625165 ], [ 954982.149659008020535, 4408182.394064096733928 ], [ 954970.430276989703998, 4408130.138341417536139 ], [ 954672.968901535030454, 4407646.1362523753196 ], [ 954388.637214746559039, 4407698.592366642318666 ], [ 954353.24273736809846, 4407728.574472949840128 ], [ 954304.195592362317257, 4407792.192919608205557 ], [ 954248.035577169503085, 4407839.907142877578735 ], [ 954174.677368571050465, 4407888.151364670135081 ], [ 954139.962162723764777, 4407907.767319608479738 ], [ 954105.777950870338827, 4407927.383310640230775 ], [ 954073.292029153788462, 4407935.33581358846277 ], [ 954037.515280630555935, 4407871.716512151062489 ], [ 954028.491611406090669, 4407857.40206881146878 ], [ 953996.748747278819792, 4407808.097590620629489 ], [ 953957.80540454108268, 4407771.746930837631226 ], [ 953285.654534258996136, 4407711.256257936358452 ], [ 952751.766033778083511, 4408042.193535322323442 ], [ 952702.627495468710549, 4408102.86829140689224 ], [ 952680.014833343797363, 4408146.872402946464717 ], [ 952661.861184753593989, 4408182.394064096733928 ], [ 952582.026853454299271, 4408261.920430433005095 ], [ 952525.229868125985377, 4408293.73133778385818 ], [ 952437.858316761092283, 4408253.967822679318488 ], [ 952397.091783403186128, 4408182.394064096733928 ], [ 952374.054548743995838, 4408150.053552344441414 ], [ 952346.027640543179587, 4408110.820786355994642 ], [ 952308.446069136844017, 4408039.247989507392049 ], [ 952305.010972283431329, 4408035.674115415662527 ], [ 952114.365768940304406, 4407950.331775635480881 ], [ 952077.580131904454902, 4407939.629286523908377 ], [ 952029.663213689113036, 4407935.33581358846277 ], [ 951962.143935012747534, 4407919.961155943572521 ], [ 951955.147727646050043, 4407904.008370394818485 ], [ 951738.53280031029135, 4407840.986164682544768 ], [ 951686.545930198393762, 4407855.811746162362397 ], [ 951617.646512478822842, 4407839.907142877578735 ], [ 951546.198880312615074, 4407808.097590620629489 ], [ 951520.681113418890163, 4407791.859930881299078 ], [ 950969.33827339054551, 4407701.404262585565448 ], [ 950766.996619823155925, 4407755.084892425686121 ], [ 950743.822462202049792, 4407768.336166054941714 ], [ 950684.477707707090303, 4407808.097590620629489 ], [ 950635.536650167545304, 4407831.954711164347827 ], [ 950558.887392150936648, 4407863.764056691899896 ], [ 950500.285695245256647, 4407871.716512151062489 ], [ 950416.629654520773329, 4407888.151364670135081 ], [ 950353.675254196161404, 4407880.199035927653313 ], [ 950344.538484356366098, 4407867.162621988914907 ], [ 950167.859535645577125, 4407914.03566603641957 ], [ 949966.267062276019715, 4408084.545748936012387 ], [ 949962.466280896333046, 4408126.72607206273824 ], [ 949938.261304782703519, 4408174.441515686921775 ], [ 949897.60097020957619, 4408206.252161817625165 ], [ 949775.106338387471624, 4408246.234813774004579 ], [ 949475.10275971959345, 4408499.991344566456974 ], [ 949468.173455386888236, 4408532.845084306783974 ], [ 949459.255873609916307, 4408588.5154765881598 ], [ 949407.129965437343344, 4408715.763021246530116 ], [ 949367.319109900272451, 4408694.554852568544447 ], [ 949346.405071898945607, 4408683.950853587128222 ], [ 949294.066877468838356, 4408668.044874881394207 ], [ 949254.57450699317269, 4408644.186159839853644 ], [ 949203.085680268006399, 4408620.327081263996661 ], [ 949111.711080015171319, 4408596.266941340640187 ], [ 948685.38459223730024, 4408698.803182191215456 ], [ 947755.134695825516246, 4408399.502735283225775 ], [ 947192.189025255385786, 4408377.701593148522079 ], [ 947170.922215766157024, 4408382.80205013230443 ], [ 947107.118670392083004, 4408397.647009646520019 ], [ 947012.103032210026868, 4408405.069636135362089 ], [ 946925.368339649634436, 4408389.164073844440281 ], [ 946890.440736213931814, 4408371.13790978398174 ], [ 946885.298666287213564, 4408368.45648246165365 ], [ 946386.100992670748383, 4408365.679017555899918 ], [ 946296.355330536840484, 4408381.741597412154078 ], [ 946198.154953039600514, 4408381.741597412154078 ], [ 946117.046792819397524, 4408389.164073844440281 ], [ 945953.981104641687125, 4408373.788900217041373 ], [ 945875.527023716480471, 4408349.930705222301185 ], [ 945844.658240244840272, 4408343.472527941688895 ], [ 945700.557831080979668, 4408337.206152577884495 ], [ 945089.322655964409932, 4408387.382011908106506 ], [ 945082.705046187387779, 4408389.164073844440281 ], [ 944982.487782173673622, 4408428.928093590773642 ], [ 944868.893700211308897, 4408445.363944749347866 ], [ 944760.501800723141059, 4408453.316695387475193 ], [ 944654.126899069990031, 4408381.741597412154078 ], [ 944536.605020203511231, 4408341.977753801271319 ], [ 944436.599819804192521, 4408301.683975214138627 ], [ 944347.317135421326384, 4408270.403403907082975 ], [ 944289.883291301317513, 4408246.01522084698081 ], [ 944208.77513107447885, 4408134.6785848448053 ], [ 944124.269722625962459, 4408002.136461184360087 ], [ 944112.485663965111598, 4407983.580745491199195 ], [ 944074.267122416873462, 4407912.008803466334939 ], [ 944049.855425999034196, 4407870.327427426353097 ], [ 944024.77770508127287, 4407839.288553807884455 ], [ 943455.259954411885701, 4407401.01213937997818 ], [ 942786.668190907221287, 4407262.121123444288969 ], [ 942698.294541478273459, 4407250.388447144068778 ], [ 942523.550993437413126, 4407210.628825936466455 ], [ 942412.823499689926393, 4407178.821430345997214 ], [ 942359.317452474148013, 4407172.990017602220178 ], [ 942271.096533397794701, 4407163.447864358313382 ], [ 942178.52279957162682, 4407147.014129709452391 ], [ 942026.710176080232486, 4407091.351269374601543 ], [ 941920.335497063701041, 4407067.495807120576501 ], [ 941716.821760595892556, 4406956.171486032195389 ], [ 941639.323246179614216, 4406903.690399937331676 ], [ 941622.443426516838372, 4406892.558031046763062 ], [ 941537.619533006683923, 4406844.848189033567905 ], [ 941434.323283189442009, 4406780.705529907718301 ], [ 941350.667242445982993, 4406725.574727037921548 ], [ 941263.863643128192052, 4406662.216810552403331 ], [ 941231.574088986031711, 4406642.561043157242239 ], [ 940626.113167167990468, 4406271.634035258553922 ], [ 940578.86550172814168, 4406247.433432972989976 ], [ 940479.391295329085551, 4406199.726757168769836 ], [ 940472.15029639005661, 4406194.210893687792122 ], [ 939517.903702637646347, 4405756.791374995373189 ], [ 939374.795929367071949, 4405702.551395288668573 ], [ 939240.155895803705789, 4405690.336057926528156 ], [ 939207.776284196646884, 4405685.035551837645471 ], [ 939038.553292347467504, 4405658.532921990379691 ], [ 939003.307315187528729, 4405654.292751875706017 ], [ 938967.742964271921664, 4405650.582257049158216 ], [ 938887.483949113637209, 4405626.730158844031394 ], [ 938817.947449940140359, 4405682.385369267314672 ], [ 938822.406352150253952, 4405738.040592404082417 ], [ 938789.177484143641777, 4405714.188298461958766 ], [ 938745.756982821505517, 4405690.336057926528156 ], [ 938699.894799761008471, 4405658.532921990379691 ], [ 938652.864875239436515, 4405650.582257049158216 ], [ 938618.46804314176552, 4405626.730158844031394 ], [ 938630.381343737826683, 4405500.583417002111673 ], [ 938634.286208822741173, 4405459.236607318744063 ], [ 938648.299774251063354, 4405371.780698735266924 ], [ 938682.696495017851703, 4405308.176700747571886 ], [ 938759.982723176362924, 4405212.241207857616246 ], [ 938790.688980195322074, 4405116.118728814646602 ], [ 938792.878300614771433, 4405105.361147128045559 ], [ 938789.177484143641777, 4404997.582657335326076 ], [ 938805.101737316465005, 4404894.760243158787489 ], [ 938817.310479823732749, 4404830.629041976295412 ], [ 938856.803072935901582, 4404751.128140266984701 ], [ 938875.731950462446548, 4404698.236239057034254 ], [ 938886.467268205247819, 4404668.239454936236143 ], [ 938899.480294032255188, 4404631.877968891523778 ], [ 938909.672038704273291, 4404591.598216733895242 ], [ 938924.428439066163264, 4404559.798636937513947 ], [ 938947.359697583480738, 4404480.299616157077253 ], [ 939014.985286375740543, 4404313.354102529585361 ], [ 939060.316698079113849, 4404241.806805775500834 ], [ 939106.284857281600125, 4404202.058684888295829 ], [ 939132.719451499870047, 4404195.698882600292563 ], [ 939249.073588886414655, 4404169.729972396977246 ], [ 939260.848853318253532, 4404168.789001584984362 ], [ 939593.061390808783472, 4403933.818558994680643 ], [ 939619.899184191948734, 4403881.95765345916152 ], [ 939627.330650758580305, 4403867.648706977255642 ], [ 939821.289724027272314, 4403843.800598095171154 ], [ 940053.997998825856484, 4403843.800598095171154 ], [ 940237.659239949542098, 4403835.851286639459431 ], [ 940370.256115570431575, 4403827.371842377819121 ], [ 940473.021594049641863, 4403827.371842377819121 ], [ 940567.39992814778816, 4403843.800598095171154 ], [ 940686.620653755497187, 4403883.547383228316903 ], [ 940787.474999216850847, 4403930.714105069637299 ], [ 940865.794494877220131, 4403969.909256871789694 ], [ 941278.660563792800531, 4404098.183639593422413 ], [ 941376.783128959825262, 4404098.183639593422413 ], [ 941445.0478029291844, 4404122.31837250571698 ], [ 941894.462064424762502, 4404165.187388954684138 ], [ 942098.736780939274468, 4404019.01134613994509 ], [ 942106.438419900368899, 4404010.208749471232295 ], [ 942115.499047222663648, 4404007.016609985381365 ], [ 942361.364840563270263, 4403831.081563671119511 ], [ 942388.571992027689703, 4403803.185680346563458 ], [ 942397.429795237607323, 4403772.256452645175159 ], [ 942441.381067897891626, 4403708.132004129700363 ], [ 942498.815134654636495, 4403644.007941325195134 ], [ 942642.877695212257095, 4403525.3002775805071 ], [ 942706.78755069593899, 4403469.12648543715477 ], [ 942755.834695708123036, 4403413.482829526998103 ], [ 942824.627803292823955, 4403350.420490976423025 ], [ 942845.470930806943215, 4403334.732654984109104 ], [ 942905.398331524804235, 4403273.2912607928738 ], [ 942797.418425443116575, 4402915.528630336746573 ], [ 942785.772402959060855, 4402904.225395306013525 ], [ 942765.805471180123277, 4402810.789862067438662 ], [ 942733.29784215206746, 4402703.087909116409719 ], [ 942650.815442803199403, 4402484.603514400310814 ], [ 942594.467520322999917, 4402410.889041045680642 ], [ 942521.109311724314466, 4402299.613202984444797 ], [ 942505.078525818069465, 4402227.549497984349728 ], [ 942505.078525818069465, 4402186.748910130001605 ], [ 942505.078525818069465, 4402148.068004538305104 ], [ 942512.722389973467216, 4402084.483236306346953 ], [ 942514.102529016672634, 4401981.159004889428616 ], [ 942509.749714285717346, 4401861.409908790141344 ], [ 942531.300833734567277, 4401718.348558971658349 ], [ 942538.944586584111676, 4401606.550335365347564 ], [ 942564.726069340482354, 4401457.712730238214135 ], [ 942568.221167391515337, 4401437.5355643639341 ], [ 942581.621807674062438, 4401360.174050191417336 ], [ 942610.391996113583446, 4401105.326454218477011 ], [ 942676.000364408595487, 4400778.960881808772683 ], [ 942729.081616434617899, 4400620.020215474069118 ], [ 942757.639295973465778, 4400540.550562122836709 ], [ 942819.001382290269248, 4400413.400848180986941 ], [ 942877.603079170570709, 4400310.092526474036276 ], [ 942949.687458841945045, 4400222.148881715722382 ], [ 943036.528238893952221, 4400102.419810592196882 ], [ 943146.194189971662126, 4400015.537220831029117 ], [ 943231.548854813445359, 4399927.596143246628344 ], [ 943262.48320548038464, 4399902.124933810904622 ], [ 943682.942376855993643, 4399465.700153915211558 ], [ 943807.48896086239256, 4399175.250086868181825 ], [ 943840.178819880704395, 4399052.461807306855917 ], [ 943948.570719387964346, 4398829.981629129499197 ], [ 943994.221729367622174, 4398739.792892445810139 ], [ 944005.89847603533417, 4398712.563374473713338 ], [ 944192.78709184366744, 4398102.079841837286949 ], [ 944210.640400460106321, 4398008.283976969309151 ], [ 944215.144943640567362, 4397970.827594106085598 ], [ 944217.268140298314393, 4397887.670153779909015 ], [ 944222.151615036302246, 4397700.171184233389795 ], [ 944230.007542831473984, 4397588.944750500842929 ], [ 944269.500024612876587, 4397469.244806952774525 ], [ 944306.975508546456695, 4397397.743404565379024 ], [ 944364.727726416080259, 4397308.23501031845808 ], [ 944379.165975690353662, 4397286.519983832724392 ], [ 944433.308770386036485, 4397215.019805601797998 ], [ 944495.201628040871583, 4397159.408902452327311 ], [ 944571.850997369620018, 4397127.631195097230375 ], [ 944675.996392274391837, 4397092.146341508254409 ], [ 944714.533307546749711, 4397079.435493938624859 ], [ 944804.478565542958677, 4397065.149275724776089 ], [ 944918.033796989824623, 4396973.047992622479796 ], [ 944761.042368155089207, 4396224.269242512993515 ], [ 944730.033099478459917, 4396188.647594463080168 ], [ 944670.051374860457145, 4396101.26752548944205 ], [ 944620.261060927994549, 4395982.113874634727836 ], [ 944587.775361848063767, 4395878.848443761467934 ], [ 944603.699837657506578, 4395782.99799679312855 ], [ 944644.466148372623138, 4395687.678144793026149 ], [ 944691.917305840877816, 4395620.563259078189731 ], [ 944665.584568980615586, 4395321.075905777513981 ], [ 944648.181881655938923, 4395289.990939251147211 ], [ 944638.666291589732282, 4395240.030053360387683 ], [ 944257.357405873714015, 4394609.843315056525171 ], [ 944251.133978421334177, 4394605.8548852680251 ], [ 944213.977090873988345, 4394582.027469730935991 ], [ 944138.601661765598692, 4394510.545403376221657 ], [ 944064.606371738482267, 4394423.179206631146371 ], [ 943978.614736773772165, 4394311.986495370045304 ], [ 943873.195178992929868, 4394201.854124481789768 ], [ 943798.032370128901675, 4394112.902039685286582 ], [ 943729.769699889118783, 4394009.654686145484447 ], [ 943655.137439720216207, 4393914.350525601767004 ], [ 943589.136670231353492, 4393803.224598686210811 ], [ 943588.334501972072758, 4393802.044981880113482 ], [ 943534.006026373943314, 4393731.157177717424929 ], [ 943498.113839538302273, 4393669.377717289142311 ], [ 943446.59094906761311, 4393593.615305235609412 ], [ 943397.374709746451117, 4393532.08327255025506 ], [ 943359.687162198242731, 4393474.373745509423316 ], [ 943329.855431089061312, 4393428.841811936348677 ], [ 943255.753830933361314, 4393325.601071791723371 ], [ 943249.808813538402319, 4393312.894707688130438 ], [ 943241.326045688125305, 4393295.151734505780041 ], [ 942878.518681993591599, 4392797.699018527753651 ], [ 942805.837295891833492, 4392785.589765602722764 ], [ 942699.037599067785777, 4392737.413382956758142 ], [ 942589.902419328223914, 4392665.943662535399199 ], [ 942501.893786490545608, 4392617.768097116611898 ], [ 942391.590865296428092, 4392530.946544838137925 ], [ 942301.565011986880563, 4392466.889888884499669 ], [ 942242.220257491921075, 4392413.950598719529808 ], [ 942230.223912554443814, 4392403.36277218349278 ], [ 942223.493981415755115, 4392396.3832833385095 ], [ 942151.899518837570213, 4392354.070689499378204 ], [ 941942.552641056827269, 4392247.352377211675048 ], [ 941888.911340660066344, 4392244.546494626440108 ], [ 941719.90063508739695, 4392220.195062026381493 ], [ 941657.477006100816652, 4392206.431028218008578 ], [ 941612.782564513734542, 4392196.372968555428088 ], [ 941444.408717732992955, 4392140.788059140555561 ], [ 941317.544461937621236, 4392133.376879997551441 ], [ 941128.044290879042819, 4392109.025562043301761 ], [ 941041.309486987651326, 4392093.673558083362877 ], [ 941012.645608663908206, 4392037.030631476081908 ], [ 941069.336617831490003, 4391981.975962985306978 ], [ 941103.839203434297815, 4391958.154539549723268 ], [ 941256.28868573019281, 4391838.517704306170344 ], [ 941335.379848109208979, 4391782.934656960889697 ], [ 941454.60023976850789, 4391703.531043182127178 ], [ 941565.646329882903956, 4391655.889352470636368 ], [ 941689.325623726821505, 4391592.367058650590479 ], [ 941712.391467508859932, 4391572.706979431211948 ], [ 941873.367354883346707, 4391216.380384963005781 ], [ 941743.25869250507094, 4390587.755679061636329 ], [ 941734.76334556506481, 4390559.124866642057896 ], [ 941702.171336375758983, 4390471.261508252471685 ], [ 941674.675310837570578, 4390352.17079190723598 ], [ 941623.611167977796867, 4390097.585844161920249 ], [ 941604.501730216667056, 4389978.499153692275286 ], [ 941596.290470624808222, 4389917.821377621032298 ], [ 941570.699678158038296, 4389801.539017152972519 ], [ 941316.770791470189579, 4388996.243993891403079 ], [ 941279.219832916511223, 4388953.351368403062224 ], [ 941197.580790046020411, 4388865.501211743801832 ], [ 941164.989003474358469, 4388753.837496398948133 ], [ 941158.142743489588611, 4388612.146536102518439 ], [ 941087.704445115989074, 4388441.867688588798046 ], [ 941027.933003006852232, 4388356.408066562376916 ], [ 940977.505941594601609, 4388189.714536437764764 ], [ 940960.413724349462427, 4388189.714536437764764 ], [ 940948.204981842427514, 4388102.928817826323211 ], [ 940945.020019878051244, 4387903.960028864443302 ], [ 940954.893168157665059, 4387834.109971730038524 ], [ 940958.292531446670182, 4387810.389484925195575 ], [ 940927.810026598162949, 4387604.396376268006861 ], [ 940657.85046531597618, 4386934.304081851616502 ], [ 940654.27633042098023, 4386917.076168293133378 ], [ 940628.655815660604276, 4386862.608513963408768 ], [ 940573.238969394587912, 4386799.114703944884241 ], [ 940524.722707051434554, 4386664.191678987815976 ], [ 940517.078954208176583, 4386616.572031155228615 ], [ 940543.301150812534615, 4386504.93180479016155 ], [ 940557.586224474012852, 4386451.030340129509568 ], [ 940536.015735429944471, 4386347.06322412006557 ], [ 939789.830167994834483, 4386081.485016131773591 ], [ 939759.455643068533391, 4386080.326500850729644 ], [ 939736.890403051511385, 4386083.777498164214194 ], [ 939625.950511715491302, 4386108.11536876950413 ], [ 939525.945533978287131, 4386108.11536876950413 ], [ 939405.875774594955146, 4386091.714019570499659 ], [ 939291.857008805382065, 4386068.434424160048366 ], [ 939236.958243431523442, 4386060.397366708144546 ], [ 939222.26763288246002, 4386059.837041955441236 ], [ 938605.118164529209025, 4386079.809725124388933 ], [ 938565.087230357574299, 4386092.05867578741163 ], [ 938503.600132271181792, 4386123.458638422191143 ], [ 938421.324230564525351, 4386163.139787227846682 ], [ 938295.521740062860772, 4386235.094881819561124 ], [ 938199.869131783139892, 4386266.311074966564775 ], [ 938117.487142603611574, 4386250.96760035213083 ], [ 938088.395352164749056, 4386237.923042864538729 ], [ 937899.697572001954541, 4386295.663822154514492 ], [ 937889.343857487896457, 4386306.521607263945043 ], [ 937812.800575613160618, 4386346.203435439616442 ], [ 937713.326369188493118, 4386370.012492091394961 ], [ 937625.211426260299049, 4386370.012492091394961 ], [ 937519.898067276924849, 4386361.547046739608049 ], [ 937386.664110208628699, 4386425.567394911311567 ], [ 937326.04530414310284, 4386481.122447703033686 ], [ 937248.865274769254029, 4386504.93180479016155 ], [ 937191.431208012625575, 4386457.313004953786731 ], [ 937122.531790292821825, 4386354.13987423107028 ], [ 937042.909856601152569, 4386226.629543284885585 ], [ 937038.830442540231161, 4386220.503047345206141 ], [ 936402.886236645514145, 4385769.28334581758827 ], [ 936078.885960624320433, 4385686.447729420848191 ], [ 936018.547457040171139, 4385686.447729420848191 ], [ 935909.518587391125038, 4385702.848457059822977 ], [ 935832.869218062376603, 4385742.528045049868524 ], [ 935775.541461421409622, 4385782.207502896897495 ], [ 935716.196484264335595, 4385710.255178422667086 ], [ 935604.72593292768579, 4385551.538604883477092 ], [ 935545.380955789471045, 4385479.587832418270409 ], [ 935477.649390855571255, 4385352.617290362715721 ], [ 935415.119674408808351, 4385297.068100238218904 ], [ 935293.882062259013765, 4385138.357658893801272 ], [ 935222.009968870668672, 4385035.196975560858846 ], [ 935159.373942289152183, 4384963.778741214424372 ], [ 935119.775484340731055, 4384891.83192300889641 ], [ 935153.641322482726537, 4384868.026157257147133 ], [ 935204.599377850885503, 4384839.45919734146446 ], [ 935225.194930815836415, 4384828.349813836626709 ], [ 935202.219478466315195, 4384790.922139002941549 ], [ 934932.22863639658317, 4384041.838422263041139 ], [ 934923.68998618319165, 4384020.880149872042239 ], [ 934852.670488775474951, 4383922.713502080179751 ], [ 934789.503802186925896, 4383851.302556927315891 ], [ 934718.693474092287943, 4383779.892227170988917 ], [ 934667.62933122611139, 4383700.548037077300251 ], [ 934630.68461863079574, 4383628.609715412370861 ], [ 934628.136626801919192, 4383565.135102988220751 ], [ 934669.480908326222561, 4383396.944398660212755 ], [ 934667.511221249005757, 4383392.110167415812612 ], [ 934338.312992944614962, 4382882.014125002548099 ], [ 934230.451196859241463, 4382823.340755444951355 ], [ 934167.709862052113749, 4382794.47824218403548 ], [ 934121.307445508427918, 4382763.970429178327322 ], [ 933836.588923486182466, 4382609.095038078725338 ], [ 933570.096853022347204, 4382713.82112668082118 ], [ 933545.06655419326853, 4382738.942196699790657 ], [ 933437.948594950838014, 4382826.742035104893148 ], [ 933323.080684054759331, 4382929.881421747617424 ], [ 933311.084339136374183, 4382939.401802410371602 ], [ 933279.129411394475028, 4382965.848103556782007 ], [ 933187.298735176795162, 4383040.955367404036224 ], [ 933124.875106183812022, 4383104.426869699731469 ], [ 933032.832143695675768, 4383025.087689310312271 ], [ 932975.398299575550482, 4382969.550446719862521 ], [ 932912.337923102779314, 4382881.749436341226101 ], [ 932853.253656220273115, 4382831.055509833618999 ], [ 932533.761596947326325, 4382738.942196699790657 ], [ 932431.421581555041485, 4382738.942196699790657 ], [ 932342.775644652196206, 4382723.074966528452933 ], [ 932258.058061251649633, 4382675.47286263667047 ], [ 932182.045662045711651, 4382643.738475443795323 ], [ 932168.916863938560709, 4382633.199974945746362 ], [ 931612.250057916739024, 4382443.390058545395732 ], [ 931578.056495223660022, 4382430.872982402332127 ], [ 931495.067814812762663, 4382405.203871428966522 ], [ 931384.765004949644208, 4382381.403361462056637 ], [ 931267.455523671698757, 4382341.736517105251551 ], [ 931180.72049714368768, 4382293.607316153123975 ], [ 931098.444595456006937, 4382254.469727582298219 ], [ 931008.525052243494429, 4382190.474340192973614 ], [ 930840.151205481612124, 4382015.943385606631637 ], [ 930792.908883378026076, 4381928.679253119975328 ], [ 930773.162698136991821, 4381864.686091464944184 ], [ 930766.155915435520001, 4381808.625963469967246 ], [ 930764.977264665882103, 4381798.948956351727247 ], [ 930748.002155514317565, 4381777.555176581256092 ], [ 930303.186390861985274, 4381265.811376827768981 ], [ 929428.835131471278146, 4381145.199633580632508 ], [ 928983.260279221576639, 4380688.904587876982987 ], [ 928934.958195572602563, 4380665.806838704273105 ], [ 928862.98012601735536, 4380610.281839661300182 ], [ 928840.048978831036948, 4380595.475462188012898 ], [ 928801.087268362403847, 4380570.62155987881124 ], [ 928502.664426484028809, 4380419.384276499040425 ], [ 928412.63857317448128, 4380355.928837112151086 ], [ 928359.026549810427241, 4380300.40544562600553 ], [ 928302.229564482113346, 4380252.81439449544996 ], [ 928262.05814511841163, 4380210.072010582312942 ], [ 928226.712537011131644, 4380187.376871448941529 ], [ 927933.860790351056494, 4380114.502795081585646 ], [ 927743.38980201643426, 4380157.103823143057525 ], [ 927700.075610784697346, 4380133.308589694090188 ], [ 927664.935721091344021, 4380109.513409168459475 ], [ 927607.501876977388747, 4380077.786353038623929 ], [ 927544.335079064127058, 4380038.65686712693423 ], [ 927491.466113314963877, 4380014.332800141535699 ], [ 927461.962997353868559, 4379997.075412832200527 ], [ 927451.451765755540691, 4379994.459735507145524 ], [ 927313.693116664304398, 4379917.896495673805475 ], [ 927268.206414242740721, 4379903.290264916606247 ], [ 927222.34423118212726, 4379871.035284725949168 ], [ 927024.669424649327993, 4379839.308935449458659 ], [ 926956.407088383566588, 4379823.974814206361771 ], [ 926904.599665284971707, 4379807.582957440055907 ], [ 926877.315814679954201, 4379760.522765882313251 ], [ 926851.093840712099336, 4379720.865357384085655 ], [ 926831.347655471065082, 4379672.748080121353269 ], [ 926803.957606081152335, 4379625.159680916927755 ], [ 926777.841608255286701, 4379561.708811106160283 ], [ 926745.886680513620377, 4379514.121044165454805 ], [ 926728.794463268481195, 4379474.464548472315073 ], [ 926671.360619148355909, 4379363.427613421343267 ], [ 926590.889317732537165, 4379275.656183605082333 ], [ 926561.694668077048846, 4379220.138395261950791 ], [ 926543.116335602710024, 4379172.552008071914315 ], [ 926532.818503476679325, 4379109.103820868767798 ], [ 926522.095987485605292, 4378989.610922281630337 ], [ 926518.955330678378232, 4378978.314260081388056 ], [ 926514.762927339645103, 4378963.234459859319031 ], [ 926506.808593123801984, 4378934.623522191308439 ], [ 926501.606633324292488, 4378863.245993679389358 ], [ 926500.21803400083445, 4378808.329651559703052 ], [ 926498.320704599376768, 4378788.123552208766341 ], [ 926458.823213430587202, 4378688.240531889721751 ], [ 926437.166006502811797, 4378663.919948908500373 ], [ 926388.755942944437265, 4378545.489235903136432 ], [ 926397.673636027146131, 4378505.836605314165354 ], [ 926416.782851126277819, 4378474.114301667548716 ], [ 926444.17278921068646, 4378441.86362724378705 ], [ 926457.973845706437714, 4378421.7732535880059 ], [ 926463.20374670624733, 4378414.133191957138479 ], [ 926452.535999913932756, 4378300.525529783219099 ], [ 926323.076330162934028, 4378049.170922541059554 ], [ 926301.914940249291249, 4378028.957108909264207 ], [ 926267.518330794642679, 4377989.305975424125791 ], [ 926240.022193925571628, 4377941.72505852393806 ], [ 926232.484751191688702, 4377909.475987649522722 ], [ 926237.792687158216722, 4377886.74290129262954 ], [ 926238.299524812027812, 4377884.574409656226635 ], [ 926138.454067888553254, 4377690.724783926270902 ], [ 925936.398950697737746, 4377451.990383137017488 ], [ 925891.809149420121685, 4377409.362284789793193 ], [ 925878.64996110345237, 4377383.759259829297662 ], [ 925829.383961977320723, 4377325.551166279241443 ], [ 925734.900876264087856, 4377250.768778678029776 ], [ 925696.682223384967074, 4377234.909681990742683 ], [ 925603.683805718901567, 4377155.613857836462557 ], [ 925604.745571025297977, 4377115.966096635907888 ], [ 925614.406321703572758, 4377076.318759395740926 ], [ 925612.82669814163819, 4377069.691136783920228 ], [ 925458.925943647162057, 4376887.862844870425761 ], [ 924810.765536829829216, 4376369.271996840834618 ], [ 924641.342949130805209, 4376321.256522213108838 ], [ 924637.923325700103305, 4376321.986637495458126 ], [ 924581.126340390765108, 4376338.373159061186016 ], [ 924515.517972089350224, 4376353.702289346605539 ], [ 924433.87881788786035, 4376369.560219761915505 ], [ 924389.290686416672543, 4376353.702289346605539 ], [ 924334.935382801457308, 4376329.915645588189363 ], [ 924275.590628306381404, 4376314.057496729306877 ], [ 924203.612336114281788, 4376282.341962273232639 ], [ 924140.445538220112212, 4376242.697433792054653 ], [ 924095.114349134266376, 4376187.195645266212523 ], [ 924047.978114522295073, 4376162.880741847679019 ], [ 924011.670372024411336, 4376115.83642753213644 ], [ 923966.338960320921615, 4376067.735208890400827 ], [ 923925.572649586945772, 4376012.234049838967621 ], [ 923887.248020565835759, 4375964.662193229421973 ], [ 923797.965336183202453, 4375925.018701979890466 ], [ 923755.18180497107096, 4375901.233010217547417 ], [ 923701.675869086291641, 4375861.589892299845815 ], [ 923606.660453540622257, 4375769.618695348501205 ], [ 923578.527346555027179, 4375742.13322582654655 ], [ 923542.113627915270627, 4375686.633753854781389 ], [ 923531.285024451441132, 4375646.991430154070258 ], [ 923529.367100934148766, 4375608.797608962282538 ], [ 922992.533754660282284, 4375147.100992038846016 ], [ 922280.411617455538362, 4374894.874225243926048 ], [ 922162.330135529395193, 4374902.402183951810002 ], [ 922126.223881330457516, 4374916.543826261535287 ], [ 922068.789814548217691, 4374932.399629233404994 ], [ 922001.694997119484469, 4374956.183169864118099 ], [ 921937.997539199190214, 4374972.567602197639644 ], [ 921860.286738506285474, 4374980.495472922921181 ], [ 921821.325028056744486, 4374987.895055168308318 ], [ 921765.801871674950235, 4374972.567602197639644 ], [ 921733.953254029969685, 4374948.783886649645865 ], [ 921705.926345841726288, 4374924.471655528061092 ], [ 921704.659530031494796, 4374923.547804030589759 ], [ 921433.24146078445483, 4374864.620291830971837 ], [ 921326.395121074630879, 4374877.432918204925954 ], [ 921237.855605612043291, 4374869.505123748444021 ], [ 921201.972769616055302, 4374853.120849035680294 ], [ 921107.70030037953984, 4374821.409362671896815 ], [ 920983.171638805302791, 4374798.154683334752917 ], [ 920941.768246642663144, 4374766.443359671160579 ], [ 920928.042776053538546, 4374747.627591017633677 ], [ 920579.536070749163628, 4374644.183087307028472 ], [ 920517.649001709884033, 4374654.926534458994865 ], [ 920486.437131557497196, 4374654.926534458994865 ], [ 920418.811542790499516, 4374639.071280679665506 ], [ 920397.154447174747474, 4374630.615108725614846 ], [ 920352.460116893402301, 4374598.904280994087458 ], [ 920324.140104478807189, 4374572.998739497736096 ], [ 919816.779149963404052, 4374565.306281799450517 ], [ 919732.317044806899503, 4374598.260042985901237 ], [ 919710.176711272681132, 4374623.215911835432053 ], [ 919669.410400557797402, 4374639.071280679665506 ], [ 919643.361528402660042, 4374632.967069651931524 ], [ 919320.223421838250943, 4374759.044207477942109 ], [ 919291.425069555290975, 4374747.243121049366891 ], [ 919284.252532144775614, 4374752.173481684178114 ], [ 919279.581566301290877, 4374773.842794065363705 ], [ 919206.329333869740367, 4374773.842794065363705 ], [ 919169.915615229983814, 4374757.986948641948402 ], [ 919130.423133442411199, 4374726.276020972058177 ], [ 919109.933779281098396, 4374694.565187155269086 ], [ 919104.82610708673019, 4374670.778348024003208 ], [ 918906.918197524733841, 4374589.679904876276851 ], [ 918872.02354465785902, 4374583.577523070387542 ], [ 918804.610242167604156, 4374559.266120729036629 ], [ 918765.542555531836115, 4374551.867111617699265 ], [ 918662.883275856380351, 4374487.917746414430439 ], [ 918618.188945581321605, 4374464.135245282202959 ], [ 918573.069820129312575, 4374424.497306542471051 ], [ 918469.773681642836891, 4374345.222423175349832 ], [ 918417.96625853178557, 4374289.730187546461821 ], [ 918347.155930449836887, 4374218.383608118630946 ], [ 918281.33516456594225, 4374115.328384331427515 ], [ 918266.153857695870101, 4374091.546294615603983 ], [ 918250.866463334066793, 4374059.308813706040382 ], [ 918255.856025550980121, 4373932.47352178953588 ], [ 918247.78558511286974, 4373909.472770368680358 ], [ 918172.245959770865738, 4373816.191435402259231 ], [ 917790.853250478859991, 4373505.860882916487753 ], [ 917778.867814875207841, 4373511.813867842778563 ], [ 917722.070718235103413, 4373495.960028479807079 ], [ 917690.965158198378049, 4373455.797452333383262 ], [ 917647.438569396967068, 4373416.691876037046313 ], [ 917599.665364630520344, 4373360.67623482644558 ], [ 917559.32618678372819, 4373322.061260879039764 ], [ 917216.93292528600432, 4373175.316790748387575 ], [ 917183.720532567123882, 4373186.289275058545172 ], [ 917131.594735725549981, 4373186.289275058545172 ], [ 917070.232872045482509, 4373163.038144189864397 ], [ 917018.531647738069296, 4373114.950042333453894 ], [ 916996.428606243804097, 4373080.478716931305826 ], [ 916862.340160770923831, 4372985.735679354518652 ], [ 916794.104095899267122, 4372948.493725635111332 ], [ 916707.369403319898993, 4372892.480254650115967 ], [ 916652.589527195785195, 4372845.450436876155436 ], [ 916591.227440878981724, 4372813.216704531572759 ], [ 916517.869120949297212, 4372766.187234592624009 ], [ 916453.428494127816521, 4372734.482200931757689 ], [ 916423.47920964541845, 4372696.161624489352107 ], [ 916090.242087557562627, 4372590.228467123582959 ], [ 916046.507553931791335, 4372598.679288998246193 ], [ 915961.0465789741138, 4372591.281633531674743 ], [ 915905.736042823875323, 4372566.974889409728348 ], [ 915833.545353043242358, 4372519.946361484006047 ], [ 915766.026074385736138, 4372488.242056261748075 ], [ 915700.311395974713378, 4372480.316029253415763 ], [ 915636.507850600639358, 4372480.316029253415763 ], [ 915570.156090735923499, 4372471.86156072281301 ], [ 915507.520286816405132, 4372424.305005142465234 ], [ 915459.747193380957469, 4372368.822854523546994 ], [ 915431.189402530202642, 4372321.266756144352257 ], [ 915423.333474760060199, 4372249.93328123819083 ], [ 915436.1789647473488, 4372114.665354091674089 ], [ 915437.264663737849332, 4372086.714296272024512 ], [ 915307.616196159156971, 4371910.07551337685436 ], [ 914672.339573239791207, 4371740.467578639276326 ], [ 914610.555252104997635, 4371728.312740463763475 ], [ 914522.225685177720152, 4371718.381671045906842 ], [ 914425.29947060730774, 4371694.605176891200244 ], [ 914274.123817238607444, 4371670.828874001279473 ], [ 914188.769263721536845, 4371654.449489112012088 ], [ 914045.025076913414523, 4371614.822079855948687 ], [ 913973.790064972592518, 4371599.499727719463408 ], [ 913893.425073672435246, 4371575.194817095994949 ], [ 913696.281261095311493, 4371480.090288863517344 ], [ 913590.331043300917372, 4371384.986604423262179 ], [ 913535.969060523551889, 4371326.521758059971035 ], [ 913454.382226486341096, 4371281.656547881662846 ], [ 913053.845125134801492, 4371121.561234563589096 ], [ 913008.772642549476586, 4371107.077101032249629 ], [ 912945.130621737800539, 4371078.108338653109968 ], [ 912928.301341133657843, 4371071.381796577945352 ], [ 912901.780363005469553, 4371061.596899316646159 ], [ 912210.748816533014178, 4370868.799307137727737 ], [ 912169.239114254829474, 4370885.177353108301759 ], [ 912150.79892929457128, 4370881.221856409683824 ], [ 911612.401655467343517, 4371148.605085814371705 ], [ 911605.516099687665701, 4371178.402970743365586 ], [ 911558.91085903136991, 4371242.332590498961508 ], [ 911493.939238235238008, 4371274.033210704103112 ], [ 911437.036165434052236, 4371297.808910496532917 ], [ 911284.58679446275346, 4371321.056133890524507 ], [ 911212.077842263621278, 4371352.757263896986842 ], [ 911127.784831397235394, 4371408.762411794625223 ], [ 910999.54043653968256, 4371480.090288863517344 ], [ 910926.925285555538721, 4371528.170917572453618 ], [ 910828.512510476168245, 4371575.194817095994949 ], [ 910767.999791864654981, 4371606.896698698401451 ], [ 910632.748836942133494, 4371567.269465215504169 ], [ 910492.614184645120986, 4371535.567977818660438 ], [ 910424.139450784423389, 4371511.791889189742506 ], [ 910294.090233043651097, 4371488.01557628903538 ], [ 910211.177249889587983, 4371463.711195435374975 ], [ 910160.75018847710453, 4371408.762411794625223 ], [ 910135.377359577920288, 4371361.2105727577582 ], [ 910125.07952745212242, 4371313.659360155463219 ], [ 910136.545101057854481, 4371274.033210704103112 ], [ 910133.972507609752938, 4371222.395600613206625 ], [ 910113.262852183659561, 4371209.615874815732241 ], [ 910045.829846130451187, 4371028.112062103115022 ], [ 910011.591755618224852, 4371011.976725788787007 ], [ 909972.099385142792016, 4370971.823318041861057 ], [ 909945.877077207318507, 4370924.273694138042629 ], [ 909916.860538751934655, 4370680.985051893629134 ], [ 909798.272664451505989, 4370361.809952028095722 ], [ 909240.975678806193173, 4369772.225866077467799 ], [ 909044.168830326525494, 4369694.504259371198714 ], [ 908971.19890410581138, 4369686.469927259720862 ], [ 908912.491008421755396, 4369694.39388887770474 ], [ 908887.012092043296434, 4369678.545971498824656 ], [ 908806.646878100349568, 4369607.230079122819006 ], [ 908795.673002699506469, 4369596.370934775099158 ], [ 908599.425645986688323, 4369518.871617054566741 ], [ 908159.558700612047687, 4369536.600000489503145 ], [ 908107.672685974161141, 4369559.686229716986418 ], [ 908020.831905921921134, 4369575.534109921194613 ], [ 907971.041591989458539, 4369559.686229716986418 ], [ 907927.534706732141785, 4369545.98454369045794 ], [ 907920.720618049963377, 4369543.838511424139142 ], [ 907879.211027102661319, 4369527.99067803286016 ], [ 907847.468385618412867, 4369503.690740064717829 ], [ 907825.492693610140122, 4369477.27765787858516 ], [ 907825.174319879733957, 4369440.828220915049314 ], [ 907835.896724539808929, 4369385.361370178870857 ], [ 907842.331325072911568, 4369358.425686191767454 ], [ 907780.18232128303498, 4369221.641225109808147 ], [ 907740.350426369579509, 4369194.663440220989287 ], [ 907700.645658286521211, 4369162.968967441469431 ], [ 907655.951216705841944, 4369131.274311389774084 ], [ 907612.106031492934562, 4369091.65650387853384 ], [ 907575.692312872270122, 4369028.267983936704695 ], [ 907589.174995637615211, 4368972.803405584767461 ], [ 907645.122724547516555, 4368861.346840038895607 ], [ 907666.885907642543316, 4368797.9596814122051 ], [ 907696.929925003089011, 4368718.726398471742868 ], [ 907742.048939143307507, 4368694.956278483383358 ], [ 907854.368858210509643, 4368663.263282530009747 ], [ 907892.269137314870022, 4368658.509500472806394 ], [ 907983.887415963225067, 4368646.888630053028464 ], [ 908033.677618564688601, 4368653.75530509557575 ], [ 908046.310822293977253, 4368655.340082806535065 ], [ 908096.800333938328549, 4368636.928705036640167 ], [ 908250.282304514199495, 4368508.529734169133008 ], [ 908491.556391485617496, 4367720.636754987761378 ], [ 908484.54994275176432, 4367687.161379547789693 ], [ 908505.676044392865151, 4367631.703597750514746 ], [ 908518.834898761007935, 4367587.269624951295555 ], [ 908489.594162830384448, 4367258.570055517368019 ], [ 908481.25889330834616, 4367235.057643584907055 ], [ 908415.01344357826747, 4367021.16012644674629 ], [ 908409.386799920117483, 4366965.705787716433406 ], [ 908409.386799920117483, 4366894.407931652851403 ], [ 908416.393359984853305, 4366751.285475539974868 ], [ 908420.958460992318578, 4366695.832531840540469 ], [ 908431.680976983392611, 4366624.536469322629273 ], [ 908442.509580447454937, 4366584.399762332439423 ], [ 908464.272763536078855, 4366529.475835801102221 ], [ 908494.210693430155516, 4366481.417890331707895 ], [ 908513.744592407136224, 4366434.416044562123716 ], [ 908541.346705418080091, 4366394.807919905520976 ], [ 908570.647665189229883, 4366346.750577673316002 ], [ 908675.324054049677216, 4366212.084955326281488 ], [ 908707.703443020116538, 4366164.55615283921361 ], [ 908717.644050900242291, 4366152.683398800902069 ], [ 908828.859457966638729, 4365909.976967922411859 ], [ 908862.886598053504713, 4365780.061856708489358 ], [ 908865.461083900299855, 4365752.122320889495313 ], [ 908879.474315360886976, 4365680.832529163919389 ], [ 908898.617816886515357, 4365643.642653563991189 ], [ 909062.885421595419757, 4365016.501980089582503 ], [ 909113.797724661999382, 4364949.510484428144991 ], [ 909112.9258704171516, 4364942.614619950763881 ], [ 909100.292444051126949, 4364906.708385634236038 ], [ 909411.030338552547619, 4364493.266648298129439 ], [ 909530.56932659773156, 4364401.128821648657322 ], [ 909650.108203318435699, 4364308.991786008700728 ], [ 910050.022694755112752, 4364116.272203047759831 ], [ 910323.603479072451591, 4364104.128493108786643 ], [ 910658.652437179582193, 4364106.240495844744146 ], [ 911201.143039995920844, 4364139.50414374936372 ], [ 911892.048795432550833, 4364228.735565729439259 ], [ 912475.412019098759629, 4363945.071757092140615 ], [ 912560.842826457927004, 4363778.790363392792642 ], [ 912592.084641565801576, 4363704.972837243229151 ], [ 912800.587940250756219, 4363312.167839447036386 ], [ 913191.584515961818397, 4362797.424365527927876 ], [ 913437.775473532266915, 4362602.092665628530085 ], [ 913654.02850120223593, 4362482.783335697837174 ], [ 913723.671087848488241, 4362444.773652809672058 ], [ 914026.340656991349533, 4362319.131530391983688 ], [ 914291.428432084969245, 4362280.594481327570975 ], [ 914525.198360871640034, 4362305.933959735557437 ], [ 914769.053724214551039, 4362331.801169224083424 ], [ 914967.312178835156374, 4362361.364086956717074 ], [ 915729.453057549777441, 4362343.943151086568832 ], [ 915863.483282931032591, 4362317.019879262894392 ], [ 916786.035659209708683, 4362115.361807211302221 ], [ 917069.914386983844452, 4362098.469068685546517 ], [ 917373.645276141003706, 4362156.009743872098625 ], [ 917753.388898496865295, 4362233.083085930906236 ], [ 917820.908288485254161, 4362247.072552047669888 ], [ 918342.803115718998015, 4362191.378975125961006 ], [ 918789.714803738635965, 4361955.65230936743319 ], [ 918902.385935774073005, 4361876.227641708217561 ], [ 918927.165877077262849, 4361860.902448269538581 ], [ 919373.323041588417254, 4361549.208762493915856 ], [ 919463.03029850544408, 4361457.096201059408486 ], [ 919723.871791645884514, 4361132.993268370628357 ], [ 919839.642058308352716, 4361171.526060410775244 ], [ 919955.41221365891397, 4361210.058990737423301 ], [ 920060.55703493731562, 4361274.644633265212178 ], [ 920377.355273853405379, 4361422.521312702447176 ], [ 920499.388931679306552, 4361450.762034202925861 ], [ 920886.139114100020379, 4361556.334921463392675 ], [ 921049.257901670061983, 4361665.076337916776538 ], [ 921713.620415081619285, 4361939.420736323110759 ], [ 921715.908253252739087, 4361940.101439250633121 ], [ 922385.048042623908259, 4362050.430821775458753 ], [ 922489.730442736530676, 4361995.34908783622086 ], [ 922507.028712369385175, 4361978.109750656411052 ], [ 922636.33487253356725, 4361850.361529814079404 ], [ 922927.85701918345876, 4361719.447597510181367 ], [ 923059.233276600250974, 4361695.693253433331847 ], [ 923190.609422679874115, 4361671.938823548145592 ], [ 923683.946793011273257, 4361791.766649587079883 ], [ 923704.966918510617688, 4361796.781697476282716 ], [ 924307.419876343337819, 4361625.009096313267946 ], [ 924421.776385496603325, 4361526.774496949277818 ], [ 924605.331427816418, 4361544.721877974458039 ], [ 924930.294840074144304, 4361576.394133716821671 ], [ 925096.166002054465935, 4360795.650854602456093 ], [ 925083.69977755448781, 4360784.09190521389246 ], [ 924988.790449481806718, 4360456.842147776857018 ], [ 924977.218788428464904, 4360417.256350475363433 ], [ 925111.620598282315768, 4360418.311781683936715 ], [ 925266.405563474982046, 4360419.367489695549011 ], [ 925557.821622651885264, 4360393.504610074684024 ], [ 925682.084898557164706, 4360356.557885549031198 ], [ 925825.970015831058845, 4360062.670685512013733 ], [ 925872.168940346338786, 4359457.736860297620296 ], [ 926017.240055474336259, 4359672.011671321466565 ], [ 926162.311170595930889, 4359886.29061867762357 ], [ 926385.570980973890983, 4360339.668052028864622 ], [ 926427.82374086685013, 4360417.784204431809485 ], [ 926509.480594876222312, 4360568.121938656084239 ], [ 926513.443791377590969, 4360575.337106986902654 ], [ 926922.382508649490774, 4360397.195014097727835 ], [ 926875.935675636632368, 4360232.523590419441462 ], [ 927092.613609814783558, 4360136.991706430912018 ], [ 927409.720982952625491, 4360124.852219763211906 ], [ 927600.035010807448998, 4360211.411477300338447 ], [ 928095.541552734794095, 4360279.470754011534154 ], [ 928513.981277234503068, 4360483.607033966109157 ], [ 928798.751674141385593, 4360560.294373412616551 ], [ 928921.634811003343202, 4360682.48512713983655 ], [ 929044.517947846557945, 4360804.677132804878056 ], [ 929310.455090670613572, 4361132.465379266068339 ], [ 929639.228189829969779, 4361659.905260291881859 ], [ 929640.09102720930241, 4361661.196195941418409 ], [ 930142.344866115716286, 4362030.10696486569941 ], [ 930780.574906445574015, 4361404.76357198972255 ], [ 930815.096750331809744, 4361364.192648220807314 ], [ 930934.582750277710147, 4361253.870870227925479 ], [ 931367.513600820326246, 4360746.352239298634231 ], [ 931387.737680618301965, 4360702.278565543703735 ], [ 931644.120160217862576, 4360144.380779420025647 ], [ 931738.817202013800852, 4360035.654898688197136 ], [ 931833.514132478856482, 4359926.930118623189628 ], [ 932077.475471963756718, 4359726.372564384713769 ], [ 932206.197650078916922, 4359650.636682643555105 ], [ 932334.919716875883751, 4359574.901196551509202 ], [ 933026.356354962685145, 4359312.602459502406418 ], [ 933321.382171281147748, 4359220.245388925075531 ], [ 933565.661995827336796, 4359148.471027627587318 ], [ 933860.958541132160462, 4359135.276799526065588 ], [ 934104.64937427372206, 4359091.210428027436137 ], [ 934230.239578498876654, 4359052.420997875742614 ], [ 934497.875345427542925, 4359007.034882042557001 ], [ 934661.896488783182576, 4358997.535592885687947 ], [ 935214.313227959559299, 4358943.96999126393348 ], [ 935334.542285501142032, 4358923.124231771565974 ], [ 935668.423390847747214, 4358906.236513756215572 ], [ 935698.679805796942674, 4358904.653313161805272 ], [ 936057.049195352010429, 4358274.201238575391471 ], [ 936081.461337049258873, 4358073.192172450944781 ], [ 936082.563622658490203, 4358007.008955958299339 ], [ 936113.350697614601813, 4357541.593252944760025 ], [ 936163.777870358084328, 4357395.429601073265076 ], [ 935821.248131133615971, 4356894.611433364450932 ], [ 935789.979488052777015, 4356869.889301512390375 ], [ 935625.344974290928803, 4356647.558651390485466 ], [ 935118.448556020972319, 4356097.983229381032288 ], [ 934959.682471857173368, 4355984.549839000217617 ], [ 934784.514128645183519, 4355686.462896872311831 ], [ 934753.408568627433851, 4355506.03222100250423 ], [ 934722.302897259942256, 4355325.604573883116245 ], [ 934884.177021610666998, 4355238.427069807425141 ], [ 935099.763802125002258, 4354797.264278556220233 ], [ 934881.281267681275494, 4353859.346059198491275 ], [ 934793.750195477274247, 4353702.418980951420963 ], [ 934722.515183536568657, 4353379.077232616953552 ], [ 934765.40491354605183, 4353255.123307212255895 ], [ 934992.061860821209848, 4352432.580344942398369 ], [ 934575.320871757110581, 4351708.98420032300055 ], [ 934418.46569797443226, 4351553.670478039421141 ], [ 934387.874656643951312, 4351375.798265688121319 ], [ 934353.70647476031445, 4351177.130047230049968 ], [ 934277.587988075450994, 4351114.374705438502133 ], [ 934209.417156431474723, 4351058.777915841899812 ], [ 934178.00769418431446, 4351033.162055220454931 ], [ 934029.273945184308104, 4350911.344713316299021 ], [ 933838.924295089789666, 4350723.611401244997978 ], [ 933760.045641630189493, 4350614.189641818404198 ], [ 933513.186433136463165, 4350345.451317029073834 ], [ 933355.353985546040349, 4350195.760621013119817 ], [ 933265.965213684132323, 4350076.325612184591591 ], [ 932872.102272394811735, 4349658.972022974863648 ], [ 932408.808808118337765, 4349321.515683454461396 ], [ 932366.87464461766649, 4348988.814872438088059 ], [ 932454.458816214115359, 4348690.922182924114168 ], [ 932546.770726601709612, 4348563.428384869359434 ], [ 932691.695345278829336, 4348029.921169832348824 ], [ 932692.262852033600211, 4348020.825314833782613 ], [ 932738.921192101202905, 4347856.075371867977083 ], [ 932752.722471233806573, 4347090.350634731352329 ], [ 932417.970068252761848, 4346255.025210693478584 ], [ 932297.86891678860411, 4346020.272810778580606 ], [ 932293.304038436850533, 4345981.266994093544781 ], [ 932244.363203540444374, 4345565.39004937466234 ], [ 932280.458437099703588, 4345470.339742890559137 ], [ 932348.077903327764943, 4345085.914478492923081 ], [ 932343.412726099719293, 4344887.582013837061822 ], [ 932404.683419119217433, 4344764.115481013432145 ], [ 932423.618530534557067, 4344656.472864900715649 ], [ 932500.763828208437189, 4344477.585717865265906 ], [ 932513.060401807888411, 4344267.788455351255834 ], [ 932690.730539242271334, 4344037.097116576507688 ], [ 932765.567961239954457, 4343863.571632876060903 ], [ 932836.643786315456964, 4343694.932744766585529 ], [ 933192.182321226689965, 4343363.98682329710573 ], [ 933672.673978909151629, 4343166.899635381996632 ], [ 933810.645470887655392, 4342564.001527138054371 ], [ 933597.342966314055957, 4342404.296451131813228 ], [ 933261.294136534910649, 4342291.64451764523983 ], [ 933182.60862238064874, 4342093.470410417765379 ], [ 933147.063195780734532, 4342003.948157185688615 ], [ 933139.844126796349883, 4341986.033353467471898 ], [ 933139.192351173260249, 4341953.310000407509506 ], [ 932991.906646096496843, 4341477.842233471572399 ], [ 932422.669754506088793, 4341489.740256698802114 ], [ 932266.763356752111576, 4341499.707932695746422 ], [ 932019.298570254235528, 4341502.869215643964708 ], [ 931759.943526291637681, 4341389.589429600164294 ], [ 931644.173259610193782, 4341339.272659336216748 ], [ 931528.402881616726518, 4341288.956124048680067 ], [ 931181.357578591210768, 4340956.503404881805182 ], [ 931162.566737222485244, 4340938.590342679060996 ], [ 931161.581893693306483, 4340937.661398340947926 ], [ 931160.50843984389212, 4340936.649034169502556 ], [ 931139.10481869825162, 4340916.462264043278992 ], [ 930755.539709553821012, 4340503.415070522576571 ], [ 930309.681660515139811, 4340188.990900269709527 ], [ 930103.170758083928376, 4340120.412144145928323 ], [ 929897.852421344141476, 4339824.871628917753696 ], [ 929847.796833073603921, 4339752.963454677723348 ], [ 929643.113574033020996, 4339512.941763470880687 ], [ 929525.434289413271472, 4339385.000469198450446 ], [ 929250.898049898794852, 4339060.507892601191998 ], [ 929243.466583325876854, 4339052.079809129238129 ], [ 929232.213296002941206, 4338985.707604829221964 ], [ 929197.763364512939006, 4338782.740186049602926 ], [ 928941.292608560528606, 4338195.330615279264748 ], [ 928452.054689782788046, 4337453.1682667741552 ], [ 928414.549483549315482, 4337400.271445849910378 ], [ 928285.522290027700365, 4337258.423181038349867 ], [ 928168.783209825167432, 4337130.085613180883229 ], [ 928359.132637264323421, 4336948.912399919703603 ], [ 928732.824820784735493, 4336928.899183874949813 ], [ 929287.736341072944924, 4336653.634288081899285 ], [ 929606.011789613985457, 4336105.759026838466525 ], [ 929666.73668317112606, 4335964.625625586137176 ], [ 929779.754575423430651, 4335810.439394312910736 ], [ 929915.210135589237325, 4335580.203995403833687 ], [ 930008.261430011130869, 4334867.217403526417911 ], [ 929859.421704850276001, 4334424.389090525917709 ], [ 929869.401051921071485, 4334263.795851930044591 ], [ 929856.555339272134006, 4333480.345901032909751 ], [ 929880.441830349736847, 4333033.889332023449242 ], [ 929956.241831973311491, 4332860.155274648219347 ], [ 929681.692122803884558, 4332244.59310709964484 ], [ 929665.250345324166119, 4332228.944891952909529 ], [ 929541.57105148024857, 4332111.551295672543347 ], [ 929460.175686967209913, 4331930.433919851668179 ], [ 929329.352130817715079, 4331744.901680307462811 ], [ 929226.905360036529601, 4331622.512474443763494 ], [ 929222.923127888236195, 4331409.768114188686013 ], [ 929082.497709074756131, 4330967.600074103102088 ], [ 928840.566391832311638, 4330706.465021895244718 ], [ 928831.980653453385457, 4330700.295043517835438 ], [ 928641.525027216877788, 4330501.86028684861958 ], [ 928552.98540042352397, 4330396.064816411584616 ], [ 928464.445773623767309, 4330290.270382795482874 ], [ 928453.754427095758729, 4330088.210731736384332 ], [ 928372.178057093871757, 4329835.132478932850063 ], [ 928276.644337994512171, 4329605.00107887480408 ], [ 928211.375828123651445, 4329303.848640068434179 ], [ 928121.80627339053899, 4329007.925825256854296 ], [ 927796.683562955702655, 4328170.655139519833028 ], [ 927696.253790028509684, 4327963.584101685322821 ], [ 927568.540166508988477, 4327569.975736480206251 ], [ 927563.515093382797204, 4327351.076799356378615 ], [ 927329.244783474132419, 4326956.950744729489088 ], [ 927259.288721160031855, 4326888.56197420693934 ], [ 927193.043271411093883, 4326727.81790922768414 ], [ 926809.690448543289676, 4326232.972395570017397 ], [ 926692.168458371073939, 4326176.675551664084196 ], [ 926648.230989308212884, 4326113.716085783205926 ], [ 926227.621091322391294, 4325803.053963371552527 ], [ 926013.259047846659087, 4325694.218610339798033 ], [ 925583.08847540942952, 4325402.755919862538576 ], [ 925500.865561789483763, 4325298.85179475788027 ], [ 925418.642648188630119, 4325194.948668813332915 ], [ 925064.484252326888964, 4324862.991715247742832 ], [ 924959.489712372538634, 4324549.456904669292271 ], [ 924985.181026333128102, 4324178.066645150072873 ], [ 925075.737539649708197, 4323360.105874382890761 ], [ 925169.69141251896508, 4322848.846194755285978 ], [ 925258.44332558917813, 4322682.376531350426376 ], [ 925347.195349971181713, 4322515.909293687902391 ], [ 925535.86396442563273, 4322489.115570248104632 ], [ 925765.051092409528792, 4322329.458447630517185 ], [ 925794.033455813652836, 4322198.234820060431957 ], [ 925888.3057024134323, 4321912.125552162528038 ], [ 925960.814765943563543, 4321773.018212950788438 ], [ 926033.323718149098568, 4321633.912663592025638 ], [ 926304.993592085200362, 4321440.377347408793867 ], [ 926441.094026043778285, 4321326.782261717133224 ], [ 926810.327418665983714, 4320786.432751730084419 ], [ 926865.213493613176979, 4320651.02084806188941 ], [ 927116.287703278590925, 4320461.184288230724633 ], [ 927278.663433259120211, 4320374.943853267468512 ], [ 927822.162590639665723, 4319996.861116411164403 ], [ 928141.340283685945906, 4319539.393310979939997 ], [ 928167.509380897856317, 4319390.063064488582313 ], [ 928238.638082729070447, 4319072.480409238487482 ], [ 928280.943830702453852, 4318925.785737525671721 ], [ 928401.544584041461349, 4318210.743096892721951 ], [ 928341.508758128387854, 4317794.182118618860841 ], [ 928195.642265246715397, 4317198.723063448444009 ], [ 928228.181063737953082, 4317007.895478754304349 ], [ 928260.719862210331485, 4316817.071259442716837 ], [ 928452.980422660941258, 4316421.765979147516191 ], [ 928554.306762764346786, 4316270.254297150298953 ], [ 928712.441554096294567, 4315567.598473048768938 ], [ 928708.195049474830739, 4315426.732973216101527 ], [ 928733.308392651728354, 4315360.912529343739152 ], [ 928803.906991061056033, 4314661.662748905830085 ], [ 928166.812298246542923, 4313952.215508092194796 ], [ 928076.846557446522638, 4313888.370102095417678 ], [ 927945.02179381751921, 4313773.09542799834162 ], [ 927586.269465201417916, 4313495.273740055970848 ], [ 927097.24962133471854, 4313211.0251743812114 ], [ 927096.116834178683348, 4313210.445487182587385 ], [ 927086.456083500292152, 4313205.190420198254287 ], [ 926931.458832012256607, 4313125.839177521876991 ], [ 926727.202037948765792, 4312911.961807241663337 ], [ 926626.719276934862137, 4312773.23282868694514 ], [ 926526.236404615221545, 4312634.505627457983792 ], [ 926349.369548610644415, 4312249.862253644503653 ], [ 926136.885242304415442, 4311426.235281323082745 ], [ 925835.224450387409888, 4310929.462220929563046 ], [ 925604.214799693552777, 4310704.595222677104175 ], [ 925464.292544978787191, 4310472.377626636996865 ], [ 925421.615101220668294, 4310182.900527096353471 ], [ 925437.433489557122812, 4309867.164174669422209 ], [ 925472.626367331016809, 4309741.082196848466992 ], [ 925306.720696306671016, 4308910.685713328421116 ], [ 925186.905190659803338, 4308663.081614532507956 ], [ 925133.80846521735657, 4308564.388506305404007 ], [ 924935.284513597027399, 4308156.252890957519412 ], [ 924928.162626550532877, 4308128.397547948174179 ], [ 924768.476709423586726, 4307798.424602832645178 ], [ 924526.717492109863088, 4307402.828116917051375 ], [ 924412.434008548618294, 4307227.630651948042214 ], [ 924318.055563145084307, 4307061.400923096574843 ], [ 923904.340126524213701, 4306623.123619882389903 ], [ 923793.294147715554573, 4306555.89992508944124 ], [ 923647.745249336003326, 4306004.471024435013533 ], [ 923618.17901522689499, 4305861.629340444691479 ], [ 923588.612781098810956, 4305718.78940085042268 ], [ 923480.539366652839817, 4305405.283340451307595 ], [ 923536.168499195715412, 4305160.051415053196251 ], [ 923708.523353597847745, 4304226.172449432313442 ], [ 923716.32618198171258, 4304180.228842933662236 ], [ 923866.440070037497208, 4303347.501710034906864 ], [ 923968.35618081165012, 4302220.062053721398115 ], [ 923559.736616498441435, 4299369.566184908151627 ], [ 923496.994502469548024, 4298950.755397758446634 ], [ 923478.097573627950624, 4298740.831148035824299 ], [ 923459.200644786469638, 4298530.910958089865744 ], [ 923339.130774110206403, 4296856.942699586041272 ], [ 923068.814879122423008, 4294799.766146223992109 ], [ 923048.295357388211414, 4294652.082544453442097 ], [ 923008.965402053087018, 4294635.00428597535938 ], [ 922962.996908876812086, 4294547.919956306926906 ], [ 923015.261521129752509, 4294414.334587667137384 ], [ 923033.80723697762005, 4294366.93326132837683 ], [ 923127.548823570483364, 4294193.818715429864824 ], [ 923067.673297737259418, 4294084.180796938017011 ], [ 923049.731712768203579, 4294051.656885319389403 ], [ 923009.602149532991461, 4294050.083023706451058 ], [ 922875.625134869012982, 4294044.312887298874557 ], [ 922865.612503261771053, 4294045.548323303461075 ], [ 922684.320252232835628, 4294067.918760215863585 ], [ 922517.220457041519694, 4294051.656885319389403 ], [ 922440.040205043856986, 4293973.494888815097511 ], [ 922399.645924036856741, 4293881.417535768821836 ], [ 922391.869033111142926, 4293878.678275786340237 ], [ 921931.876859632320702, 4293663.843375040218234 ], [ 921856.358607634319924, 4293721.177076785825193 ], [ 921765.377410452696495, 4293776.25630090944469 ], [ 921642.122577812056988, 4293713.308697937987745 ], [ 921623.0133627129253, 4293611.01946625020355 ], [ 921608.066606003558263, 4293488.271486855112016 ], [ 921277.092831792193465, 4293302.71360148023814 ], [ 921257.495703354827128, 4293303.632827433757484 ], [ 921138.912059194641188, 4293295.764750940725207 ], [ 921012.578797361231409, 4293248.031554985791445 ], [ 920896.649232502561063, 4293169.350899264216423 ], [ 920818.089064104482532, 4293051.855418778024614 ], [ 920801.527506847633049, 4292901.840601552277803 ], [ 920784.591470847954042, 4292856.421199962496758 ], [ 920707.547251265728846, 4292786.380526865832508 ], [ 920190.485025769216008, 4292404.079224853776395 ], [ 920171.932742083910853, 4292135.729547353461385 ], [ 920143.956929520471022, 4292090.433101929724216 ], [ 920161.668528424110264, 4291987.264917314983904 ], [ 920151.209060404682532, 4291835.978740814141929 ], [ 920143.213649288169108, 4291783.089749366976321 ], [ 920090.3446835197974, 4291633.617087378166616 ], [ 920094.0604168032296, 4291507.222295064479113 ], [ 920130.415470078005455, 4291407.814135580323637 ], [ 920111.073040637886152, 4290804.211693198420107 ], [ 920089.909090346074663, 4290684.088008817285299 ], [ 920060.937747606891207, 4290601.524332229048014 ], [ 919996.49712075991556, 4290443.677459401078522 ], [ 919930.782442367868498, 4290372.882921288721263 ], [ 919964.117509159259498, 4290239.16136135160923 ], [ 920003.33625632210169, 4290192.726624165661633 ], [ 919987.336751191061921, 4290101.920548221096396 ], [ 919985.48539673385676, 4289861.810856427066028 ], [ 919967.196160988765769, 4289838.006550499238074 ], [ 919898.933824741980061, 4289766.69168019015342 ], [ 919957.11072645150125, 4289640.318868918344378 ], [ 919983.60020116798114, 4289617.331142750568688 ], [ 919982.342068274505436, 4289454.170584829524159 ], [ 919839.897202578606084, 4289278.54366462584585 ], [ 919827.592502666404471, 4289270.647161738947034 ], [ 919735.124856312992051, 4289160.534512308426201 ], [ 919691.954601179342717, 4289096.141519723460078 ], [ 919620.245256899273954, 4289007.730483632534742 ], [ 919579.490634721121751, 4288963.38324845675379 ], [ 919507.300167576991953, 4288876.868586480617523 ], [ 919478.742376732523553, 4288814.473582493141294 ], [ 919442.328546780743636, 4288734.776285336352885 ], [ 919405.914828141103499, 4288624.669199911877513 ], [ 919373.004445195896551, 4288572.761937038972974 ], [ 919351.028975849505514, 4288537.633015725761652 ], [ 919357.398677103570662, 4288506.174128316342831 ], [ 919370.244167109485716, 4288443.256901416927576 ], [ 919370.775161065277644, 4288341.017390301451087 ], [ 919365.2546048987424, 4288321.618154064752162 ], [ 919335.847557654837146, 4288215.185211624950171 ], [ 919305.803540288005024, 4288073.101556323468685 ], [ 919481.184169757529162, 4287947.272752502001822 ], [ 919740.751388665637933, 4287860.241852298378944 ], [ 919919.31686876853928, 4287813.581020300276577 ], [ 920029.168834716081619, 4287772.798928811214864 ], [ 920032.040320993633941, 4287770.066018080338836 ], [ 920911.29965672257822, 4287249.891882100142539 ], [ 920642.841238768771291, 4286662.06534818559885 ], [ 920521.092892792425118, 4286519.471264634281397 ], [ 920476.988778467755765, 4286482.520745408721268 ], [ 920259.886383067234419, 4286364.573122438974679 ], [ 920175.168577029951848, 4286254.490167059004307 ], [ 920142.045796502614394, 4286167.996775845997036 ], [ 920131.766332081984729, 4286063.496611710637808 ], [ 920131.21730436978396, 4286057.915809680707753 ], [ 920073.040291329263709, 4285955.174487929791212 ], [ 920056.045923894154839, 4285942.495549436658621 ], [ 919957.11072645150125, 4285868.683476395905018 ], [ 919836.404108276357874, 4285774.330792135559022 ], [ 919752.21707357710693, 4285687.317276027053595 ], [ 920387.493696477380581, 4285703.566781583242118 ], [ 920555.230573135311715, 4285703.566781583242118 ], [ 921347.89781655697152, 4285591.303936901502311 ], [ 921094.479775007697754, 4284629.511782361194491 ], [ 920944.316238446161151, 4284514.799967233091593 ], [ 920886.882394332322292, 4284326.11862107552588 ], [ 920876.690649679279886, 4284191.423366873525083 ], [ 920899.091136858565733, 4283963.964658789336681 ], [ 920794.41474799788557, 4283774.769149913452566 ], [ 920753.542127148015425, 4283648.989775678142905 ], [ 920728.063210776075721, 4283514.826739537529647 ], [ 920771.841938253375702, 4283442.789060915820301 ], [ 920710.059732179157436, 4283216.634469089098275 ], [ 920704.728196483338252, 4283104.394804745912552 ], [ 920689.844669246929698, 4283089.813498124480247 ], [ 920593.5552021372132, 4282948.320846427232027 ], [ 920600.561984838685021, 4282814.166583990678191 ], [ 920636.232645889162086, 4282515.469580775126815 ], [ 920656.191117381560616, 4282286.997924407012761 ], [ 920659.194517233758233, 4282145.877526325173676 ], [ 920659.308063128497452, 4282140.544340997934341 ], [ 920661.71156226133462, 4282027.615356328897178 ], [ 920682.200805091531947, 4281744.135338478721678 ], [ 920705.769033706397749, 4281374.207812877371907 ], [ 920741.015010891598649, 4281059.307716991752386 ], [ 920743.015978737617843, 4281044.657040088437498 ], [ 920872.868828923092224, 4279690.305463457480073 ], [ 920943.042409518617205, 4278911.313493868336082 ], [ 920944.210150973289274, 4278898.741218036971986 ], [ 920945.773076636367477, 4278883.316195794381201 ], [ 921064.810793006559834, 4277668.290040765888989 ], [ 921148.466833731159568, 4276558.436699031852186 ], [ 921164.868981467327103, 4276417.814463764429092 ], [ 921048.71009845926892, 4275422.988339268602431 ], [ 921034.004237123997882, 4275334.707909100688994 ], [ 921010.667775667854585, 4275323.536570637486875 ], [ 920936.035626811091788, 4275276.929436891339719 ], [ 920856.944464438245632, 4275237.653813787735999 ], [ 920797.705797416041605, 4275172.19493948854506 ], [ 920858.218516008579172, 4275119.304496806114912 ], [ 920918.200240645674057, 4275056.464586362242699 ], [ 920944.316238446161151, 4274954.350435899570584 ], [ 920955.032297924510203, 4274860.648225082084537 ], [ 920899.792004370363429, 4274529.0588648179546 ], [ 920845.478779526893049, 4274419.707700732164085 ], [ 920818.832121700164862, 4274254.24083355255425 ], [ 920809.808452450321056, 4274112.862901599146426 ], [ 920807.458498002262786, 4274090.814150226302445 ], [ 920709.949191929539666, 4273628.918907756917179 ], [ 920706.181472424301319, 4273616.237840325571597 ], [ 920698.125280881999061, 4273609.153172411955893 ], [ 920640.691436768160202, 4273530.614358853548765 ], [ 920562.874325959710404, 4273397.099509516730905 ], [ 920539.306097325868905, 4273310.184821899980307 ], [ 920520.090683422982693, 4273090.807100799866021 ], [ 920471.6805085336091, 4272948.920512878336012 ], [ 920413.609694296959788, 4272736.879689798690379 ], [ 920385.688873587991111, 4272649.970264664851129 ], [ 920393.226427608518861, 4272563.585255264304578 ], [ 920403.418172286939807, 4272476.677211242727935 ], [ 920421.359534619376063, 4272405.999539637938142 ], [ 920410.637241264921613, 4272312.286701783537865 ], [ 920379.956142431590706, 4272201.822111586108804 ], [ 920319.337336366064847, 4271997.648506209254265 ], [ 920322.522298317751847, 4271800.807723921723664 ], [ 920331.333681284682825, 4271683.019250655546784 ], [ 920367.747511255322024, 4271596.118223648518324 ], [ 920384.961289395927452, 4271576.436727520078421 ], [ 920382.38457713869866, 4271528.892539517022669 ], [ 920388.133115641074255, 4271216.211158291436732 ], [ 920354.264939801767468, 4271171.569782417267561 ], [ 920369.021340189035982, 4271077.344310790300369 ], [ 920391.657268075621687, 4271024.528754316270351 ], [ 920397.816909469896927, 4270689.501466416753829 ], [ 920348.001214689691551, 4270613.556952782906592 ], [ 920344.285481406375766, 4270495.257813200354576 ], [ 920352.85897463792935, 4270457.784334591589868 ], [ 920260.868332307669334, 4270004.211836542934179 ], [ 920222.270191304734908, 4269921.837318442761898 ], [ 920183.449411327135749, 4269890.172001732513309 ], [ 920165.614025136455894, 4269811.65982748940587 ], [ 920164.575859578209929, 4269798.71001414489001 ], [ 920019.678291523479857, 4269489.48502928391099 ], [ 919895.218091458664276, 4269316.523308650590479 ], [ 919796.168346237391233, 4269072.103435554541647 ], [ 919758.586774831055664, 4268805.184773273766041 ], [ 919687.776446755509824, 4268436.219225748442113 ], [ 919662.934389187954366, 4268113.842761372216046 ], [ 919710.595495210494846, 4268004.631621570326388 ], [ 919763.78884596133139, 4267524.064859648235142 ], [ 919769.760023444890976, 4267481.235097596421838 ], [ 919729.286037702811882, 4267311.605978897772729 ], [ 919931.631810079561546, 4266258.79283516574651 ], [ 919979.086529765510932, 4265979.908433260396123 ], [ 920026.54113814572338, 4265701.031155278906226 ], [ 920174.431085413205437, 4265440.921928904950619 ], [ 920489.247058162232861, 4264571.851615559309721 ], [ 920182.493844818207435, 4263573.758422212675214 ], [ 920854.396472609601915, 4263272.536525033414364 ], [ 921533.836765777668916, 4262864.00408464949578 ], [ 921586.599644073168747, 4262837.849998622201383 ], [ 921775.648303280817345, 4262743.848916243761778 ], [ 922890.912529211957008, 4261512.9738490562886 ], [ 923399.855667648487724, 4260892.173446540720761 ], [ 923987.252998328418471, 4260192.964856699109077 ], [ 924487.331765711307526, 4259455.497682036831975 ], [ 924886.927549449843355, 4258512.59003986325115 ], [ 924965.010045921429992, 4258324.09672706015408 ], [ 925212.950723233749159, 4258393.358696188777685 ], [ 925476.519098599557765, 4258296.968967955559492 ], [ 925627.782805684371851, 4258096.653907440602779 ], [ 925805.286520499736071, 4257876.53575455956161 ], [ 925913.041561196092516, 4257711.842306599952281 ], [ 926053.813072304008529, 4257554.470784762874246 ], [ 926134.178063610452227, 4257475.524510348215699 ], [ 926197.451060308492742, 4257421.15115540008992 ], [ 926270.809380212682299, 4257397.624524217098951 ], [ 926366.355455765384249, 4257421.15115540008992 ], [ 926855.021748941042461, 4257444.155386967584491 ], [ 927645.025896208244376, 4257425.965582578442991 ], [ 928295.319963693618774, 4257103.046495941467583 ], [ 928298.301433616550639, 4257099.099598894827068 ], [ 928414.443396076676436, 4256949.578910641372204 ], [ 928482.705843660631217, 4256879.001664591021836 ], [ 928744.821165703353472, 4256745.690270646475255 ], [ 928848.488888662541285, 4256667.272659538313746 ], [ 928952.156500296900049, 4256588.855473699979484 ], [ 929185.60805534676183, 4256439.864438300952315 ], [ 929339.862137914635241, 4256345.243030725978315 ], [ 929442.865840084385127, 4256306.126585064455867 ], [ 929990.420923146302812, 4255980.723491962999105 ], [ 930394.215455431141891, 4255285.383693599142134 ], [ 930471.976238584611565, 4254648.439563984051347 ], [ 930493.636673768865876, 4254413.788300142623484 ], [ 930522.672136559151113, 4254233.205551280640066 ], [ 930533.388307349407114, 4253442.612467357888818 ], [ 930467.41436585248448, 4253301.592319212853909 ], [ 930451.596200152649544, 4253268.144516739994287 ], [ 930423.463093166938052, 4253024.606288202106953 ], [ 930581.857815500814468, 4252771.143900382332504 ], [ 930691.523655266384594, 4252595.552898205816746 ], [ 930871.999823114019819, 4251940.769439799711108 ], [ 930798.02902335615363, 4251221.704245125874877 ], [ 930738.022808449924923, 4250944.821528038941324 ], [ 930729.423711734241806, 4250489.725089068524539 ], [ 930728.627554727252573, 4250446.358682072721422 ], [ 930633.901124605326913, 4249665.340224065817893 ], [ 930579.203624893561937, 4249453.681044859811664 ], [ 930549.796577643370256, 4249123.505162354558706 ], [ 930561.075245820102282, 4248921.682975112460554 ], [ 930533.182254961575381, 4248625.647940459661186 ], [ 930177.014876246685162, 4248078.144602792337537 ], [ 930097.650424535037018, 4247993.56383494567126 ], [ 929976.51889985811431, 4247782.006527337245643 ], [ 929870.674992179614492, 4247413.227691256441176 ], [ 929881.184999270015396, 4247268.278985019773245 ], [ 929891.695006347959861, 4247123.332059933803976 ], [ 930019.457721756421961, 4246725.225203205831349 ], [ 930105.877936777891591, 4246385.83128668833524 ], [ 930152.217903070733882, 4245503.193448995240033 ], [ 930137.77976512722671, 4245295.339923821389675 ], [ 930131.303976375143975, 4244879.644975129514933 ], [ 930143.778104570345022, 4244695.30284673627466 ], [ 930152.536388151114807, 4244063.967544076032937 ], [ 930186.402226274134591, 4243622.733168004080653 ], [ 930197.124630953301676, 4243483.839631709270179 ], [ 930214.429245786857791, 4243326.672507741488516 ], [ 930255.93861411663238, 4242993.026157331652939 ], [ 930262.202339228708297, 4242942.37945597525686 ], [ 930294.66221218125429, 4242787.171324114315212 ], [ 930414.651710199890658, 4242107.268009037710726 ], [ 930436.308917121496052, 4241977.529799569398165 ], [ 930515.293769384734333, 4241688.300303499214351 ], [ 930600.436147975269705, 4241448.934793514199555 ], [ 930932.202628256520256, 4240326.303116967901587 ], [ 930956.81236202956643, 4240239.252820768393576 ], [ 931160.815125037566759, 4239382.56795714981854 ], [ 931240.596245613414794, 4238661.767303827218711 ], [ 930993.972700488986447, 4237942.566392834298313 ], [ 931256.095926233101636, 4237164.295321742072701 ], [ 931088.41237161681056, 4236325.622965021058917 ], [ 930949.392472694045864, 4235690.021000856533647 ], [ 930950.129630362149328, 4235683.526036409661174 ], [ 930906.927426543319598, 4235612.066908781416714 ], [ 930872.636904561426491, 4235510.320605714805424 ], [ 930970.094113131985068, 4235165.955080061219633 ], [ 931014.257783380802721, 4235049.603636590763927 ], [ 931025.430475403089076, 4235020.123222267255187 ], [ 931026.762413116521202, 4235016.608818486332893 ], [ 931091.968806710327044, 4234844.556774543598294 ], [ 931309.389575860346667, 4234283.697822784073651 ], [ 931569.16941499360837, 4233614.3569754678756 ], [ 931628.13167572626844, 4233470.034845846705139 ], [ 931652.489270867779851, 4233407.859017881564796 ], [ 931937.022445910959505, 4232650.326930121518672 ], [ 932310.289945572381839, 4231678.81870040949434 ], [ 932354.984387153061107, 4231553.898093272000551 ], [ 932547.563321378431283, 4231224.782261460088193 ], [ 932701.552129589137621, 4231107.429629191756248 ], [ 932855.540826487820596, 4230990.078113813884556 ], [ 933197.384281025966629, 4230754.335664452053607 ], [ 933208.584357631625608, 4230750.684811046347022 ], [ 933812.914718704181723, 4230182.73368810955435 ], [ 933759.196385211893357, 4229425.511053262278438 ], [ 933751.977204921771772, 4229365.540311062708497 ], [ 933648.2564939011354, 4228498.871118613518775 ], [ 933331.679780770442449, 4227696.141629733145237 ], [ 932955.947222322341986, 4227710.434412164613605 ], [ 932852.992945971083827, 4227715.694243906997144 ], [ 932714.875514158513397, 4227719.604743557982147 ], [ 932576.757971040089615, 4227723.515244630165398 ], [ 932327.169876559870318, 4227723.515244630165398 ], [ 932218.884064525482245, 4227723.515244630165398 ], [ 932049.55476256669499, 4227672.939219323918223 ], [ 931877.04072129924316, 4227621.320544760674238 ], [ 931605.476823498727754, 4227457.080721355043352 ], [ 931158.320232601254247, 4227265.470946076326072 ], [ 930902.689716176362708, 4227223.153124933131039 ], [ 930657.020735695841722, 4227206.294189046137035 ], [ 930364.22442614461761, 4227143.728736142627895 ], [ 930155.084268648992293, 4227042.060839638113976 ], [ 930012.826642330619507, 4226893.470895256847143 ], [ 929858.359939537709579, 4226791.805039769969881 ], [ 929934.858693612506613, 4226570.758130390197039 ], [ 929658.004782302654348, 4225822.508752484805882 ], [ 929254.454373655025847, 4225422.826609263196588 ], [ 929251.216423629433848, 4225421.234311830252409 ], [ 929138.365621931036003, 4225307.853270776569843 ], [ 929025.514820220181718, 4225194.473262045532465 ], [ 928636.429154890356585, 4224732.625006032176316 ], [ 928441.833222829853185, 4224497.538149257190526 ], [ 928306.582045251736417, 4224254.637504753656685 ], [ 928223.138402109500021, 4223926.261414209380746 ], [ 928089.692047452554107, 4223613.010026270523667 ], [ 927985.121968707768247, 4223315.403421929106116 ], [ 927900.935156645253301, 4222970.898477580398321 ], [ 927895.414600453455932, 4222946.924410896375775 ], [ 927865.636859314865433, 4222820.173613305203617 ], [ 927836.627222645445727, 4222724.253289106301963 ], [ 927757.823932481580414, 4222436.357711181044579 ], [ 927728.208717789151706, 4222344.980078926309943 ], [ 927636.378041552379727, 4221992.688724401406944 ], [ 927292.432652394752949, 4221367.607753740623593 ], [ 926732.131042351364158, 4220907.89260489679873 ], [ 926425.465326138189994, 4220714.561853978782892 ], [ 926311.682001062436029, 4220653.980070244520903 ], [ 926229.830449272412807, 4220614.900111989118159 ], [ 926150.102539400919341, 4220568.003962806425989 ], [ 926117.675505705177784, 4220547.274317858740687 ], [ 926076.744219490210526, 4220521.108150058425963 ], [ 926000.41333520389162, 4220482.0286636184901 ], [ 925981.834891424048692, 4220458.059882224537432 ], [ 925931.5139174843207, 4220435.133080567233264 ], [ 925924.507134776562452, 4220403.869697196409106 ], [ 925972.174140745541081, 4220341.34292371571064 ], [ 926023.87525372824166, 4220293.926982992328703 ], [ 926113.794796922011301, 4220262.664000715129077 ], [ 926291.82950571202673, 4220254.84830314759165 ], [ 926343.42453121568542, 4220254.84830314759165 ], [ 926396.930467106867582, 4220262.664000715129077 ], [ 926544.920935868052766, 4220262.664000715129077 ], [ 926618.279367103357799, 4220270.479703800752759 ], [ 926622.48802309948951, 4220270.479703800752759 ], [ 926634.641662459354848, 4220263.836355810984969 ], [ 927238.585410941159353, 4219956.588385266251862 ], [ 927261.836712988908403, 4219910.439161312766373 ], [ 927267.285245453356765, 4219897.595578607171774 ], [ 927427.499039585469291, 4219229.534407893195748 ], [ 927432.333533765398897, 4219159.133555012755096 ], [ 927432.446189082111232, 4219150.839803505688906 ], [ 927213.026455853832886, 4218303.649737099185586 ], [ 927167.253328393097036, 4218212.617093617096543 ], [ 927157.478920495370403, 4218196.890970884822309 ], [ 927126.054764091735706, 4218157.819734345190227 ], [ 927133.333166357246228, 4218145.157777932472527 ], [ 926866.59352132526692, 4217614.689266159199178 ], [ 926859.430557372164913, 4217599.057539113797247 ], [ 926810.327307354193181, 4217524.361077250912786 ], [ 926761.811156323063187, 4217437.367626639083028 ], [ 926727.308348058140837, 4217320.682687629945576 ], [ 926683.993822877760977, 4217219.105516106821597 ], [ 926682.236867356696166, 4217212.375386506319046 ], [ 926619.51790776476264, 4217075.509781788103282 ], [ 926520.518145010457374, 4216890.606770939193666 ], [ 926486.319238968775608, 4216850.830528694204986 ], [ 926392.046992362593301, 4216702.378004122525454 ], [ 926342.787449768162332, 4216600.285616219043732 ], [ 926288.644655072363093, 4216522.154337085783482 ], [ 926219.745014716172591, 4216381.519322116859257 ], [ 926226.592610552324913, 4216297.529928590171039 ], [ 926056.161690919776447, 4215840.385894611477852 ], [ 926014.320590503746644, 4215779.412990102544427 ], [ 925950.517045129672624, 4215677.329156485386193 ], [ 925907.733291261945851, 4215560.142128703184426 ], [ 925835.755221725441515, 4215419.519258936867118 ], [ 925801.995471056434326, 4215294.002075305208564 ], [ 925826.306757304701023, 4215223.692182921804488 ], [ 925835.224450387409888, 4215137.758600756525993 ], [ 925870.152053823345341, 4214902.876158785074949 ], [ 925891.17206799169071, 4214785.697641772218049 ], [ 925924.188983663800173, 4214699.9221545541659 ], [ 925924.761945104575716, 4214696.642501980997622 ], [ 926013.269623193889856, 4213973.865181337110698 ], [ 925979.098101742216386, 4213716.502756995148957 ], [ 925960.708567139692605, 4213667.614281612448394 ], [ 925934.592569320229813, 4213518.683871692046523 ], [ 925921.853166805929504, 4213409.330909319221973 ], [ 925913.466245036106557, 4213315.600291885435581 ], [ 925911.597302120993845, 4213208.139227096922696 ], [ 925911.555334661155939, 4213205.728586214594543 ], [ 925904.633377413148992, 4213131.460356341674924 ], [ 925896.267940318211913, 4213041.704002751037478 ], [ 925884.271595399593934, 4213002.650773314759135 ], [ 925890.535097849788144, 4212884.971581483259797 ], [ 925943.510262421797961, 4212564.744366710074246 ], [ 925963.362535135587677, 4212462.69031080044806 ], [ 925969.944633978186175, 4212440.821726961061358 ], [ 925991.920437292079441, 4212368.96801664121449 ], [ 926013.789819184690714, 4212275.246246403083205 ], [ 926017.505552468006499, 4212165.384911228902638 ], [ 926027.909472066676244, 4212063.854984292760491 ], [ 926055.830181470140815, 4211986.276566633023322 ], [ 926090.863872378715314, 4211923.276860275305808 ], [ 926233.468481543939561, 4211290.80025501921773 ], [ 926242.570185754215345, 4211156.89713825378567 ], [ 926245.557221649796702, 4211146.178883198648691 ], [ 926276.22362628870178, 4210586.207915249280632 ], [ 926271.64538960007485, 4210543.313567361794412 ], [ 926258.600637705530971, 4210476.987893089652061 ], [ 926253.589368183282204, 4210374.143635210581124 ], [ 926237.714540892164223, 4210225.412467680871487 ], [ 926225.477968490333296, 4210117.267539469525218 ], [ 926213.90630743058864, 4210038.66146375797689 ], [ 926214.956829467206262, 4210012.198736110702157 ], [ 926197.282967864186503, 4209846.617013134993613 ], [ 926167.226482713362202, 4209585.420252432115376 ], [ 926156.047556814854033, 4209554.023620067164302 ], [ 926122.181718691834249, 4209483.750332640483975 ], [ 926130.356242854264565, 4209382.245096776634455 ], [ 926134.974331923061982, 4209305.149763439781964 ], [ 926052.06146009999793, 4208584.670189787633717 ], [ 925751.43516021152027, 4208354.181210089474916 ], [ 925551.876605263329111, 4208373.491569297388196 ], [ 925557.343950731563382, 4208205.374950591474771 ], [ 925535.301133077824488, 4207705.914462657645345 ], [ 925528.414686738979071, 4207622.971968264319003 ], [ 925524.221281528938562, 4207454.866787075996399 ], [ 925520.027764994301833, 4207286.764167370274663 ], [ 925528.945458077010699, 4206927.668032139539719 ], [ 925560.794298346037976, 4206716.379249243997037 ], [ 925537.863151159719564, 4206646.124037001281977 ], [ 925511.428779584355652, 4206669.02175963204354 ], [ 925534.041330403531902, 4206629.991365197114646 ], [ 925551.876605263329111, 4206590.960835962556303 ], [ 925588.927405331633054, 4206544.124737847596407 ], [ 925622.156162025989033, 4206513.420907055959105 ], [ 925645.618191855959594, 4206481.676552481018007 ], [ 925671.097108228132129, 4206458.258369474671781 ], [ 925732.352884435327724, 4206380.198936852626503 ], [ 925766.325032667838968, 4206356.781242047436535 ], [ 925805.286520499736071, 4206317.751679219305515 ], [ 925876.627842556335963, 4206239.172947436571121 ], [ 925913.041561196092516, 4206207.949537078849971 ], [ 925933.057250915328041, 4206184.413116649724543 ], [ 925981.643310594139621, 4206110.205253724008799 ], [ 925989.478532936191186, 4206091.383537443354726 ], [ 926013.046761570032686, 4206052.355186166241765 ], [ 926025.255392765044235, 4206012.806144773028791 ], [ 926057.847179324133322, 4205950.361102661117911 ], [ 926095.322663251310587, 4205903.527587048709393 ], [ 926126.534533403697424, 4205872.305126417428255 ], [ 926163.585110854473896, 4205848.368098271079361 ], [ 926183.968377542914823, 4205825.472078490070999 ], [ 926200.529823449789546, 4205802.055288053117692 ], [ 926207.240941603668034, 4205798.004556518048048 ], [ 926418.258836268796586, 4205522.324224636889994 ], [ 926453.879737488925457, 4205461.343832092359662 ], [ 926786.361222847132012, 4204603.973871926777065 ], [ 926844.235001612221822, 4204197.699153888970613 ], [ 926842.176147622987628, 4204168.221868329681456 ], [ 926811.601358924526721, 4203840.443543274886906 ], [ 926858.100400776951574, 4203527.762735367752612 ], [ 926998.235053080250509, 4203342.031310487538576 ], [ 927029.234525644103996, 4203300.931515162810683 ], [ 927155.78018506616354, 4203121.96689607296139 ], [ 927518.219192569260485, 4202609.541199968196452 ], [ 927869.723286492866464, 4202113.265195291489363 ], [ 928077.642714453628287, 4202054.483424575999379 ], [ 928285.562031083391048, 4201995.701966756023467 ], [ 928621.88481814309489, 4201949.405180429108441 ], [ 928811.279013040824793, 4201936.400595083832741 ], [ 928971.15962793584913, 4201925.997019647620618 ], [ 929320.859010269283317, 4201910.391470327973366 ], [ 929489.816839086124673, 4201906.230076032690704 ], [ 930185.698130486765876, 4201717.530077395029366 ], [ 930304.879671649541706, 4201675.790935016237199 ], [ 930470.068667790736072, 4201640.419271430000663 ], [ 931027.852676195907407, 4201152.734424277208745 ], [ 931060.226165245170705, 4201082.289355820044875 ], [ 931218.40837865951471, 4200925.72673328500241 ], [ 931697.307499735499732, 4200652.657740615308285 ], [ 931846.518920681090094, 4200613.388324155472219 ], [ 931995.730341620277613, 4200574.119047312997282 ], [ 932037.34668795671314, 4200566.34688030090183 ], [ 932543.847588094999082, 4200441.48888420779258 ], [ 932969.134685794473626, 4200167.911718632094562 ], [ 933315.436931230593473, 4199816.32815308123827 ], [ 933441.717316295485944, 4199718.812629302963614 ], [ 933567.997590048587881, 4199621.297966285608709 ], [ 933926.40237920708023, 4199472.557161672972143 ], [ 934398.029443224542774, 4199062.749966348521411 ], [ 934503.607965233968571, 4198918.176948186010122 ], [ 934742.898450225009583, 4198621.756276545114815 ], [ 935001.085752707673237, 4198332.623671295121312 ], [ 935080.17669244366698, 4198222.900764904916286 ], [ 935233.369232335244305, 4198113.699131015688181 ], [ 935358.76763309398666, 4198104.780094208195806 ], [ 935897.482501423219219, 4197823.864858004264534 ], [ 936000.228832950000651, 4197780.400534727610648 ], [ 935957.822563482797705, 4197637.38432795368135 ], [ 935985.318700364674442, 4197512.069259153679013 ], [ 936122.480676973937079, 4197489.190106960944831 ], [ 936379.393927911529317, 4197457.991698757745326 ], [ 936487.148968607885763, 4197441.872580664232373 ], [ 936631.423926728894003, 4197457.471682860516012 ], [ 936703.686974185169674, 4197512.969306830316782 ], [ 937350.197403488331474, 4197551.327654495835304 ], [ 937468.19695429422427, 4197504.269666757434607 ], [ 937632.086406692746095, 4197513.925922802649438 ], [ 937879.258422944345511, 4197481.130726680159569 ], [ 938316.435778089333326, 4197239.084620060399175 ], [ 938525.045164247159846, 4197035.780247682705522 ], [ 938703.610533044207841, 4196856.397519053891301 ], [ 938892.155137594090775, 4196730.051068771630526 ], [ 938983.667328750365414, 4196668.698310745880008 ], [ 939305.870574214612134, 4196520.517213325947523 ], [ 939770.756463811150752, 4196356.22043108381331 ], [ 939955.001464346889406, 4196329.184513296000659 ], [ 940139.246464870171621, 4196302.148525354452431 ], [ 940650.949992724112235, 4196278.232229174114764 ], [ 941112.650809044251218, 4196286.030956476926804 ], [ 941263.507754714693874, 4196321.385619273409247 ], [ 941751.749252719571814, 4196419.131355746649206 ], [ 942312.34385564585682, 4196409.614532136358321 ], [ 942335.961844084551558, 4196395.734499800018966 ], [ 942535.547338355798274, 4196333.343671256676316 ], [ 942719.314666952588595, 4196426.410215062089264 ], [ 942830.497568723396398, 4196503.981713680550456 ], [ 943066.522607780410908, 4196563.720343650318682 ], [ 943180.484711953555234, 4196567.311094055883586 ], [ 943202.35420515795704, 4196580.309361266903579 ], [ 943228.006000705994666, 4196595.803797681815922 ], [ 943498.701161180855706, 4196648.110032994300127 ], [ 943584.220801509800367, 4196606.305941528640687 ], [ 943631.551511297235265, 4196673.780746576376259 ], [ 943697.071714551653713, 4196686.441254466772079 ], [ 943489.736268626991659, 4196110.559560452587903 ], [ 942905.629876065882854, 4195551.929062041454017 ], [ 942515.482556747738272, 4195142.527095089666545 ], [ 942109.517071736161597, 4194787.204655591398478 ], [ 941708.381962095503695, 4194330.266924547962844 ], [ 941585.286538956686854, 4194193.553040788508952 ], [ 941361.495734597905539, 4193912.333284803666174 ], [ 941245.353994793491438, 4193709.610052534379065 ], [ 941204.393208902911283, 4193575.815316202584654 ], [ 941199.757197401951998, 4193568.875577402301133 ], [ 940998.425990873365663, 4193160.261405711993575 ], [ 940861.894973128219135, 4192975.679039681795985 ], [ 940809.478298457921483, 4192776.793847379740328 ], [ 940730.571926434757188, 4192616.658120000734925 ], [ 940197.370601154863834, 4191855.644526977557689 ], [ 940090.836401311913505, 4191734.552529516164213 ], [ 939905.264249806874432, 4191422.214034648612142 ], [ 939831.906041214708239, 4191270.205620409920812 ], [ 939567.799770075478591, 4190864.803978231735528 ], [ 939528.91798701020889, 4190813.153091322630644 ], [ 939419.889117386541329, 4190637.768501832149923 ], [ 939230.804390678182244, 4190352.666926108766347 ], [ 939077.302605233853683, 4190142.28929353132844 ], [ 938944.599419497069903, 4189970.292946706525981 ], [ 938838.543114217463881, 4189768.681243193801492 ], [ 938833.765615640208125, 4189759.84766532946378 ], [ 938742.940822327975184, 4189542.931743315421045 ], [ 938490.250253658508882, 4189030.335419243201613 ], [ 937965.727729835547507, 4188441.148804327007383 ], [ 937847.091097595053725, 4188339.8368313848041 ], [ 937741.926684084464796, 4187577.553301360923797 ], [ 937529.857042887597345, 4186759.28903000568971 ], [ 937462.46422316308599, 4186685.206008512061089 ], [ 937436.878996675251983, 4186537.158561731223017 ], [ 937404.499385068193078, 4186240.549980580806732 ], [ 937394.307863032910973, 4186147.049588859081268 ], [ 937383.479370899847709, 4186019.7869609487243 ], [ 937325.939216651255265, 4185343.499910707585514 ], [ 937082.163558068801649, 4184549.616983522195369 ], [ 936586.092514999909326, 4183475.095844439696521 ], [ 936207.996643747901544, 4182862.781418371479958 ], [ 936202.845779611263424, 4182855.307145034894347 ], [ 936147.906605271971785, 4182765.470601798500866 ], [ 936092.967430926160887, 4182675.634786873590201 ], [ 936012.227404260309413, 4182500.217858648393303 ], [ 935844.706264791078866, 4182172.722884847782552 ], [ 935325.999961751862429, 4181381.514631562866271 ], [ 934720.613401358248666, 4180734.742788859177381 ], [ 934662.577541426406242, 4180677.977870060130954 ], [ 934103.729207349126227, 4180201.019819729030132 ], [ 933979.430420534918085, 4180122.641518368385732 ], [ 933953.792205960256979, 4180110.166247305925936 ], [ 933751.021749743726104, 4179985.568638389930129 ], [ 933652.715396085754037, 4179938.325600435957313 ], [ 933534.131751931854524, 4179813.210462739691138 ], [ 933391.643026345875114, 4179647.622267100494355 ], [ 933020.768116521183401, 4179261.544750644359738 ], [ 932921.573989941272885, 4179184.022930847946554 ], [ 932918.238969327416271, 4179180.735972592607141 ], [ 932020.62560990487691, 4178589.390288282651454 ], [ 931854.215772897936404, 4178519.053991937078536 ], [ 931562.162632266874425, 4178355.542955604381859 ], [ 931415.233706175466068, 4178269.895519359968603 ], [ 931267.986183678731322, 4178184.248608456924558 ], [ 931005.870861629839055, 4177989.598911266308278 ], [ 930761.591037083650008, 4177723.842940948437899 ], [ 930643.113480396219529, 4177521.415795012842864 ], [ 930542.789794941898435, 4177396.846996074542403 ], [ 930551.176716686575674, 4177240.619033397641033 ], [ 930540.567412622505799, 4177176.147121875081211 ], [ 930262.18463941430673, 4176341.183373977895826 ], [ 930194.507287087384611, 4176169.892240008804947 ], [ 930093.82849244796671, 4176165.249248153995723 ], [ 930010.809421840007417, 4176044.328482593409717 ], [ 929982.145543516264297, 4175752.152102881111205 ], [ 929945.603473506867886, 4175539.940698913298547 ], [ 929886.174561487161554, 4175389.537316010799259 ], [ 929485.912419280735776, 4174422.550881706178188 ], [ 929438.032570449868217, 4174326.854566244408488 ], [ 929284.882109330152161, 4174076.405257235746831 ], [ 929200.152280782116577, 4173967.085626839194447 ], [ 929051.630929351784289, 4173889.255034879315645 ], [ 928966.170065725105815, 4173740.859319643117487 ], [ 928981.98823139979504, 4173577.418956325389445 ], [ 929001.127836733823642, 4173546.122979258652776 ], [ 928464.764370016171597, 4171870.517916055861861 ], [ 927036.134998236084357, 4168022.911666516214609 ], [ 926264.970450296765193, 4165977.759943193756044 ], [ 926245.754925062996335, 4165926.94697917252779 ], [ 925960.60225703031756, 4165179.81726243160665 ], [ 925970.528504702378996, 4165105.67730761365965 ], [ 925980.454752380726859, 4165031.537983102258295 ], [ 926001.505045453086495, 4164937.366704483050853 ], [ 926204.351644205977209, 4163835.265667465981096 ], [ 926196.814090166590177, 4163674.303570130374283 ], [ 926099.675255345529877, 4161597.817191525362432 ], [ 926034.066775738378055, 4160274.686812269035727 ], [ 925837.183562104706652, 4158246.880408448632807 ], [ 925900.481049090973102, 4157407.790047320071608 ], [ 925898.072540583554655, 4157387.461118346545845 ], [ 925890.535097849788144, 4157364.664848964195698 ], [ 925899.9834509647917, 4157309.74638492660597 ], [ 925910.337054147967137, 4157277.140869320370257 ], [ 925919.760805662721395, 4157152.224839013535529 ], [ 925347.168855934054591, 4156902.877481417730451 ], [ 925227.125479275826365, 4156990.603866501711309 ], [ 925114.274566252948716, 4156920.663142952136695 ], [ 925061.541632919339463, 4156875.865288111846894 ], [ 924658.890463112737052, 4156859.918705004267395 ], [ 924628.70306623307988, 4156863.011784591246396 ], [ 924554.267284975619987, 4156912.373920252546668 ], [ 924513.607061714516021, 4156942.940654798410833 ], [ 924367.951964550185949, 4157052.773827726021409 ], [ 924250.005401818430983, 4157138.258023320231587 ], [ 924120.593265506322496, 4157084.37692934833467 ], [ 924040.121964090387337, 4156943.976623385678977 ], [ 924015.562658038688824, 4156880.845595200080425 ], [ 923585.336314518935978, 4156598.211971871554852 ], [ 923507.61070834484417, 4156585.989747912622988 ], [ 923466.101117378449999, 4156593.760895391926169 ], [ 923497.127306622336619, 4156540.264731251168996 ], [ 923478.294720449368469, 4156527.893048210535198 ], [ 923078.284939523902722, 4156408.379723535384983 ], [ 923069.477898002834991, 4156406.741646448150277 ], [ 923026.375993047608063, 4156395.344509856775403 ], [ 922834.115543902618811, 4156345.093520297203213 ], [ 922615.314524397603236, 4156305.721700777299702 ], [ 922467.217856832430698, 4156181.390603117179126 ], [ 922314.237714541959576, 4156002.666819074656814 ], [ 922287.120397886727005, 4155930.45861858734861 ], [ 922107.326952488976531, 4155784.705612649675459 ], [ 921918.773776321439072, 4155662.816641882061958 ], [ 921840.540441959747113, 4155629.169781602919102 ], [ 921621.527024865965359, 4155519.868567320983857 ], [ 921565.420220403000712, 4155434.396794726140797 ], [ 921390.736116955056787, 4155251.506446957122535 ], [ 921281.700790799688548, 4155161.927468926180154 ], [ 921226.117967168916948, 4155079.157783803064376 ], [ 921041.879534489358775, 4154886.270573169924319 ], [ 920542.220552928047255, 4154717.925996973179281 ], [ 920486.861815422773361, 4154726.30130307842046 ], [ 920384.308957168599591, 4154695.222636532969773 ], [ 920291.775854963576421, 4154611.097232931759208 ], [ 920101.333475732826628, 4154490.262005095835775 ], [ 920013.695425503072329, 4154446.079779668245465 ], [ 919921.493276143446565, 4154376.155034399591386 ], [ 919497.896898872568272, 4154132.948287740815431 ], [ 919389.778288710513152, 4154119.250158718321472 ], [ 919231.702162750065327, 4153994.943466083612293 ], [ 918982.11395695770625, 4153714.740339310839772 ], [ 918885.293718529166654, 4153605.97587366681546 ], [ 918788.473480100510642, 4153497.212334075476974 ], [ 918581.138145487755537, 4153286.939331118017435 ], [ 918352.145492660580203, 4153022.808847332838923 ], [ 918521.79316835606005, 4152859.672678593080491 ], [ 918604.405032270238735, 4152791.899106858763844 ], [ 918867.600042057456449, 4152208.618839636445045 ], [ 918881.00647097453475, 4152185.380022326018661 ], [ 918843.253356224740855, 4152081.312435039784759 ], [ 918835.60971471236553, 4151957.028612116817385 ], [ 918955.573497928446159, 4151786.140245408285409 ], [ 919154.521910752169788, 4151653.574403792619705 ], [ 919239.345804262207821, 4151564.248465335927904 ], [ 919360.019583199638873, 4151068.029846328310668 ], [ 919348.374673911486752, 4150938.469642757438123 ], [ 919415.469491346622817, 4150696.65970248170197 ], [ 919522.587561920052394, 4150448.642002528999001 ], [ 919559.721406355150975, 4150356.780084035824984 ], [ 919730.002601274172775, 4149827.973807805217803 ], [ 919915.226100119412877, 4149132.052342426497489 ], [ 919918.379669983754866, 4149106.943531104829162 ], [ 919796.995116116129793, 4148357.678701237309724 ], [ 919785.127456515911035, 4148332.687933906447142 ], [ 919752.110986104351468, 4148263.31924861529842 ], [ 919728.542757470509969, 4147967.730425838846713 ], [ 919745.74128482490778, 4147571.208365520462394 ], [ 919771.538574952865019, 4147426.269034586381167 ], [ 919774.580714008421637, 4147409.136558186262846 ], [ 919806.466067076660693, 4147229.568805104121566 ], [ 919877.80738913314417, 4146918.479096210096031 ], [ 919955.624499935540371, 4146770.442633342463523 ], [ 920033.441610737820156, 4146622.408135011792183 ], [ 920225.489773606183007, 4146366.199379007332027 ], [ 920321.142270580166951, 4146261.388420554343611 ], [ 920416.794656248530373, 4146156.578311095014215 ], [ 920617.654202109086327, 4145961.970908004790545 ], [ 920670.947851717239246, 4145894.16951331589371 ], [ 920825.732594292145222, 4145697.496296747587621 ], [ 920914.272221085499041, 4145567.072912328410894 ], [ 920994.637212385656312, 4145449.07202580710873 ], [ 921129.888389970175922, 4145192.372638849075884 ], [ 921137.001260150689632, 4144974.493273616302758 ], [ 921127.44670825090725, 4144781.976435646414757 ], [ 921124.686430151807144, 4144726.085098769981414 ], [ 921079.240804637316614, 4144216.668341482523829 ], [ 921077.550195520860143, 4144197.718253104947507 ], [ 921037.951737591414712, 4143964.334136003628373 ], [ 921011.835517128929496, 4143723.192984247114509 ], [ 921080.09818734950386, 4143459.288784309290349 ], [ 921237.643430666415952, 4143218.158543507102877 ], [ 921374.536570713855326, 4143054.545575964264572 ], [ 921429.770964327733964, 4142920.763009209185839 ], [ 921346.217114884289913, 4142495.417705281637609 ], [ 921314.823460021289065, 4142472.03282778384164 ], [ 921244.013131920481101, 4142230.923911181744188 ], [ 921333.189617524738424, 4142036.902104199398309 ], [ 921498.484812450711615, 4141904.451801312621683 ], [ 921604.238551352289505, 4141803.970175871159881 ], [ 921629.630861158831976, 4141767.34673729352653 ], [ 921841.602095941430889, 4141178.331736620049924 ], [ 921869.628892811248079, 4141042.528839109931141 ], [ 921916.244486190844327, 4140899.485966026317328 ], [ 922048.565957387094386, 4140405.183392913546413 ], [ 922055.20104430988431, 4140296.548491174355149 ], [ 922050.848452215781435, 4139985.134621262084693 ], [ 922101.169426155276597, 4139775.633346892427653 ], [ 922139.277538778609596, 4139667.359978697728366 ], [ 922140.76810674672015, 4139655.2365716942586 ], [ 922097.557108698878437, 4138938.823329085484147 ], [ 922051.591509830323048, 4138843.012781804893166 ], [ 922018.362530518323183, 4138641.291440066881478 ], [ 922030.358875436708331, 4138423.539874437730759 ], [ 922126.117571214679629, 4138221.826106485445052 ], [ 922272.091042128042318, 4138051.148091195616871 ], [ 922406.88002116442658, 4137931.439258175902069 ], [ 922526.005345971439965, 4137696.309947875794023 ], [ 922628.744219082640484, 4136812.258952644187957 ], [ 922443.590962827205658, 4136186.494278062134981 ], [ 922430.2733668735018, 4136153.17735594836995 ], [ 922415.835117598995566, 4136116.979247747920454 ], [ 922361.586124099558219, 4135954.606899913866073 ], [ 922345.555560836335644, 4135907.033480745740235 ], [ 922324.535546667757444, 4135697.608655855525285 ], [ 922321.350584722589701, 4135449.406863112933934 ], [ 922303.70399638498202, 4135165.112878035753965 ], [ 922302.028972015832551, 4135138.127917668316513 ], [ 922287.993587983073667, 4134990.801237390842289 ], [ 922265.084482037927955, 4134750.333946968894452 ], [ 922276.549833007273264, 4134082.326105972751975 ], [ 922228.4086060046684, 4133372.075873252935708 ], [ 922200.112972572795115, 4133251.507913828827441 ], [ 922168.264020972885191, 4133173.961237750947475 ], [ 922191.726050802855752, 4133104.169634802266955 ], [ 922260.094697190681472, 4133041.616219379007816 ], [ 922289.289569482789375, 4132863.26263620192185 ], [ 922309.884899811120704, 4132781.066062771249563 ], [ 922350.014463046332821, 4132622.360962335951626 ], [ 922446.940900278743356, 4132412.997650810051709 ], [ 922647.327338282368146, 4132078.049003681633621 ], [ 922834.726020001107827, 4131706.231820358429104 ], [ 923126.869440733571537, 4130923.34821257693693 ], [ 923147.826002786168829, 4130859.69648067234084 ], [ 923219.379388476372696, 4130642.613321856129915 ], [ 923309.299154312931933, 4130425.534374927170575 ], [ 923426.714945706655271, 4130169.180037389975041 ], [ 923570.034337318735197, 4129951.59354200726375 ], [ 923585.427819153293967, 4129928.336371558252722 ], [ 923730.870518728974275, 4129719.023606139235198 ], [ 923801.374384272843599, 4129627.532670613843948 ], [ 923957.170130465063266, 4129409.999517574440688 ], [ 924016.553958099568263, 4129322.631735449656844 ], [ 924103.023376315599307, 4129206.352766616269946 ], [ 924189.492683225893416, 4129090.074870430864394 ], [ 924420.29015898052603, 4128810.496140868403018 ], [ 924641.639058983419091, 4128639.961707862559706 ], [ 924647.784228838747367, 4128634.152867353986949 ], [ 924737.472116166609339, 4128549.373535351827741 ], [ 924806.190973676973954, 4128484.41600669035688 ], [ 924967.558037731098011, 4128344.891595005523413 ], [ 925163.958681381773204, 4128213.120204165112227 ], [ 925301.226856801076792, 4128111.838260791730136 ], [ 925476.819661229033954, 4128004.872801046352834 ], [ 925503.997313036699779, 4127988.337381682358682 ], [ 925574.645782582229003, 4127978.597982489038259 ], [ 926129.459230379317887, 4127680.831310409121215 ], [ 925445.422221486456692, 4127199.695366660598665 ], [ 924822.153743372415192, 4127438.900536020286381 ], [ 924733.469735194928944, 4127506.232054179999977 ], [ 924570.297736926819198, 4127576.505507465917617 ], [ 924415.831368082435802, 4127608.025278775021434 ], [ 924328.459594074753113, 4127646.262639626394957 ], [ 924287.055979269207455, 4127670.031831807922572 ], [ 924163.270709239179268, 4127692.767681053373963 ], [ 924068.361381191760302, 4127654.013398730196059 ], [ 923968.674554542056285, 4127608.025278775021434 ], [ 923903.809243855299428, 4127590.973685890436172 ], [ 923684.265278072678484, 4127491.24736563116312 ], [ 923663.934999464661814, 4127462.763292389921844 ], [ 923694.529825674835593, 4127431.954650803934783 ], [ 923459.413042375119403, 4126633.534905698616058 ], [ 923088.215639978996478, 4126018.708961491473019 ], [ 923080.0140651690308, 4126008.407186411321163 ], [ 922401.318610727554187, 4125155.948634648695588 ], [ 922315.511543450411409, 4125023.69284580508247 ], [ 922242.074631981551647, 4124921.189393250737339 ], [ 921756.335818777210079, 4124189.414558009710163 ], [ 921620.200541806756519, 4123869.27898820862174 ], [ 921380.166553959366865, 4123304.837490679230541 ], [ 920871.860385658335872, 4122610.654698993545026 ], [ 920754.777105585439131, 4122455.886469315737486 ], [ 920408.460722559131682, 4121998.115657813381404 ], [ 919764.319728604983538, 4121858.413847479037941 ], [ 919171.136456076987088, 4121850.666962481569499 ], [ 918583.049055887968279, 4121773.199219389352947 ], [ 918001.472955341218039, 4121665.261575497221202 ], [ 917426.00128169124946, 4120858.77511239843443 ], [ 917265.253599295858294, 4119981.259766216855496 ], [ 917619.91593849088531, 4119199.893358966335654 ], [ 918187.025180640164763, 4118627.683250222820789 ], [ 918192.689450293430127, 4118624.327201840467751 ], [ 918400.555556225241162, 4118453.431415469851345 ], [ 918488.190934789949097, 4118374.506759635638446 ], [ 918704.180469234008342, 4118201.48099023848772 ], [ 919282.058647617464885, 4117851.100449371617287 ], [ 919859.361638193950057, 4117639.259969907347113 ], [ 920614.150755077134818, 4117681.851562662050128 ], [ 920743.318433791166171, 4117707.205785476602614 ], [ 921140.610794630250894, 4117785.190301202703267 ], [ 921209.858531035715714, 4117794.74923745309934 ], [ 921710.332148640416563, 4117863.835127872880548 ], [ 922078.742667594691738, 4117445.147924274206161 ], [ 922036.516513076028787, 4116832.890901776496321 ], [ 921864.728386200615205, 4116622.694194767158478 ], [ 921702.569506591651589, 4116424.283308794721961 ], [ 921595.842390079982579, 4116293.698301413096488 ], [ 921540.910451513249427, 4116210.172899795230478 ], [ 921401.354660553042777, 4115997.977625811006874 ], [ 921149.282694275840186, 4115614.71083025354892 ], [ 921093.793156385421753, 4115530.342637199442834 ], [ 921070.120732721756212, 4115526.868037577718496 ], [ 920650.906224565231241, 4115465.336181033402681 ], [ 920274.572206890792586, 4115410.09876207774505 ], [ 919970.128650353872217, 4115199.319567356258631 ], [ 919703.382437484455295, 4115014.643263598904014 ], [ 919558.299411164131016, 4114961.624312403146178 ], [ 919194.142298655235209, 4114828.548531586304307 ], [ 919104.532668905332685, 4114795.802328343968838 ], [ 918834.133952225442044, 4114640.304019252769649 ], [ 918366.793356527690776, 4114371.472261394374073 ], [ 917852.353595596388914, 4113779.744834593031555 ], [ 917849.965013294713572, 4113546.432712514419109 ], [ 917846.38720485731028, 4113196.94805249851197 ], [ 917941.530081200646237, 4112550.50397437158972 ], [ 918225.469144146307372, 4111960.333268506452441 ], [ 918399.97613827791065, 4111597.633679469116032 ], [ 917773.646040201070718, 4111414.416017653420568 ], [ 917681.198320047231391, 4111387.3729612454772 ], [ 917605.106216074433178, 4111394.647737852297723 ], [ 917136.119761697016656, 4111439.485835153143853 ], [ 917133.417258423054591, 4111439.744181215763092 ], [ 916625.942646726034582, 4111565.556839946657419 ], [ 916287.925688344868831, 4111124.487711018417031 ], [ 916128.770208607311361, 4110916.815945972688496 ], [ 916049.175770804635249, 4110858.156559808179736 ], [ 915902.977434518514201, 4110750.412202882580459 ], [ 915300.74221758521162, 4110306.591724881436676 ], [ 915191.048325326060876, 4110262.200403658207506 ], [ 915116.865684590418823, 4110232.179994203150272 ], [ 914881.429970930563286, 4110136.904101514723152 ], [ 914475.18251365039032, 4109972.505922394338995 ], [ 914387.955343663226813, 4109569.457934119738638 ], [ 914296.078358539729379, 4109144.939932321198285 ], [ 914276.559487699414603, 4109055.406242945231497 ], [ 914148.056052392581478, 4108465.973187285009772 ], [ 914003.097592587466352, 4108268.410640669986606 ], [ 913767.224282018025406, 4107946.948513763491064 ], [ 914381.160735907382332, 4107380.047787877731025 ], [ 914473.691834357683547, 4107294.60838735057041 ], [ 914766.571967478375882, 4107076.54169604415074 ], [ 914793.261149356490932, 4107056.670314190909266 ], [ 915228.445551662705839, 4106732.658173699397594 ], [ 914536.413910893956199, 4106362.872169728390872 ], [ 914475.94772383722011, 4106330.562726239208132 ], [ 914462.65728983678855, 4106329.288348005153239 ], [ 914180.256662246654741, 4106302.212103635072708 ], [ 913603.194344407995231, 4106246.884135672822595 ], [ 913552.395698548178189, 4106234.754114217124879 ], [ 912936.894760545692407, 4106087.781816701870412 ], [ 912860.215780210215598, 4106069.472198796924204 ], [ 912728.347045385395177, 4106021.437359256204218 ], [ 912410.459211281035095, 4105905.643606043886393 ], [ 912325.510528625221923, 4105874.700382517185062 ], [ 912195.350881940452382, 4105848.77531502302736 ], [ 911990.614189539686777, 4105807.996085154823959 ], [ 911799.89985679613892, 4105770.010058524087071 ], [ 911234.995185827137902, 4105812.884355694521219 ], [ 911150.981252940604463, 4105819.260822428856045 ], [ 911051.508382354746573, 4105866.726988916285336 ], [ 910788.361907845828682, 4105992.295413888059556 ], [ 910596.547404579003341, 4106083.826544115319848 ], [ 909885.962478241184726, 4106066.463838579133153 ], [ 909804.680993565241806, 4105440.988862441387028 ], [ 909562.338462106301449, 4104943.736678470857441 ], [ 909433.881335717858747, 4104960.147322345525026 ], [ 908773.396859392873012, 4105044.526179124601185 ], [ 908775.045278412871994, 4104699.200956374872476 ], [ 908775.619464355055243, 4104578.912934055551887 ], [ 908776.249087386997417, 4104447.022182316053659 ], [ 909070.527615950559266, 4103647.14793483261019 ], [ 909158.062695658300072, 4103409.230959660839289 ], [ 908731.351153752417304, 4102967.708747417200357 ], [ 908721.291767978924327, 4102962.061992228962481 ], [ 908272.37343480961863, 4102710.073410586453974 ], [ 908229.865975944907404, 4102672.739020342007279 ], [ 907846.245207048836164, 4102335.809576483909041 ], [ 907708.607896191184409, 4102214.926769661251456 ], [ 907296.7184331798926, 4101508.540473704691976 ], [ 907187.904632790596224, 4100914.410474076401442 ], [ 907134.622337770531885, 4100623.497662678360939 ], [ 906333.749845983926207, 4100364.6874386430718 ], [ 906234.629635555204004, 4100339.8360809921287 ], [ 905649.974660536041483, 4100193.253076809458435 ], [ 905574.024043620447628, 4100122.459171813447028 ], [ 905200.502846852177754, 4099774.305244757793844 ], [ 905198.907638555509038, 4099772.818390842527151 ], [ 905075.097544307471253, 4099709.663763345684856 ], [ 904453.349579117144458, 4099392.520067742560059 ], [ 904422.240122888819315, 4099362.020638993475586 ], [ 904330.161092874710448, 4099313.872703618369997 ], [ 903937.128817655728199, 4098872.101941244676709 ], [ 903934.847992608090863, 4098867.227494950406253 ], [ 903867.45973697246518, 4098776.728928470984101 ], [ 903596.163005959126167, 4098001.692490457557142 ], [ 903594.362301885383204, 4098001.381359473336488 ], [ 902713.734070370323025, 4097849.207990800961852 ], [ 902646.77795699017588, 4097837.637944126036018 ], [ 902258.385032859398052, 4097733.398767210543156 ], [ 901886.547988656791858, 4097633.603786944411695 ], [ 901419.304129611467943, 4097784.452331259846687 ], [ 901247.383198583149351, 4097839.957140216603875 ], [ 900477.293328994885087, 4097933.880322170909494 ], [ 900279.823906908161007, 4097991.404096876271069 ], [ 900012.602248503593728, 4098069.247568654827774 ], [ 899776.11445433832705, 4097543.27373668923974 ], [ 899720.434114846284501, 4097419.438380079343915 ], [ 899384.321944256895222, 4097000.500164450146258 ], [ 899251.061827112687752, 4096834.405982522759587 ], [ 899214.734158459352329, 4096789.127900901250541 ], [ 899006.883859899011441, 4096610.529504478443414 ], [ 898738.01478434575256, 4096379.503979323431849 ], [ 898718.098280287929811, 4096222.968207144644111 ], [ 898653.659879838931374, 4095716.52443352388218 ], [ 898085.999940151814371, 4095399.304114389233291 ], [ 897862.272142629255541, 4095369.810401991009712 ], [ 897433.422709921491332, 4095313.275869981851429 ], [ 897337.217845628852956, 4095300.593326096888632 ], [ 896707.231570192729123, 4095245.248659479431808 ], [ 896705.281586678465828, 4095245.246093254070729 ], [ 896191.617833917844109, 4095244.561718578916043 ], [ 895832.127902373089455, 4095175.161184832919389 ], [ 895588.455436955555342, 4095128.119764768518507 ], [ 894696.796223124838434, 4094331.091931669507176 ], [ 894073.993617095053196, 4093677.333981458563358 ], [ 893163.384375030407682, 4092722.266642524860799 ], [ 892731.267603926942684, 4092216.948382243979722 ], [ 892388.875789567362517, 4091495.840085354633629 ], [ 891874.491577062872238, 4090474.520563875325024 ], [ 891244.948019267641939, 4090241.595074058044702 ], [ 891230.483164625242352, 4090236.243203151971102 ], [ 890625.072781859198585, 4090200.460580270271748 ], [ 890617.641426617279649, 4090200.021410293411463 ], [ 890552.290206347359344, 4090196.158929287921637 ], [ 889803.685109809506685, 4089940.849710066337138 ], [ 889632.371649240958504, 4089880.984804631676525 ], [ 889413.713007364771329, 4089804.575566321145743 ], [ 889202.283119261264801, 4089730.692811526358128 ], [ 888961.159647543681785, 4089600.604088314808905 ], [ 888386.382273587281816, 4089290.511574707459658 ], [ 888359.038533103070222, 4089275.759876556228846 ], [ 888122.903510400443338, 4089177.578966286033392 ], [ 887644.100235442747362, 4088978.503441780339926 ], [ 887052.743827057885937, 4088976.440660154446959 ], [ 887029.01218141883146, 4088976.357776319608092 ], [ 886016.33654727472458, 4089068.876893008127809 ], [ 885948.279706779983826, 4089049.167945805937052 ], [ 885691.914259072160348, 4088974.926342984195799 ], [ 885528.227630786015652, 4088927.524052665103227 ], [ 885397.733802980394103, 4088389.989367475733161 ], [ 885377.869730405276641, 4088308.166791043244302 ], [ 884937.78715918562375, 4087874.513618179131299 ], [ 884873.417776843998581, 4087862.572095427196473 ], [ 884136.708837673068047, 4087725.902753312140703 ], [ 883897.629971042391844, 4087379.838550042361021 ], [ 883692.535831759218127, 4087082.975440131500363 ], [ 883657.139573268708773, 4087041.498583677224815 ], [ 883385.334557476337068, 4086723.006416914984584 ], [ 883331.512474227230996, 4086659.940415901131928 ], [ 883256.023833216982894, 4086521.519820251502097 ], [ 883049.385469950037077, 4086142.62397226691246 ], [ 883038.726517380331643, 4085843.23809293936938 ], [ 883025.97665083699394, 4085485.136766648385674 ], [ 882533.917784833931364, 4085249.334702799096704 ], [ 882411.255728502641432, 4085190.554143653716892 ], [ 882000.935313693364151, 4084960.714434726163745 ], [ 881724.273651148425415, 4084805.74592277687043 ], [ 881641.603901097550988, 4084759.439990079961717 ], [ 881633.550381220178679, 4084758.970670528244227 ], [ 880826.633909001131542, 4084711.953936537727714 ], [ 880801.104564901441336, 4084706.889679657761008 ], [ 880229.814607943641022, 4084593.561840110924095 ], [ 879718.232640985283069, 4084681.962854865938425 ], [ 879696.595582874724641, 4084685.701733384281397 ], [ 879094.878112903912552, 4084844.234939015936106 ], [ 878365.44123080407735, 4084651.470962273422629 ], [ 878276.582117065438069, 4084550.448847224935889 ], [ 878007.34435134078376, 4084244.363666518125683 ], [ 877926.399162865243852, 4084190.385332915000618 ], [ 877539.894773881533183, 4083932.647537305485457 ], [ 876849.042006500065327, 4083602.076314471196383 ], [ 876843.114132308750413, 4083600.975995763204992 ], [ 876110.814224218251184, 4083465.038146027363837 ], [ 875514.708369768690318, 4083410.602776001673192 ], [ 875459.825523090781644, 4083405.591048482339829 ], [ 875307.621388971223496, 4083418.458287215325981 ], [ 875236.50003420561552, 4083424.470883190631866 ], [ 874715.100467400858179, 4083468.549679160118103 ], [ 874614.782459250302054, 4083477.030604201368988 ], [ 874638.752439910895191, 4082702.953765691723675 ], [ 874640.215400665067136, 4082655.710439558606595 ], [ 874650.176825297647156, 4081988.219576183240861 ], [ 874484.191783480346203, 4081427.804622098337859 ], [ 874524.31477887800429, 4081183.434208270628005 ], [ 874584.471720362897031, 4080817.055836472660303 ], [ 874627.372693654964678, 4080555.779600563459098 ], [ 874629.205346432863735, 4080549.778918524738401 ], [ 874877.891085108625703, 4080348.072417600546032 ], [ 875031.654360030544922, 4080223.358408172614872 ], [ 874854.911513949744403, 4079661.57339126104489 ], [ 874609.461276258807629, 4079094.034357110504061 ], [ 874571.627343571628444, 4079006.555628856178373 ], [ 874548.037741593900137, 4078877.91716872015968 ], [ 874441.316636315430515, 4078295.964031480252743 ], [ 874436.42926540505141, 4078269.313928019721061 ], [ 874399.02023920067586, 4077954.4078164617531 ], [ 874351.701106644351967, 4077556.092526848893613 ], [ 874532.548858958180062, 4076945.743692516814917 ], [ 874431.747501577250659, 4076289.391894932836294 ], [ 874143.60924481251277, 4075392.884933393448591 ], [ 874083.215526737156324, 4075205.466762667987496 ], [ 873826.143311571213417, 4074407.735272015444934 ], [ 873646.144815675565042, 4073812.726691475138068 ], [ 873439.021656027529389, 4073187.924443703144789 ], [ 873252.86563379841391, 4072585.267246940173209 ], [ 873061.401564278057776, 4071998.067326924297959 ], [ 872672.31578763644211, 4070762.578932159114629 ], [ 872477.188972913078032, 4070168.276052959728986 ], [ 872104.717630258644931, 4068979.25065098144114 ], [ 871908.263998546637595, 4068369.621299627237022 ], [ 871715.101193590788171, 4067758.99700621329248 ], [ 871338.064972590887919, 4066539.38883641641587 ], [ 871146.70699056237936, 4065944.794094819109887 ], [ 870580.329785362817347, 4064131.909469535108656 ], [ 870386.370934756123461, 4063529.733925182372332 ], [ 870303.737140887533315, 4062808.059020578395575 ], [ 870283.539221159066074, 4062631.668555112089962 ], [ 870111.331419824506156, 4062219.969142547342926 ], [ 870045.686761366901919, 4062063.03562691481784 ], [ 870015.688162359176204, 4061991.320190084632486 ], [ 869975.459970047930256, 4061895.150468306150287 ], [ 869777.625531357480213, 4061186.46053263079375 ], [ 869774.901209459756501, 4061176.70183226140216 ], [ 870040.971045105485246, 4058059.214251443743706 ], [ 870056.789433423313312, 4057429.631761727854609 ], [ 864706.67507496161852, 4053681.104418112896383 ], [ 861395.996349372086115, 4051256.849627686664462 ], [ 854724.954560434212908, 4054339.227715520188212 ], [ 852842.905095300171524, 4055230.989024330861866 ], [ 849532.70393035071902, 4049772.165876555722207 ], [ 848161.137040873523802, 4047510.872257218230516 ], [ 847425.032677867333405, 4043952.054552092216909 ], [ 846780.758768429514021, 4043777.92560164257884 ], [ 846207.560572761693038, 4043528.405148586258292 ], [ 846075.356988906278275, 4043370.267530134879053 ], [ 845842.892392458743416, 4043092.206099973060191 ], [ 845149.597832058672793, 4042885.011156769935042 ], [ 844862.013501081382856, 4042778.283108619973063 ], [ 844556.759649953688495, 4042664.998793532606214 ], [ 844065.704774450859986, 4042181.909591499250382 ], [ 843691.030641715507954, 4041796.786398563534021 ], [ 844152.360096237389371, 4041488.59447543695569 ], [ 844823.732064028037712, 4041702.687012734357268 ], [ 844586.007510332390666, 4040926.845360353589058 ], [ 843888.254047722322866, 4040320.515705136582255 ], [ 843179.035234168171883, 4040158.491458409000188 ], [ 842546.147304900572635, 4040088.247268205974251 ], [ 841991.341983422404155, 4039960.066229721996933 ], [ 841497.155356672476046, 4039361.734611572697759 ], [ 840614.785309091676027, 4039117.694127253722399 ], [ 839932.584849149105139, 4038918.774325015954673 ], [ 839026.222334348829463, 4038666.02802166249603 ], [ 838444.292237831396051, 4038159.014335921499878 ], [ 838244.228848977945745, 4037637.669986756052822 ], [ 838314.243131377384998, 4036748.056476901751012 ], [ 839035.617588046239689, 4035048.731259597465396 ], [ 839548.515351378940977, 4034462.957064179237932 ], [ 840324.961675234255381, 4033628.42205010401085 ], [ 841460.263854800490662, 4032351.755347334779799 ], [ 841953.813622714136727, 4031796.348793370649219 ], [ 841598.169000330031849, 4030682.030840389430523 ], [ 841170.280811415985227, 4029551.429538959637284 ], [ 840169.38044170383364, 4026294.981745978817344 ], [ 840827.375925532658584, 4021186.310270199552178 ], [ 838324.735549990902655, 4017222.836230409797281 ], [ 838253.783623508177698, 4017110.433000918012112 ], [ 838484.793274208437651, 4016504.088817561045289 ], [ 838518.393837974406779, 4016415.570452677085996 ], [ 838590.337621122249402, 4016217.853405487257987 ], [ 838597.569825806771405, 4016197.977846149355173 ], [ 838680.928420865326189, 4015968.895284893922508 ], [ 838724.949713504174724, 4015867.222594599239528 ], [ 838981.262507073814049, 4015201.7087347866036 ], [ 839060.51285633072257, 4014945.138632881920785 ], [ 839258.771310957497917, 4014350.675420152954757 ], [ 839510.057918230537325, 4013734.24662611214444 ], [ 839806.702653886866756, 4012791.507299476768821 ], [ 840024.893197312601842, 4011959.833205016795546 ], [ 840161.152929461095482, 4011323.075670232065022 ], [ 840335.790278698201291, 4010675.10261108353734 ], [ 840486.965598099282943, 4009994.437793055549264 ], [ 840681.243045098148286, 4009329.665558726061136 ], [ 840869.256878309999593, 4008575.451202839612961 ], [ 840892.984293815097772, 4007258.379840036854148 ], [ 840788.15138975426089, 4007066.007933750748634 ], [ 840768.402532848413102, 4007032.918195433449 ], [ 840420.189377031172626, 4006390.811168991494924 ], [ 840088.935856948955916, 4005808.804971840232611 ], [ 839972.661312991753221, 4005631.67860679840669 ], [ 839755.718104475410655, 4005217.116233399137855 ], [ 839480.012008420657367, 4004698.098645197227597 ], [ 839346.089985591825098, 4004492.307168841827661 ], [ 839283.507058409159072, 4004325.679175924044102 ], [ 839135.994372899178416, 4003933.652942076325417 ], [ 838856.468348524766043, 4003516.596476044971496 ], [ 838731.196629361133091, 4003316.506954475771636 ], [ 838605.924798866501078, 4003116.420791679061949 ], [ 838489.782836400205269, 4002735.167695861775428 ], [ 838425.023835848085582, 4002522.0602683625184 ], [ 838510.856283928500488, 4002488.842313559725881 ], [ 838955.358572887955233, 4002316.622004940640181 ], [ 839264.928614641888998, 4002122.941167016979307 ], [ 839480.397173873148859, 4002002.927055018022656 ], [ 839725.587925816420466, 4001860.892157087102532 ], [ 840180.952102763345465, 4001583.309116264805198 ], [ 840363.127006059046835, 4001491.584607037249953 ], [ 841321.748233165824786, 4000989.283772088121623 ], [ 841508.99240342003759, 4000881.212683052290231 ], [ 841986.776882408536039, 4000646.16822113096714 ], [ 842114.516999971587211, 4000591.240017626900226 ], [ 842682.327332294895314, 4000248.39180011395365 ], [ 843306.92140291526448, 3999520.831348240375519 ], [ 843353.180217303102836, 3999459.890317468903959 ], [ 843449.855963042238727, 3999317.235208419151604 ], [ 843756.984100421192124, 3998927.934262223541737 ], [ 844139.30198600620497, 3998467.381192649248987 ], [ 844678.395563237252645, 3997660.754905795212835 ], [ 844789.945819340762682, 3997472.516233660280704 ], [ 845059.970279895700514, 3997157.344733034260571 ], [ 845142.644371379865333, 3997064.889276479370892 ], [ 845526.581064997124486, 3996383.244555059354752 ], [ 845650.791241510072723, 3995408.223536984529346 ], [ 845654.307935547782108, 3995386.179912866093218 ], [ 845661.54002890153788, 3995323.187384471762925 ], [ 845689.142475880100392, 3995048.421193806920201 ], [ 845763.190865318640135, 3994703.69572554435581 ], [ 845913.039256380754523, 3993977.252819358371198 ], [ 845928.167463852209039, 3993828.395025077741593 ], [ 845983.410540408454835, 3993551.1408891226165 ], [ 846060.074381295125932, 3993086.943854625336826 ], [ 846086.77424984506797, 3992873.504746726714075 ], [ 846172.565287069883198, 3992423.871277553960681 ], [ 846230.120135494158603, 3992084.631270499899983 ], [ 846304.778889700188302, 3991419.364590967539698 ], [ 846368.927748146699741, 3990368.699266497045755 ], [ 846378.774291058303788, 3990167.562428653705865 ], [ 846459.510866831173189, 3989679.029110013972968 ], [ 846681.072164422716014, 3988929.423600655980408 ], [ 846798.275669539929368, 3988024.704095084685832 ], [ 846723.855473010800779, 3987414.7926000286825 ], [ 846642.004366500303149, 3986643.389993929304183 ], [ 846539.424680254422128, 3985841.931232874747366 ], [ 846492.686635445337743, 3985604.132354697678238 ], [ 846395.813297605374828, 3985111.200496282894164 ], [ 846310.193247088231146, 3984357.045387990307063 ], [ 846292.278378798975609, 3984179.229125118348747 ], [ 846175.730990757117979, 3983367.688123965170234 ], [ 846124.992791367927566, 3983194.783981618937105 ], [ 846103.176286250236444, 3982858.576392565388232 ], [ 846154.930609949980862, 3982566.252377799712121 ], [ 846218.044197120820172, 3982307.095202047377825 ], [ 846299.736228096997365, 3982084.163417912088335 ], [ 846332.168939096387476, 3981995.910117495805025 ], [ 846410.985142323886976, 3981858.055933580268174 ], [ 846673.560993108316325, 3981207.272511214483529 ], [ 846737.33826708199922, 3980986.402271053753793 ], [ 846879.702314840629697, 3980516.621237176004797 ], [ 846950.644333879463375, 3980333.808496850077063 ], [ 847013.307856363011524, 3980172.331186397466809 ], [ 847018.837874699966051, 3980155.391460808925331 ], [ 847120.372716219397262, 3979844.372697919141501 ], [ 847325.777548199752346, 3979434.04043706599623 ], [ 847421.370043970062397, 3979209.394011594820768 ], [ 847631.805292431614362, 3978678.53793913917616 ], [ 847667.216022435575724, 3978585.669873062055558 ], [ 847742.511746783507988, 3978399.273303689435124 ], [ 848037.378264905884862, 3977669.014877296518534 ], [ 848092.078436288633384, 3977503.540314535144717 ], [ 848267.777439507772215, 3977041.039734092075378 ], [ 848347.877156469621696, 3976849.569105650298297 ], [ 848476.993294260464609, 3976464.579771059565246 ], [ 848531.166701815091074, 3976250.701801064424217 ], [ 848609.859674365841784, 3976068.421753422822803 ], [ 848947.031940436339937, 3975196.067282303702086 ], [ 849030.183703885180876, 3974944.468265050556511 ], [ 849221.334631667239591, 3974571.247460495680571 ], [ 849294.953105235588737, 3974403.561797019094229 ], [ 849366.241216587717645, 3974240.42801548819989 ], [ 849558.873027550056577, 3973931.500036069657654 ], [ 849735.156012824038044, 3973390.640961106866598 ], [ 849853.288367763860151, 3973207.641526896040887 ], [ 850529.676503139548004, 3972093.39625857071951 ], [ 851041.194127429160289, 3971348.502283453010023 ], [ 851500.055072252405807, 3970622.003032581880689 ], [ 851851.453190015163273, 3970174.557200547773391 ], [ 852313.844075863133185, 3969440.233667643275112 ], [ 852658.898875077953562, 3968829.098897366784513 ], [ 852731.593730847584084, 3968700.351564546115696 ], [ 852931.968702932121232, 3968372.487137783784419 ], [ 853232.176664200494997, 3967881.288031423930079 ], [ 853690.586542408098467, 3967238.561501199379563 ], [ 854021.999360686517321, 3966657.769303066655993 ], [ 854428.840707421419211, 3966117.251231957226992 ], [ 854760.943817851715721, 3965471.820899141021073 ], [ 855101.805100550875068, 3964962.685141841415316 ], [ 855611.27923294948414, 3964210.610958985984325 ], [ 855921.661016419762745, 3963750.423046938143671 ], [ 856083.118583218194544, 3963511.045126068405807 ], [ 856564.645178227801807, 3962680.127121139317751 ], [ 856914.50385875091888, 3962107.20270729623735 ], [ 857314.365028158761561, 3961516.483912106603384 ], [ 857863.889019025606103, 3960753.431792566087097 ], [ 858362.26905097917188, 3959971.591105377301574 ], [ 858910.678065835381858, 3958972.663598177023232 ], [ 859290.421465554623865, 3958459.486670299898833 ], [ 859588.419846210861579, 3958008.948482888285071 ], [ 859910.22501318436116, 3957547.482942058239132 ], [ 860353.45358454703819, 3956873.517051352187991 ], [ 860544.48250614781864, 3956570.626979214139283 ], [ 860899.686414683936164, 3956007.446807318832725 ], [ 861251.82747873023618, 3955478.623547354713082 ], [ 861597.386666570673697, 3954902.747954772319645 ], [ 861770.484578568488359, 3954181.862137724179775 ], [ 863072.863732837606221, 3952595.685851652640849 ], [ 863100.276602715952322, 3952562.301817982923239 ], [ 863260.953485936392099, 3951904.738223201129586 ], [ 863578.432666183565743, 3950713.179456132464111 ], [ 863669.254676500102505, 3949807.635832726024091 ], [ 863788.475290776928887, 3949117.84262707689777 ], [ 863901.69756562972907, 3948535.416228389833122 ], [ 864005.577686177450232, 3947960.648777394555509 ], [ 864210.020161168533377, 3946792.890244798734784 ], [ 864384.949501417460851, 3945842.393078616820276 ], [ 864593.452688796794973, 3945227.586570607963949 ], [ 864733.268633402069099, 3944613.321054143831134 ], [ 864865.175662125227973, 3944048.408603991847485 ], [ 865053.401892931899056, 3942992.640494669787586 ], [ 865191.890797880012542, 3942158.618236216716468 ], [ 865330.167527888785116, 3941443.862532329745591 ], [ 865452.838489798945375, 3940868.938126585446298 ], [ 865556.453113346826285, 3940266.085786940064281 ], [ 865643.612489791237749, 3939673.938697168603539 ], [ 865837.199978587101214, 3938545.892610528506339 ], [ 866081.214640107355081, 3937580.571650108322501 ], [ 866278.83601329929661, 3936864.57323459489271 ], [ 866457.58728564158082, 3936110.256661321502179 ], [ 866574.541323766694404, 3935349.685331171378493 ], [ 866655.023089236929081, 3934826.328529383521527 ], [ 866801.262057125219144, 3933891.797387491445988 ], [ 866980.066206236020662, 3933233.682955209165812 ], [ 867216.994380288058892, 3932470.966581812128425 ], [ 867494.636099649127573, 3931775.853914804756641 ], [ 867734.218464333680458, 3931065.038112606853247 ], [ 867970.854647367494181, 3930435.777652586810291 ], [ 868173.678314307355322, 3929846.670381383504719 ], [ 868390.196727646514773, 3929315.483919624239206 ], [ 868601.035509265959263, 3928631.984922370873392 ], [ 868859.541185504291207, 3928139.443771357648075 ], [ 869053.022475496400148, 3927538.774559182114899 ], [ 869264.285829643602483, 3927021.909274233970791 ], [ 869554.003487339941785, 3926255.031330563593656 ], [ 870235.195392712252215, 3924719.650025803595781 ], [ 870528.787859245319851, 3924020.685869336128235 ], [ 870755.179643513285555, 3923400.942190882284194 ], [ 871037.837307803914882, 3922601.059943275526166 ], [ 871386.581346265040338, 3921809.098442859947681 ], [ 871646.142108641448431, 3921167.930071794893593 ], [ 871881.378337757196277, 3920586.878639469388872 ], [ 872512.806534545961767, 3920403.1888905945234 ], [ 873620.506489776424132, 3920348.640807860996574 ], [ 874425.271712825284339, 3920303.226367390714586 ], [ 875026.523088100599125, 3920248.424956129398197 ], [ 875689.773742445977405, 3920159.119401394855231 ], [ 876224.885978107107803, 3920113.452039079274982 ], [ 876764.244718364207074, 3920102.288853475823998 ], [ 877336.83221529063303, 3920086.051547968294472 ], [ 877823.853095085127279, 3920088.588679494801909 ], [ 878306.892633290844969, 3920056.621713870670646 ], [ 879089.177775737363845, 3919975.182605321053416 ], [ 879957.189278804231435, 3919823.088056683074683 ], [ 880884.651735176332295, 3919383.306401879526675 ], [ 881607.751198674668558, 3919044.380265557672828 ], [ 882281.777357097831555, 3918720.176920827943832 ], [ 883041.741717119351961, 3918336.117180244997144 ], [ 883587.310971771599725, 3918103.251970364246517 ], [ 884374.86085821071174, 3917810.666474762838334 ], [ 885175.184210954234004, 3917325.039398575667292 ], [ 885756.158740956219845, 3917078.498013200704008 ], [ 886442.234232378192246, 3916706.666353339795023 ], [ 886963.863673942862079, 3916489.051634648349136 ], [ 887470.949112708796747, 3916298.832104071974754 ], [ 888009.750587603659369, 3915984.342775241471827 ], [ 888997.672551844851114, 3915644.500650410540402 ], [ 889946.234838457778096, 3915174.318019873462617 ], [ 890493.927289761602879, 3914893.840505535714328 ], [ 891539.416013600537553, 3914370.435430879238993 ], [ 892198.048578876885585, 3914095.048898905050009 ], [ 893529.963799682212994, 3913412.442310363985598 ], [ 894159.932263979222625, 3913148.234509744215757 ], [ 894778.435154689592309, 3912838.901082031428814 ], [ 895318.484075786778703, 3912562.536310478579253 ], [ 895980.938127851695754, 3912405.341072596609592 ], [ 896348.685405288939364, 3911955.064081201795489 ], [ 897108.172093390254304, 3911799.397903398610651 ], [ 897885.281992711010389, 3911337.989487706217915 ], [ 898554.849137593293563, 3911071.800667066127062 ], [ 899033.111288533662446, 3910837.559536435641348 ], [ 899532.287588781211525, 3910637.799116215202957 ], [ 900095.26754575886298, 3910418.269427984021604 ], [ 900505.47953537281137, 3910111.543301739729941 ], [ 901662.651208137045614, 3909518.89993681339547 ], [ 902532.653215039987117, 3909176.711676137056202 ], [ 903154.978037818451412, 3908861.400287210009992 ], [ 903684.092267978820018, 3908278.704946289770305 ], [ 903670.184901373228058, 3907398.000688721891493 ], [ 903667.106026881956495, 3906694.498666690662503 ], [ 903607.336588540463708, 3905997.120554413180798 ], [ 903533.235211002756841, 3905321.575459852349013 ], [ 903491.83170752809383, 3904704.344432110432535 ], [ 903419.747439168859273, 3904131.230812470894307 ], [ 903358.703949238290079, 3903367.122979742474854 ], [ 903356.899126336094923, 3902710.475940823089331 ], [ 903458.39055324497167, 3902052.346164345275611 ], [ 903905.653342952718958, 3901505.199168507009745 ], [ 904391.877731772488914, 3900938.827735767234117 ], [ 904849.332043490256183, 3900462.144658015109599 ], [ 905230.774178638705052, 3900061.462010168936104 ], [ 905673.577954805572517, 3899617.232211540453136 ], [ 906088.461244211765006, 3899111.732559121213853 ], [ 906593.157989338855259, 3898515.594730959273875 ], [ 907040.73915277060587, 3898048.126624822150916 ], [ 907499.99839872145094, 3897588.780142364557832 ], [ 907989.407749492907897, 3897169.964948145672679 ], [ 908389.428217090549879, 3896715.716909139882773 ], [ 908732.863874330883846, 3896316.681633164174855 ], [ 909443.409950153203681, 3895905.507594531867653 ], [ 916087.380063450546004, 3887747.79790801089257 ], [ 918150.436801737756468, 3885215.992302324157208 ], [ 921737.562677197507583, 3879497.660581747069955 ], [ 926545.982589849969372, 3871836.949913234915584 ], [ 926676.137895088759251, 3870385.237770300358534 ], [ 926895.788282318040729, 3867933.448285905178636 ], [ 929870.356284481589682, 3834799.169715227093548 ], [ 930045.949311552336439, 3832847.322493004146963 ], [ 930172.282573366770521, 3831442.191539214458317 ], [ 930224.726855295244604, 3830859.28723904164508 ], [ 930238.846619489253499, 3830701.920559653081 ], [ 930355.41304317151662, 3829406.305440932512283 ], [ 947452.889921853551641, 3817420.137265667784959 ], [ 977797.434628917369992, 3795676.360825393814594 ], [ 979722.798507900792174, 3794294.685492069926113 ], [ 987196.747486287495121, 3789332.112363713793457 ], [ 1009219.847782739088871, 3774721.8560542576015 ], [ 1009851.249485484324396, 3774756.439975755754858 ], [ 1010233.806262676022016, 3773112.065189180895686 ], [ 1010842.966887775692157, 3770296.953161837533116 ], [ 1011617.316286354558542, 3767016.160276615060866 ], [ 1012281.787670241319574, 3764345.697675127070397 ], [ 1012910.057733070338145, 3763172.424358610529453 ], [ 1016039.198525499668904, 3750648.855086891911924 ], [ 1020498.131230770610273, 3729960.774136629421264 ], [ 1027785.765000043902546, 3697924.309462136123329 ], [ 1042057.248327379114926, 3632607.085006478242576 ], [ 1042338.738027553074062, 3632160.609080721624196 ], [ 1042915.413064878666773, 3629288.932759758550674 ], [ 1044426.424425812787376, 3622290.971022708807141 ], [ 1046316.967122807283886, 3613565.571425400208682 ], [ 1054697.119317804463208, 3575540.313091335818172 ], [ 1055126.546832645777613, 3573559.023598503321409 ], [ 1055247.359760911436751, 3573008.775730285793543 ], [ 1055855.352644550381228, 3570238.180560425855219 ], [ 1056878.441103853052482, 3565641.178850024472922 ], [ 1057816.599470861023292, 3561593.365336525719613 ], [ 1058433.403848784975708, 3558582.490538224112242 ], [ 1058905.402497249888256, 3556349.05706239445135 ], [ 1059594.821914839558303, 3553487.117925316561013 ], [ 1059774.449048949405551, 3552601.786225998774171 ], [ 1060029.876073352061212, 3551343.181713716126978 ], [ 1060350.168408435070887, 3550004.729392441455275 ], [ 1060587.229386658873409, 3549014.82342036254704 ], [ 1061196.390123064164072, 3546102.888534798286855 ], [ 1062124.993715522810817, 3542260.535740452818573 ], [ 1062607.927277580136433, 3539956.225694230757654 ], [ 1062996.906632800586522, 3538169.082227902021259 ], [ 1063375.800776101415977, 3536300.337961182463914 ], [ 1063550.650522939860821, 3535584.820925822481513 ], [ 1063791.161737453192472, 3534591.865572392009199 ], [ 1063913.513991646468639, 3534026.112500952556729 ], [ 1064103.969840525882319, 3533145.829080330207944 ], [ 1062104.185876319184899, 3532400.51147470343858 ], [ 1060482.553220441332087, 3531908.080424721352756 ], [ 1058756.031666783383116, 3531472.427273645997047 ], [ 1056732.786118000978604, 3530771.187900247052312 ], [ 1056113.752344640437514, 3530468.492503121029586 ], [ 1053773.6821742169559, 3528933.014010545331985 ], [ 1053712.826146306935698, 3528900.788795152213424 ], [ 1053704.07498719310388, 3528896.164720880333334 ], [ 1052602.107874411856756, 3528312.733470612671226 ], [ 1052586.588824203470722, 3528304.426056334283203 ], [ 1052481.967315847286955, 3528249.028493753168732 ], [ 1050525.037682027788833, 3527398.703899840824306 ], [ 1049840.607826648745686, 3527177.14586171740666 ], [ 1048505.189158836728893, 3527546.32950219232589 ], [ 1048342.548265829915181, 3527575.928596129175276 ], [ 1048179.907261517597362, 3527605.527759104035795 ], [ 1047050.868584420648403, 3526911.870684154331684 ], [ 1046970.344406255404465, 3526859.79892983706668 ], [ 1046799.185679768794216, 3526749.170936663635075 ], [ 1046540.439219468156807, 3526582.003800632897764 ], [ 1046482.280351515277289, 3526544.342600157018751 ], [ 1046438.395759201725014, 3526515.924957883078605 ], [ 1046420.581746380426921, 3526504.389483925420791 ], [ 1046354.336296650348231, 3526461.652691907715052 ], [ 1045483.378834569477476, 3524996.159542180132121 ], [ 1045507.902295744745061, 3522301.145217552781105 ], [ 1046111.967159823514521, 3519218.602590600959957 ], [ 1046597.766976109123789, 3515605.987680559512228 ], [ 1047038.19986978219822, 3513608.473802359309047 ], [ 1047313.620987917063758, 3511942.632585391402245 ], [ 1047953.144115438684821, 3509584.215776309836656 ], [ 1048127.993750946363434, 3508958.010985075961798 ], [ 1049726.483084698440507, 3506961.376237499993294 ], [ 1051199.59450045786798, 3504994.723180391825736 ], [ 1052367.594888017047197, 3503573.380223656073213 ], [ 1052429.277908423449844, 3503541.546463535632938 ], [ 1055305.006113945040852, 3499704.656730800867081 ], [ 1057437.492929958738387, 3496836.351519430987537 ], [ 1060967.928130225045606, 3492081.931782135739923 ], [ 1061912.456421129638329, 3490779.589080085512251 ], [ 1066247.178949887864292, 3480968.391792796552181 ], [ 1069929.957544983597472, 3472678.564595530275255 ], [ 1072273.70782645046711, 3467279.096359841059893 ], [ 1074433.372294252971187, 3462462.299933487083763 ], [ 1076635.82029327377677, 3457376.138205615337938 ], [ 1079026.919206960126758, 3451975.997822774574161 ], [ 1080255.326114308321849, 3449166.912733305245638 ], [ 1081684.698543683858588, 3445962.542687423527241 ], [ 1084543.97406244254671, 3439321.50049293320626 ], [ 1086538.449756734073162, 3434800.678879966959357 ], [ 1088768.181495035532862, 3429739.765453856438398 ], [ 1089628.735148829640821, 3425559.301244155969471 ], [ 1090675.285304013639688, 3420443.279678206890821 ], [ 1092459.983982017729431, 3411599.387069563381374 ], [ 1093248.983916147612035, 3407585.356487728655338 ], [ 1094229.288732913555577, 3402834.468271596357226 ], [ 1095050.774588759988546, 3398735.581390250474215 ], [ 1096085.753194202668965, 3393608.186727955471724 ], [ 1098037.445134645793587, 3383834.544004089664668 ], [ 1098284.591547413030639, 3382583.353488002903759 ], [ 1098975.815787911182269, 3379084.733296431601048 ], [ 1099223.174598267301917, 3376750.408871685620397 ], [ 1099313.094364122953266, 3375627.099463672377169 ], [ 1099672.348298343364149, 3371711.924435182474554 ], [ 1099680.628909978782758, 3371621.158665020018816 ], [ 1099755.154971362790093, 3370808.419959487393498 ], [ 1100127.997898464556783, 3366963.333366239909083 ], [ 1100220.996316156117246, 3366005.329885883722454 ], [ 1100967.637514251284301, 3359076.734920540824533 ], [ 1101617.564450066071004, 3352746.222940919920802 ], [ 1101770.704001877224073, 3351254.935823084320873 ], [ 1102372.804856182541698, 3345103.153370704967529 ], [ 1102304.966981113655493, 3344262.3760194494389 ], [ 1102180.226033288054168, 3343252.254345335066319 ], [ 1101237.290390339680016, 3336088.675690499600023 ], [ 1100415.91084460914135, 3329904.604780817404389 ], [ 1098742.89533816697076, 3317317.635279153939337 ], [ 1098630.575307787861675, 3316468.582092200871557 ], [ 1097433.274183094268665, 3307422.376039354130626 ], [ 1096761.588183025131002, 3302458.186048235278577 ], [ 1096761.368104384513572, 3302456.681290241889656 ], [ 1096760.893660714151338, 3302453.228372550103813 ], [ 1096758.028519662795588, 3302432.378358334302902 ], [ 1096494.980562924407423, 3300488.286577183753252 ], [ 1096493.382348988903686, 3300476.467842398677021 ], [ 1096444.664153073681518, 3300116.20740580232814 ], [ 1096379.764889952959493, 3299636.949212324805558 ], [ 1096181.838835316011682, 3298175.235246223863214 ], [ 1095109.72081949096173, 3289006.930734438821673 ], [ 1094886.970518412999809, 3286992.209542066790164 ], [ 1094665.222092755604535, 3284986.259719899389893 ], [ 1095279.817001417744905, 3282839.806064774282277 ], [ 1095358.471902719233185, 3282565.040207110345364 ], [ 1095411.841917506884784, 3282378.605250031687319 ], [ 1095432.109523240011185, 3282307.923734285868704 ], [ 1095983.929033329943195, 3280380.788957555312663 ], [ 1095985.916531527414918, 3280373.848081019241363 ], [ 1095998.980764322914183, 3280328.908945867326111 ], [ 1096727.415659689577296, 3277823.436389300972223 ], [ 1097475.037359861657023, 3275252.411174483131617 ], [ 1097486.322929843561724, 3275213.573765735607594 ], [ 1097533.034814564045519, 3275052.823795994278044 ], [ 1097541.630015081726015, 3275023.27854612423107 ], [ 1099180.34063933393918, 3269235.264058995060623 ], [ 1100913.585110969142988, 3263157.059062850195915 ], [ 1101544.38713562511839, 3260945.724590697791427 ], [ 1102399.876309186220169, 3257947.119966714177281 ], [ 1102834.93046769243665, 3256407.402629825286567 ], [ 1104268.649811839917675, 3251334.25754937203601 ], [ 1104314.453774808440357, 3251146.439883687533438 ], [ 1104811.325761609943584, 3249109.19715409213677 ], [ 1104834.417320181848481, 3249029.408056514337659 ], [ 1108973.798744210507721, 3234733.907979248091578 ], [ 1108978.793538451427594, 3234716.64618087047711 ], [ 1108989.149924630532041, 3234680.905770951882005 ], [ 1109049.651733914623037, 3233973.316123256459832 ], [ 1109060.625831951852888, 3233524.371482824906707 ], [ 1109062.283156531862915, 3233456.245576207991689 ], [ 1109063.708379979478195, 3233398.268187317531556 ], [ 1109068.058077746769413, 3233220.334645760245621 ], [ 1108916.33406458212994, 3231915.941406150814146 ], [ 1108349.2414090258535, 3231424.096364308614284 ], [ 1108284.93915232992731, 3231383.789605911821127 ], [ 1108277.814704924356192, 3231379.382603896316141 ], [ 1108264.790324490051717, 3231371.198175326921046 ], [ 1108173.174383558100089, 3231313.781399092171341 ], [ 1108150.910485417582095, 3231299.930897120852023 ], [ 1108064.081282596802339, 3231201.970475403126329 ], [ 1107844.22528827842325, 3230953.672915781382471 ], [ 1107798.027699595317245, 3230893.613788937684149 ], [ 1107704.282439447706565, 3230771.787872484419495 ], [ 1107691.160988431656733, 3230754.735939492005855 ], [ 1107611.10858225915581, 3230650.753994832746685 ], [ 1107577.63570193387568, 3230607.317829814273864 ], [ 1107273.480017586844042, 3230080.921426715794951 ], [ 1107192.371857360005379, 3229907.781868925318122 ], [ 1107111.263697133399546, 3229734.644506686832756 ], [ 1106962.105264255777001, 3229294.486630411352962 ], [ 1106952.975284915184602, 3229189.312132307328284 ], [ 1106947.44059113948606, 3229125.632388047408313 ], [ 1106927.284082260215655, 3228893.722595693543553 ], [ 1106897.664748739684001, 3228551.317635349463671 ], [ 1106897.346041041659191, 3228398.126473683863878 ], [ 1106897.027667311253026, 3228248.538612488191575 ], [ 1106941.085027450695634, 3227750.805027307476848 ], [ 1106999.792923153843731, 3227166.89744799118489 ], [ 1107053.511256627272815, 3226518.674074245151132 ], [ 1107075.433737912215292, 3226254.83183467714116 ], [ 1107134.937790603376925, 3225269.130099035799503 ], [ 1107212.383428263710812, 3223777.389048328157514 ], [ 1106563.942830283427611, 3220726.841664480511099 ], [ 1106526.945129601284862, 3220561.979621286038309 ], [ 1106632.895347395446151, 3217657.420414267107844 ], [ 1106714.746565230423585, 3216705.204475930891931 ], [ 1106844.689472880912945, 3215192.687606875784695 ], [ 1106157.393251923844218, 3213654.91295354347676 ], [ 1104931.746622655773535, 3210912.964243790600449 ], [ 1104888.007747558876872, 3210097.895969939883798 ], [ 1104759.939460152527317, 3208449.23911883495748 ], [ 1104704.771190300351009, 3208341.311569787561893 ], [ 1104416.327472849516198, 3207734.016245518811047 ], [ 1103254.378635450499132, 3205288.563609731383622 ], [ 1103211.966688698623329, 3205199.273678380995989 ], [ 1102313.341991684632376, 3203350.620203759055585 ], [ 1102209.632969200843945, 3203174.045166508760303 ], [ 1102204.006325542693958, 3203164.218796561006457 ], [ 1102025.865640610922128, 3202739.532840376254171 ], [ 1101817.362564562587067, 3202149.500097637530416 ], [ 1101596.013664559461176, 3201681.230646113399416 ], [ 1101452.163278972962871, 3201372.095344488974661 ], [ 1101425.197913422947749, 3201314.103197691962123 ], [ 1101248.543677669018507, 3200738.269580280873924 ], [ 1101022.629676658427343, 3200248.7221823586151 ], [ 1101004.987095843302086, 3200186.690299920272082 ], [ 1100763.646217168774456, 3199557.562762619461864 ], [ 1100273.228200476849452, 3199133.107838354073465 ], [ 1099903.995030491380021, 3198888.24085974926129 ], [ 1099780.209537843707949, 3198719.088623481802642 ], [ 1099089.144484210759401, 3198179.420549954753369 ], [ 1098908.933590701315552, 3198046.3335299808532 ], [ 1098646.075099738547578, 3197758.362418555188924 ], [ 1098557.960156784858555, 3197599.765161190647632 ], [ 1098398.079319247044623, 3197312.282308116555214 ], [ 1098394.15141101158224, 3197284.73220249498263 ], [ 1098380.928547942545265, 3197189.439996827859432 ], [ 1098227.741574023384601, 3196801.296572505962104 ], [ 1097597.658228005515411, 3196668.68317926581949 ], [ 1097577.230656153755262, 3196664.749514381866902 ], [ 1097448.561577456071973, 3196637.440214950125664 ], [ 1096825.812070812564343, 3196506.164724453352392 ], [ 1096392.987419073702767, 3196440.048433313146234 ], [ 1096362.71441750577651, 3196435.390910853631794 ], [ 1096270.405178789515048, 3196421.283716418314725 ], [ 1095661.421440375735983, 3196331.65192608255893 ], [ 1095162.030738765839487, 3196260.970063434448093 ], [ 1094975.823843535967171, 3196234.993970032315701 ], [ 1094960.217852806905285, 3196232.838057831395417 ], [ 1094930.067747948225588, 3196227.328464108519256 ], [ 1094481.318731731036678, 3196146.361716200597584 ], [ 1094133.423949663061649, 3196088.870707229245454 ], [ 1093959.635856825392693, 3196060.125418299343437 ], [ 1093827.038869873387739, 3196031.859064606949687 ], [ 1093453.134511432610452, 3195951.85146160563454 ], [ 1093134.222092724405229, 3195707.759526029229164 ], [ 1092998.828314893413335, 3195495.20646357582882 ], [ 1092943.342005284735933, 3195408.100173406302929 ], [ 1092918.924520251573995, 3195369.774735573679209 ], [ 1092812.018847260158509, 3195016.708049376495183 ], [ 1092801.508728857850656, 3194840.417703853920102 ], [ 1092790.998610455077142, 3194664.129613484721631 ], [ 1092892.490037370473146, 3194225.335004921536893 ], [ 1093056.033508799271658, 3194135.398417097516358 ], [ 1093673.315558643778786, 3193743.443720320705324 ], [ 1094176.313791003543884, 3193721.648925327695906 ], [ 1094253.122347216354683, 3193723.20573112834245 ], [ 1096778.782034966396168, 3193769.310392490588129 ], [ 1098576.432513092178851, 3193802.361840654164553 ], [ 1099680.204226138768718, 3193822.240815820172429 ], [ 1099210.178159033413976, 3192958.592517050914466 ], [ 1099107.988313640933484, 3192779.232670714147389 ], [ 1098933.244654294103384, 3192433.895848793908954 ], [ 1098698.625580420019105, 3191959.251066175289452 ], [ 1098441.499820588156581, 3191462.592097927350551 ], [ 1098319.519039537059143, 3190915.904866537079215 ], [ 1098359.117831434123218, 3190463.102178728207946 ], [ 1098373.768144329544157, 3190380.493083979934454 ], [ 1098387.813992410432547, 3190301.263714312110096 ], [ 1098430.565129651222378, 3190060.118066596798599 ], [ 1098521.228064414579421, 3189671.511499125976115 ], [ 1098555.730650036595762, 3189281.718958566896617 ], [ 1098572.875966673949733, 3189088.383162190206349 ], [ 1098546.706980786751956, 3188085.833227473776788 ], [ 1098344.148810827871785, 3187317.599985143635422 ], [ 1097890.410121081396937, 3186493.993117487989366 ], [ 1097220.099918584572151, 3186154.917491014115512 ], [ 1096665.825368438381702, 3186011.294607432559133 ], [ 1096601.756214739521965, 3185985.681925342418253 ], [ 1096537.68694972875528, 3185960.069290764629841 ], [ 1096106.985605953494087, 3185788.442509054206312 ], [ 1096077.419371844269335, 3185771.327875377144665 ], [ 1095631.908305652672425, 3185515.328240862581879 ], [ 1094940.00969167961739, 3185105.662946136202663 ], [ 1094744.707994031952694, 3185011.720527684316039 ], [ 1094343.519562336849049, 3184652.217159128282219 ], [ 1094281.626816012896597, 3184565.573818456847221 ], [ 1094219.734069689176977, 3184478.931021047756076 ], [ 1094030.340097434353083, 3184213.501466039568186 ], [ 1093996.686656893463805, 3184116.330192777793854 ], [ 1093963.033105028327554, 3184019.159477259032428 ], [ 1093857.507571105379611, 3183714.488519929349422 ], [ 1093831.391684610629454, 3183638.620779882650822 ], [ 1093811.639042837778106, 3183569.194303340278566 ], [ 1093617.035875004716218, 3182980.870169642847031 ], [ 1093616.503767853137106, 3182979.678818379528821 ], [ 1093134.275303448084742, 3182197.096770971547812 ], [ 1092985.063771196641028, 3182035.447595175355673 ], [ 1092806.07171478564851, 3181732.361628471408039 ], [ 1092612.430124713573605, 3181458.173157335724682 ], [ 1092495.229959183838218, 3181330.722976364195347 ], [ 1092500.007235143333673, 3180755.005195553880185 ], [ 1092500.219521394697949, 3180741.605503663886338 ], [ 1092588.118949815165251, 3180525.858476540073752 ], [ 1092832.48170738434419, 3179749.530436818953604 ], [ 1092565.350217750528827, 3179225.13821389246732 ], [ 1092552.982177053578198, 3179210.543708567507565 ], [ 1092192.772787629626691, 3178520.795804942492396 ], [ 1092190.96807605214417, 3178515.532470741309226 ], [ 1092077.268017941620201, 3178175.815210122149438 ], [ 1092028.114562820177525, 3177916.96562482509762 ], [ 1092019.94026130088605, 3177413.873820337932557 ], [ 1092042.34052583691664, 3177104.08525502961129 ], [ 1092051.151908810250461, 3176982.803295112680644 ], [ 1092105.294926142552868, 3176314.455376700032502 ], [ 1092128.916031532222405, 3176134.695922709070146 ], [ 1091786.94144262233749, 3175480.897349797654897 ], [ 1091717.270692157791927, 3175398.100843181367964 ], [ 1091611.639070736942813, 3175272.767675117589533 ], [ 1091556.859305918449536, 3175165.374185161199421 ], [ 1091448.751827707979828, 3174953.754263604059815 ], [ 1091288.214984400430694, 3174705.194356170017272 ], [ 1091155.56489808158949, 3174511.224985060747713 ], [ 1090881.347032310208306, 3174051.06688132788986 ], [ 1090723.907765160547569, 3173718.633779590483755 ], [ 1090646.621425689896569, 3173555.290054150857031 ], [ 1090627.9370057429187, 3173515.829622215591371 ], [ 1090383.86924483650364, 3172837.365671849343926 ], [ 1090377.818028618814424, 3172816.560332783963531 ], [ 1090371.76681241998449, 3172795.75502494443208 ], [ 1090249.892118841409683, 3172377.263137363363057 ], [ 1090194.050588710233569, 3172126.413230147678405 ], [ 1090134.918231803691015, 3171860.264102446846664 ], [ 1090108.379665198503062, 3171583.980675623286515 ], [ 1090042.23818786162883, 3171138.362553284969181 ], [ 1089811.48746629874222, 3170522.870091591961682 ], [ 1089768.338807151885703, 3170431.083699049428105 ], [ 1089711.860418216092512, 3170257.138835846912116 ], [ 1089655.382029299158603, 3170083.19602845935151 ], [ 1089520.767933162394911, 3169669.567998107522726 ], [ 1089419.807277585146949, 3169200.963736219331622 ], [ 1089401.547318885335699, 3169116.090640729293227 ], [ 1089333.815642620436847, 3168593.235994833055884 ], [ 1089209.393068525241688, 3167632.688807162456214 ], [ 1089623.427101531997323, 3167675.001249575987458 ], [ 1089705.172231900738552, 3167683.846244665794075 ], [ 1089786.917250931961462, 3167692.69124541291967 ], [ 1090404.252511499682441, 3167759.626396004110575 ], [ 1090314.332745663123205, 3167198.814770163502544 ], [ 1090257.907456138636917, 3166373.415971847716719 ], [ 1090145.322040090337396, 3165569.338748353067786 ], [ 1090052.783705867594108, 3164742.124611228704453 ], [ 1090040.742721818154678, 3164671.649078062735498 ], [ 1090011.12494678539224, 3164498.298007295466959 ], [ 1089873.970651215640828, 3163695.569752304349095 ], [ 1089632.450882113073021, 3163013.284060433972627 ], [ 1089502.401664346922189, 3162431.635444439481944 ], [ 1089371.025629579322413, 3161786.927393593359739 ], [ 1089358.445413930341601, 3161725.277979588136077 ], [ 1089282.963674706174061, 3161032.097903155721724 ], [ 1089226.272888200590387, 3160378.853270834311843 ], [ 1089171.386924584629014, 3159270.152055636048317 ], [ 1089145.270815453259274, 3159080.101372504606843 ], [ 1089114.590050587430596, 3158197.133962807245553 ], [ 1089054.077220663893968, 3157859.824630138464272 ], [ 1089098.134803458815441, 3157637.902318442240357 ], [ 1089102.699236531043425, 3157614.809514860622585 ], [ 1089100.877381756203249, 3157525.588880300987512 ], [ 1088993.458414598368108, 3156647.298115462064743 ], [ 1089018.008703784551471, 3155842.11117203719914 ], [ 1089263.111402017762884, 3154681.34791268222034 ], [ 1089554.665163404075429, 3154014.110543597023934 ], [ 1089647.410885834600776, 3153801.863344924524426 ], [ 1089984.592057465109974, 3152855.729754101950675 ], [ 1090138.589882566593587, 3152049.731958386022598 ], [ 1090182.266641380265355, 3151218.500811918172985 ], [ 1090208.655483265640214, 3150684.270368094556034 ], [ 1090209.188369664130732, 3150680.718638630583882 ], [ 1090251.526177634485066, 3150409.843755587935448 ], [ 1090353.559841800481081, 3149757.060842097736895 ], [ 1090372.489275918807834, 3149236.250189863611013 ], [ 1090387.054206781787798, 3148835.532277958467603 ], [ 1090494.543861809186637, 3148025.186446823179722 ], [ 1090559.54887846019119, 3147706.451887582894415 ], [ 1090648.850932438392192, 3147268.595752479508519 ], [ 1090769.557773250155151, 3146283.859975588042289 ], [ 1090757.2362641019281, 3145761.137575400993228 ], [ 1090748.033370481338352, 3145370.735085329972208 ], [ 1091084.382874202216044, 3144499.673239410854876 ], [ 1091191.299011222319677, 3144348.130568127147853 ], [ 1091581.595053370110691, 3143794.939986122306436 ], [ 1091958.578174977563322, 3143214.092791430652142 ], [ 1092297.979836497223005, 3142795.693948309868574 ], [ 1092695.452534902608022, 3142436.167371747549623 ], [ 1092987.414170924341306, 3141942.723542395513505 ], [ 1092896.382657326990739, 3141297.913381032180041 ], [ 1092909.582254615612328, 3140608.929212684743106 ], [ 1093220.638522885506973, 3140111.399416676256806 ], [ 1093493.06926553719677, 3139455.396415844559669 ], [ 1093495.788800709648058, 3139380.338894606567919 ], [ 1093520.600802003405988, 3138695.572198532521725 ], [ 1093678.623717246809974, 3138153.104150478728116 ], [ 1093854.747293019201607, 3137581.31704789493233 ], [ 1094131.428102516336367, 3137024.819202813319862 ], [ 1094210.692589344689623, 3136627.722705759573728 ], [ 1094327.887188895372674, 3136040.6259047947824 ], [ 1094362.114592735189945, 3135935.129005770199001 ], [ 1094581.217622014228255, 3135259.820074336603284 ], [ 1094666.430688455468044, 3134433.964277545921504 ], [ 1094667.44436374399811, 3134408.080418640282005 ], [ 1094704.6846296004951, 3133457.127016150858253 ], [ 1094700.239753650035709, 3133432.352688111364841 ], [ 1094522.987509581493214, 3132444.451012647710741 ], [ 1094747.945832751924172, 3131667.183719760738313 ], [ 1094849.712107481434941, 3131416.85639151185751 ], [ 1095092.974137929733843, 3130818.492207476869226 ], [ 1095244.706945348531008, 3129978.792308299336582 ], [ 1095211.221485908376053, 3129225.44163489388302 ], [ 1095991.480724960099906, 3125694.768932787701488 ], [ 1096388.055742980679497, 3123770.799602411687374 ], [ 1096362.625027938280255, 3123114.06826205458492 ], [ 1096487.047602058853954, 3122570.058285248000175 ], [ 1096609.958346134750172, 3121946.262689730618149 ], [ 1096610.307332736672834, 3121944.774854217655957 ], [ 1097031.979886569082737, 3120877.280729348305613 ], [ 1097161.816706740297377, 3120172.662196251098067 ], [ 1097159.799486249452457, 3119628.52772318571806 ], [ 1097191.011356401955709, 3119041.7723846626468 ], [ 1097338.878594486741349, 3118247.490681619849056 ], [ 1097515.125400935532525, 3117406.824523927643895 ], [ 1097708.978275400353596, 3116694.519565308932215 ], [ 1097934.149107471341267, 3116172.431727873161435 ], [ 1098209.640802189009264, 3115692.756771991495043 ], [ 1098801.019363120663911, 3114669.988973983563483 ], [ 1099101.753420288441703, 3114215.360190450679511 ], [ 1099335.76001430908218, 3113861.615715462248772 ], [ 1099724.474206497194245, 3113246.525553379673511 ], [ 1100395.673517773626372, 3112090.982752489857376 ], [ 1100465.560562018072233, 3111989.603608806617558 ], [ 1100836.739040098385885, 3111451.178593698423356 ], [ 1101148.432278485037386, 3111050.709193815011531 ], [ 1101633.887115678284317, 3110598.349730183836073 ], [ 1101693.867949737003073, 3110207.289449857547879 ], [ 1101778.852031996240839, 3109653.232986516784877 ], [ 1102149.014163135550916, 3109048.295038181822747 ], [ 1102529.553942479658872, 3108358.312616144772619 ], [ 1103001.87107599969022, 3107653.962913938332349 ], [ 1103682.425899924244732, 3107160.534527993761003 ], [ 1104267.965419609099627, 3106624.280820253770798 ], [ 1104710.862370210466906, 3106195.32703829696402 ], [ 1104786.219097620574757, 3106122.34391628485173 ], [ 1102364.948705750517547, 3091332.480443173553795 ], [ 1102755.945392792578787, 3087556.23106181807816 ], [ 1103613.207885812269524, 3079323.995781885460019 ], [ 1098625.479435461340472, 3065169.673430828377604 ], [ 1098281.406808104598895, 3064193.61358098173514 ], [ 1098043.815058561740443, 3063519.214873968157917 ], [ 1060652.625357352895662, 3047474.014570184517652 ], [ 1058980.140844885492697, 3046756.792202774435282 ], [ 1058769.832945935195312, 3046158.818450640887022 ], [ 1058441.259776573861018, 3045326.010049161035568 ], [ 1058165.131000408669934, 3044642.546164802741259 ], [ 1057936.669341537170112, 3044172.861300291959196 ], [ 1057721.159260144457221, 3043624.52019211743027 ], [ 1057513.08075663051568, 3043061.982567731756717 ], [ 1057263.811147230444476, 3042378.86341836117208 ], [ 1057023.989890920231119, 3041837.935586957726628 ], [ 1056816.123562358319759, 3041327.828214501962066 ], [ 1056404.212948620785028, 3040342.256582546047866 ], [ 1056274.383475553244352, 3040046.124012458603829 ], [ 1056008.545184448361397, 3039439.783155590761453 ], [ 1055651.414446854032576, 3038614.352017680648714 ], [ 1055375.922752161743119, 3038030.692365437280387 ], [ 1055007.007844594307244, 3037128.008536281995475 ], [ 1054649.983194479253143, 3036428.828847970813513 ], [ 1053998.516932762227952, 3035362.716326352208853 ], [ 1053668.51041362201795, 3034815.066107322461903 ], [ 1053379.889920816291124, 3033726.379712439607829 ], [ 1053332.049924365710467, 3033490.844288773834705 ], [ 1053169.806108010234311, 3032692.083688609302044 ], [ 1053156.462129325140268, 3032626.390187838580459 ], [ 1053066.976509499130771, 3031973.467957701068372 ], [ 1053062.800136161968112, 3031942.996591802686453 ], [ 1052936.891335525317118, 3031137.527586516924202 ], [ 1052716.126417583785951, 3030449.52886425703764 ], [ 1052356.766173222102225, 3029862.826318174600601 ], [ 1052185.898213271051645, 3029664.01425202563405 ], [ 1051840.639365423470736, 3029262.299150053877383 ], [ 1051431.526544455206022, 3028847.84327606856823 ], [ 1051307.402640565531328, 3028722.10065744491294 ], [ 1050463.835116543807089, 3027771.239408388268203 ], [ 1049721.334335597231984, 3026934.997158715501428 ], [ 1049179.640001099789515, 3026396.305720014031976 ], [ 1048784.715294516878203, 3026017.860949194990098 ], [ 1048366.594055078458041, 3025459.679250421002507 ], [ 1047964.609577713417821, 3024873.120227430481464 ], [ 1047486.931297503528185, 3024464.543053462635726 ], [ 1047178.68829541944433, 3024034.206153896637261 ], [ 1046703.398597529856488, 3023600.687799548730254 ], [ 1046357.945719799026847, 3023231.308072361163795 ], [ 1057746.319914098130539, 3005574.320322225801647 ], [ 1061789.520073569612578, 2999310.564060754142702 ], [ 1116831.930432262830436, 2919868.476451985072345 ], [ 1116866.645638090791181, 2917718.228680679574609 ], [ 1117240.656195341842249, 2894600.314891721121967 ], [ 1117139.483253506943583, 2878629.525958189740777 ], [ 1117069.999965063063428, 2876098.500578154344112 ], [ 1116794.879632175434381, 2875270.459553657565266 ], [ 1116852.20738882268779, 2873975.718904880806804 ], [ 1116934.961073755286634, 2872838.842364046722651 ], [ 1117377.977470166282728, 2871124.495109071023762 ], [ 1117846.313484740210697, 2870591.106919245328754 ], [ 1118248.563236468471587, 2870121.202075451612473 ], [ 1118590.831263559870422, 2869719.107508239336312 ], [ 1119208.803382938494906, 2868966.467124101705849 ], [ 1119965.742301847552881, 2868103.459300832822919 ], [ 1120460.990582560189068, 2867200.930461321957409 ], [ 1120835.213648724369705, 2866152.945478055160493 ], [ 1121390.762027798220515, 2865337.037745162844658 ], [ 1121999.462792072212324, 2864587.658792064990848 ], [ 1122003.404726560460404, 2864582.754964609630406 ], [ 1122606.535508798900992, 2863832.464749617502093 ], [ 1123196.374521173071116, 2862925.391998794861138 ], [ 1123735.715561634860933, 2861978.739020090550184 ], [ 1124176.414063600823283, 2860916.916483285836875 ], [ 1124416.50081690470688, 2860028.506742403842509 ], [ 1124632.222961912164465, 2859023.374341711401939 ], [ 1124757.176307351561263, 2858334.212841925211251 ], [ 1124820.87387657770887, 2857434.722719381097704 ], [ 1125036.48982280655764, 2856717.555536333471537 ], [ 1125493.201076928526163, 2856000.656282835174352 ], [ 1125871.511238186853006, 2855539.860608234535903 ], [ 1126326.68327769334428, 2855023.865246004424989 ], [ 1126833.715505755040795, 2854481.68556322529912 ], [ 1127175.346674042055383, 2854078.25119071919471 ], [ 1127559.1772801799234, 2853645.936580409761518 ], [ 1128102.888723843265325, 2853041.933044664096087 ], [ 1128494.628468474838883, 2852557.016687526833266 ], [ 1128880.63548197504133, 2851917.736570476554334 ], [ 1129238.934072329895571, 2851194.046830382663757 ], [ 1130304.699752728687599, 2849142.68841762188822 ], [ 1130681.682985667139292, 2848229.477365331258625 ], [ 1131043.378712938167155, 2847323.102208273485303 ], [ 1131494.994094714522362, 2846122.168028550688177 ], [ 1131743.733044107677415, 2845455.10140478098765 ], [ 1132107.870564403245226, 2844900.053174992091954 ], [ 1132405.762634969316423, 2844176.697016650810838 ], [ 1132717.561960834776983, 2843059.934442855417728 ], [ 1132980.951223116833717, 2842055.922974079847336 ], [ 1133382.776402291841805, 2841241.542102708481252 ], [ 1134087.058753046439961, 2840700.671209606807679 ], [ 1134772.656461210921407, 2839809.234426372218877 ], [ 1135289.243241147138178, 2838943.674363224767148 ], [ 1135261.110356804449111, 2838299.473479876760393 ], [ 1135087.640526385046542, 2837302.785863783210516 ], [ 1135234.357277530943975, 2836677.932040327228606 ], [ 1135845.959695649333298, 2835933.702491373755038 ], [ 1136333.458024733932689, 2835105.862703145015985 ], [ 1136832.740523804211989, 2833898.647530602291226 ], [ 1137043.897790459450334, 2833231.88143276097253 ], [ 1137344.231654056813568, 2832782.870135704986751 ], [ 1138035.031210689572617, 2832459.786497206427157 ], [ 1138506.39288903796114, 2832235.991282636765391 ], [ 1139052.174429960548878, 2831835.130630747415125 ], [ 1139737.241366793401539, 2831189.710849723313004 ], [ 1140581.870544790755957, 2830677.459198438562453 ], [ 1141309.933299105614424, 2830214.274760191328824 ], [ 1141984.277719928417355, 2829947.769252592232078 ], [ 1142739.730300990398973, 2829677.64798059174791 ], [ 1143284.131702875951305, 2828993.899499663151801 ], [ 1143869.512035695835948, 2828677.90230616228655 ], [ 1144361.363068205537274, 2828137.709456264972687 ], [ 1144717.963034455431625, 2827618.553694826550782 ], [ 1145293.894791529746726, 2826745.15993510838598 ], [ 1145934.267286775400862, 2826503.00042844330892 ], [ 1146939.308073629857972, 2826468.206369925756007 ], [ 1147491.140830751275644, 2825836.556405426934361 ], [ 1147910.270513447932899, 2825317.478609118144959 ], [ 1148488.644174897111952, 2824503.988365253899246 ], [ 1148803.097468733089045, 2824043.092099966481328 ], [ 1149087.400769041851163, 2823627.270111184101552 ], [ 1149642.418710751459002, 2822848.888833981472999 ], [ 1150344.046870873542503, 2822238.632018752861768 ], [ 1151191.542414430063218, 2821649.642607206944376 ], [ 1151645.0687065878883, 2821130.706738772802055 ], [ 1152029.058722234098241, 2820471.498700365424156 ], [ 1152551.378344632219523, 2819545.993981698527932 ], [ 1152981.088833626359701, 2818971.384682302828878 ], [ 1154911.636972626438364, 2818876.1176399118267 ], [ 1155897.303158712573349, 2818901.091564849950373 ], [ 1156959.247018374502659, 2818908.093806156422943 ], [ 1157811.466738478979096, 2818834.455526947043836 ], [ 1158515.378840567776933, 2818478.464573876932263 ], [ 1158553.489847498945892, 2818459.190907551441342 ], [ 1159343.285938610555604, 2818241.979358337353915 ], [ 1160572.542102377163246, 2818306.162100181449205 ], [ 1161060.19972965773195, 2818335.452998915221542 ], [ 1161612.138685557758436, 2818368.244706772267818 ], [ 1162600.087255173362792, 2818438.262998990248889 ], [ 1163468.549936123425141, 2818414.690181140787899 ], [ 1164132.968220617622137, 2818492.410795049276203 ], [ 1164992.566307903034613, 2818852.077433493454009 ], [ 1165513.877487042685971, 2819113.488675870932639 ], [ 1166599.12396700726822, 2819560.232057556509972 ], [ 1167192.201152069028467, 2819662.933754925616086 ], [ 1167943.035644062096253, 2819504.213550908491015 ], [ 1168896.587604191387072, 2819265.66940810251981 ], [ 1169882.625152113847435, 2819104.38595920195803 ], [ 1170943.932152945781127, 2819083.145981662441045 ], [ 1171926.360277694184333, 2819038.17696997243911 ], [ 1172837.765788071788847, 2818841.45761551335454 ], [ 1173788.716656985925511, 2818494.277862540911883 ], [ 1174621.720963187748566, 2818649.720044263638556 ], [ 1175232.474124912871048, 2818922.097931268624961 ], [ 1175992.226309988647699, 2819199.965609770268202 ], [ 1176590.611542322440073, 2819443.876912969630212 ], [ 1177295.265254887985066, 2819588.24163225851953 ], [ 1178087.927822908852249, 2819132.627942682243884 ], [ 1178713.384508246555924, 2819402.796859992668033 ], [ 1178586.679550622124225, 2820001.853434525895864 ], [ 1178614.228564265882596, 2820594.047490787226707 ], [ 1179049.86659347708337, 2821228.983346711844206 ], [ 1179629.142499380744994, 2821468.841871303971857 ], [ 1180326.577476935926825, 2821868.964577432721853 ], [ 1180751.439668127102777, 2822287.890497183427215 ], [ 1181151.991018374683335, 2822841.885039495769888 ], [ 1181687.156464733881876, 2823346.404004076030105 ], [ 1182320.415867137024179, 2823262.35509857814759 ], [ 1182854.201174453133717, 2822919.160986746195704 ], [ 1183693.345307174138725, 2822555.702719574794173 ], [ 1184332.598150989273563, 2822870.345287929754704 ], [ 1184365.212646699510515, 2822886.398479613475502 ], [ 1184862.017953147413209, 2822982.040363634936512 ], [ 1185158.541350570274517, 2822926.143640988972038 ], [ 1185828.450914217159152, 2822799.861972602084279 ], [ 1186410.292400413891301, 2822835.5037801284343 ], [ 1186970.866075269412249, 2822908.071514572016895 ], [ 1187684.418000016594306, 2823107.335125528275967 ], [ 1187696.115452105877921, 2823110.601701462175697 ], [ 1188507.427263094345108, 2823059.550561623647809 ], [ 1189157.177312229759991, 2823094.259158900007606 ], [ 1189823.028723847353831, 2823122.274939318187535 ], [ 1190478.688724760897458, 2823199.318874718621373 ], [ 1191166.834313410334289, 2823248.580560403410345 ], [ 1191855.085989564424381, 2823283.367312374990433 ], [ 1192506.923835754161701, 2823227.568516678642482 ], [ 1193253.227735783904791, 2823049.757967888377607 ], [ 1193811.838514067931101, 2822709.357130750082433 ], [ 1194273.172310022870079, 2822184.486797042191029 ], [ 1194289.499205775558949, 2822165.911763393785805 ], [ 1194427.563538195798174, 2821194.784798219799995 ], [ 1194775.29891075566411, 2820369.958868264686316 ], [ 1195277.5539741886314, 2819616.251013309694827 ], [ 1195654.749493391020223, 2819020.127042048610747 ], [ 1196290.344378728885204, 2818473.272325967438519 ], [ 1196887.508770190412179, 2818115.714925344102085 ], [ 1197363.116841829149053, 2817758.166091122664511 ], [ 1197723.060956914909184, 2817365.501965425908566 ], [ 1198132.26450324524194, 2816773.315765464678407 ], [ 1198356.798365212744102, 2816293.049137931782752 ], [ 1198634.041783427353948, 2815633.931822669226676 ], [ 1199104.925789823755622, 2815902.172477203421295 ], [ 1199707.292029804317281, 2816259.444936000276357 ], [ 1199711.188100653933361, 2816262.151166610885412 ], [ 1200594.474196337396279, 2816875.718765676487237 ], [ 1201438.059865421615541, 2817155.34622914204374 ], [ 1202204.003195297205821, 2817660.661024451255798 ], [ 1201779.851445093983784, 2818232.880217247642577 ], [ 1201695.557209707098082, 2818346.539168280549347 ], [ 1201561.102300454396755, 2819054.904211557935923 ], [ 1201538.808123410213739, 2819756.299419158603996 ], [ 1201910.960981003241614, 2820180.186234082560986 ], [ 1202685.838924528332427, 2820882.832839694339782 ], [ 1202699.961026438744739, 2820895.638775044586509 ], [ 1203604.306432079290971, 2821785.157291052397341 ], [ 1204189.739864297676831, 2822272.482716999482363 ], [ 1204648.202619273681194, 2822596.2853360963054 ], [ 1205287.832056923769414, 2822876.320678727701306 ], [ 1206019.504234387539327, 2822982.196059289388359 ], [ 1206750.327044171281159, 2822939.705644704867154 ], [ 1207570.64515856327489, 2822771.613240726292133 ], [ 1208173.329883598955348, 2822526.248076498042792 ], [ 1208798.414984482573345, 2822161.359254468232393 ], [ 1209396.003837172640488, 2821845.97006227588281 ], [ 1209920.234369971323758, 2821628.632753206416965 ], [ 1210553.600193802267313, 2821369.046098977793008 ], [ 1211342.440941066946834, 2821101.994049844797701 ], [ 1212004.099058786872774, 2821095.457837447058409 ], [ 1212723.562493743374944, 2821162.453962697181851 ], [ 1213245.11779652023688, 2821121.415818085893989 ], [ 1213737.520751050207764, 2820885.134299347177148 ], [ 1214455.710357098141685, 2820548.529327870346606 ], [ 1215379.961468787165359, 2820092.887020830530673 ], [ 1216075.750921604689211, 2819777.306710672564805 ], [ 1217061.151610722532496, 2819300.680743483826518 ], [ 1218072.031216187169775, 2818802.829856247175485 ], [ 1218969.423272460931912, 2818346.772641266230494 ], [ 1219367.684780788840726, 2818008.700624015647918 ], [ 1219674.979452124098316, 2817569.592664213851094 ], [ 1220132.221477584214881, 2816867.597059371881187 ], [ 1220580.545809917151928, 2816159.79996977141127 ], [ 1221130.62706618453376, 2815365.696092706173658 ], [ 1221648.753172048134729, 2814582.366556908003986 ], [ 1222065.228886774275452, 2813944.672357603441924 ], [ 1222518.755178931867704, 2813264.773958323989064 ], [ 1223025.787518305703998, 2812669.129378878511488 ], [ 1223576.240359020419419, 2812206.488369850907475 ], [ 1224413.395657711662352, 2811621.802783495280892 ], [ 1224489.338482243940234, 2811574.128654571715742 ], [ 1225212.31126417266205, 2811120.281338759232312 ], [ 1225749.918392251012847, 2810713.440051109530032 ], [ 1226542.740147137315944, 2809977.933769229333848 ], [ 1227290.124402821762487, 2809207.007859175559133 ], [ 1228017.338012068299577, 2808359.383736650459468 ], [ 1228473.41218472388573, 2807433.791346750687808 ], [ 1229002.7385898551438, 2806299.529703899286687 ], [ 1229746.141726587433368, 2805615.77110421191901 ], [ 1230284.748615000862628, 2805214.010291542392224 ], [ 1230321.701899207662791, 2805186.455144228879362 ], [ 1230323.901015765266493, 2805184.817706400994211 ], [ 1231085.222916984697804, 2805010.394955534487963 ], [ 1231878.044894513906911, 2804884.472147788852453 ], [ 1232295.051157915964723, 2804548.216980087105185 ], [ 1232687.958866644883528, 2803889.718964254483581 ], [ 1233224.291831840993837, 2803455.554548362269998 ], [ 1233772.389931363286451, 2803323.179571840912104 ], [ 1234685.353914595209062, 2803208.748605276923627 ], [ 1235313.676742874551564, 2803049.381846955046058 ], [ 1236260.965200553415343, 2802685.187770495191216 ], [ 1237162.178966271458194, 2802334.758226197678596 ], [ 1237800.534352338640019, 2802089.71866817260161 ], [ 1238415.958479882217944, 2801865.666112409904599 ], [ 1239203.684696415672079, 2801529.476581760682166 ], [ 1239832.166934190317988, 2801130.23198272055015 ], [ 1248917.663133898517117, 2794436.114907940384001 ], [ 1271605.447100494289771, 2777743.143827209249139 ], [ 1272503.794611965073273, 2778299.849772603716701 ], [ 1273181.64236848265864, 2778674.761802875902504 ], [ 1274117.571228723041713, 2779127.787385571748018 ], [ 1274773.231118311872706, 2779400.633691755589098 ], [ 1275319.33114429586567, 2779567.672751888632774 ], [ 1276087.204754141625017, 2779757.063534876797348 ], [ 1277121.652588246390224, 2779966.827747572213411 ], [ 1278515.885127928573638, 2780239.921430267393589 ], [ 1280517.367604928091168, 2780932.339145618025213 ], [ 1281143.089564622845501, 2781260.864131821785122 ], [ 1281741.846381423063576, 2781659.480551982764155 ], [ 1282362.472468772204593, 2782044.369497620500624 ], [ 1283004.755874399328604, 2782436.020530237350613 ], [ 1283701.872255562106147, 2782786.815126343164593 ], [ 1284512.210911552188918, 2783138.432694856543094 ], [ 1285378.125712010776624, 2783457.107409595511854 ], [ 1286075.082683646120131, 2783701.85229501966387 ], [ 1286865.533667350653559, 2783894.902894408907741 ], [ 1287539.488803930580616, 2784079.572422042023391 ], [ 1288082.881762551376596, 2784156.460640532895923 ], [ 1288828.992077977629378, 2784141.983389548957348 ], [ 1289341.385452710092068, 2784163.641031885985285 ], [ 1289818.108500353526324, 2784376.143048692494631 ], [ 1291685.887697332771495, 2785580.402951079886407 ], [ 1292932.333482893649489, 2783304.813345319591463 ], [ 1305534.835410825675353, 2757152.125080401543528 ], [ 1305535.843854090431705, 2757150.032828931231052 ], [ 1306071.964755646651611, 2756038.380383632145822 ], [ 1307334.662073670886457, 2753420.427626387681812 ], [ 1308628.571150535484776, 2750722.740828322246671 ], [ 1308645.663256449624896, 2750687.186930248979479 ], [ 1318749.789124581497163, 2729637.566510884091258 ], [ 1322181.599152185954154, 2722483.135373094584793 ], [ 1334427.607423977460712, 2696494.268292410299182 ], [ 1333726.203572636470199, 2696038.929453377146274 ], [ 1333363.805642021354288, 2696089.81125166034326 ], [ 1333344.484140645712614, 2696092.590172412805259 ], [ 1333459.261660109041259, 2695846.886296684853733 ], [ 1333481.221433414844796, 2695799.877332244534045 ], [ 1333557.446341540431604, 2695636.849863868672401 ], [ 1331409.034827099647373, 2694251.414608911145478 ], [ 1331253.188207906205207, 2694150.921424206346273 ], [ 1331176.963633748469874, 2694109.242363176774234 ], [ 1329907.259755640523508, 2693413.913334476295859 ], [ 1328502.941447484772652, 2692576.455798905808479 ], [ 1327563.721537800971419, 2692016.168592836242169 ], [ 1326525.292696081101894, 2691300.210423231590539 ], [ 1324817.827480785548687, 2690240.049120537936687 ], [ 1323821.916673290543258, 2689600.212790129706264 ], [ 1320240.204821244813502, 2687418.15585105214268 ], [ 1319335.700228745350614, 2686849.022967302240431 ], [ 1315207.516766261775047, 2684254.388587239198387 ], [ 1311045.04278177744709, 2681728.659744872711599 ], [ 1309777.355790224159136, 2680935.539455140009522 ], [ 1306559.038400866091251, 2678922.143372347112745 ], [ 1303135.190499835181981, 2676820.180204077158123 ], [ 1302590.523600974818692, 2676574.540929050650448 ], [ 1302423.58299264870584, 2676499.369686471298337 ], [ 1301099.205214577261358, 2675627.639801680576056 ], [ 1299011.731213899794966, 2674253.645199506077915 ], [ 1293919.963678759755567, 2671105.301587680354714 ], [ 1286812.275417320663109, 2666731.940339888911694 ], [ 1280754.322495678905398, 2663023.014315352309495 ], [ 1272606.347470200387761, 2658017.187411260325462 ], [ 1268830.570680075092241, 2655632.893729415722191 ], [ 1267819.797162083210424, 2654964.864742959383875 ], [ 1262551.481033357093111, 2651633.215642554219812 ], [ 1258826.980672368546948, 2649307.587574083358049 ], [ 1255736.482994015328586, 2647377.784180021379143 ], [ 1254858.837345600361004, 2646829.685915456153452 ], [ 1246684.74643362662755, 2641706.993859556503594 ], [ 1237881.217828700086102, 2636197.606683416292071 ], [ 1237874.635729857487604, 2636193.338466775603592 ], [ 1234183.895230824593455, 2633849.501009398605675 ], [ 1233513.054145684232935, 2633423.657514460384846 ], [ 1232491.876596737420186, 2632774.994321049656719 ], [ 1231131.403696418507025, 2631911.380209784023464 ], [ 1226770.777344780275598, 2629171.830117804463953 ], [ 1224128.816396374255419, 2627511.210343025624752 ], [ 1221405.110206293873489, 2625799.110391073394567 ], [ 1214886.305724706267938, 2621649.53909403597936 ], [ 1211206.07512143929489, 2619305.135204881429672 ], [ 1204946.09480115165934, 2615318.274975853040814 ], [ 1199109.278270593378693, 2611639.469444254878908 ], [ 1198361.257267422508448, 2611167.899031709879637 ], [ 1194938.152201351011172, 2608948.912390182726085 ], [ 1193079.246169654419646, 2607788.054506819229573 ], [ 1191584.902230813167989, 2606800.122971748467535 ], [ 1188800.89594236551784, 2604967.787170667201281 ], [ 1185068.327144668437541, 2602681.481877694372088 ], [ 1183749.469922782387584, 2601873.786621802486479 ], [ 1179736.844440684886649, 2599338.829184286762029 ], [ 1177504.246336824260652, 2597783.422016692347825 ], [ 1173086.876099275192246, 2595094.780288164038211 ], [ 1172939.469389932462946, 2595005.139610922895372 ], [ 1168619.566379703581333, 2592254.336454163771123 ], [ 1166910.764217319665477, 2591167.959853413980454 ], [ 1166859.434577478794381, 2591136.897870510816574 ], [ 1165271.45525082340464, 2590175.385624539572746 ], [ 1163476.352987163001671, 2589088.545829238370061 ], [ 1161986.680236783344299, 2588008.218504034914076 ], [ 1160203.468007950810716, 2586715.185130454599857 ], [ 1156199.866417746059597, 2584250.626861368305981 ], [ 1152675.270036083878949, 2581992.249057527631521 ], [ 1147448.782094697467983, 2578677.681199538521469 ], [ 1143757.085806537885219, 2576290.406153738964349 ], [ 1140405.746746381744742, 2574123.441418474074453 ], [ 1139928.493261348921806, 2573860.721504477784038 ], [ 1136703.32827616087161, 2571831.505413068458438 ], [ 1128739.54537447495386, 2566674.882226148154587 ], [ 1121116.544273338746279, 2561873.791035450063646 ], [ 1118970.574663253733888, 2560495.741882511414587 ], [ 1114944.997492390684783, 2558172.608393943402916 ], [ 1113758.843344910535961, 2557321.378674874082208 ], [ 1113194.907932735746726, 2556932.862784425728023 ], [ 1111907.793352340115234, 2556046.336910971906036 ], [ 1101633.701212133048102, 2549580.547252508811653 ], [ 1097165.532217386877164, 2546825.434917541686445 ], [ 1090961.075053493725136, 2542864.188457113690674 ], [ 1087047.286807704018429, 2540352.180398305878043 ], [ 1085018.626790183829144, 2539115.584159627556801 ], [ 1083357.82013759878464, 2538053.848768030758947 ], [ 1077860.40537988464348, 2534550.757415800355375 ], [ 1076791.560824994230643, 2533914.660501092672348 ], [ 1075760.616437902441248, 2533350.814810310490429 ], [ 1071776.123951504006982, 2530729.260579228866845 ], [ 1065916.058122646529227, 2527085.117988824378699 ], [ 1059319.648705202154815, 2522869.096909608691931 ], [ 1053277.195464180316776, 2518933.852113108150661 ], [ 1049190.468493251828477, 2516347.283447733148932 ], [ 1046280.341006604256108, 2514394.84648817172274 ], [ 1044476.42702600301709, 2513224.270499156787992 ], [ 1042485.348579914192669, 2511765.457427174784243 ], [ 1040020.254598837462254, 2510206.017033162061125 ], [ 1039100.24999175069388, 2509601.972688038367778 ], [ 1037594.758964384323917, 2508791.194570820778608 ], [ 1030458.83150848664809, 2504177.751913103275001 ], [ 1022665.545650213956833, 2499174.931088767480105 ], [ 1015904.372031799401157, 2494807.270614435896277 ], [ 1009879.541779360501096, 2490827.032230959739536 ], [ 1005217.732307738275267, 2487879.734707485418767 ], [ 1002463.769925339031033, 2486030.699187653604895 ], [ 998611.34365453524515, 2483579.878988991491497 ], [ 992998.742723525618203, 2479954.019326752983034 ], [ 987019.986940398579463, 2476005.55540581420064 ], [ 978518.172226775321178, 2470564.528812549076974 ], [ 972912.577744499430992, 2466899.604925477877259 ], [ 968115.623628089553677, 2463803.618522557895631 ], [ 965588.424169113510288, 2462093.709238068200648 ], [ 963209.852483033784665, 2460598.59039545012638 ], [ 957538.43745751096867, 2456968.417015125509351 ], [ 952745.198851747671142, 2453797.516178502701223 ], [ 946382.66533923195675, 2449664.93699660571292 ], [ 940460.494255156605504, 2445743.670837113633752 ], [ 936004.534114267560653, 2442965.072381229139864 ], [ 934066.961604063515551, 2441608.667429477442056 ], [ 932422.397578356671147, 2440466.057402498554438 ], [ 927747.74261675355956, 2437399.396653918549418 ], [ 918659.804624020471238, 2431513.861991436686367 ], [ 910781.482585961231962, 2426448.586253000423312 ], [ 903854.376913809799589, 2421951.116404173430055 ], [ 898241.775648832670413, 2418272.471771850250661 ], [ 897112.206200404092669, 2417522.668283595237881 ], [ 896274.690115242847241, 2417023.652116640005261 ], [ 894015.975790919852443, 2415522.816854163538665 ], [ 890883.650036538951099, 2413486.075852247420698 ], [ 884440.008697770535946, 2409342.952613820787519 ], [ 878108.156284088152461, 2405269.763645975384861 ], [ 871779.541820437763818, 2401230.506043930537999 ], [ 866614.097368994844146, 2397721.111388258635998 ], [ 865669.463213253766298, 2397079.329344574827701 ], [ 863524.767432102467865, 2395684.824663701932877 ], [ 862181.121363353449851, 2394935.295076650567353 ], [ 857929.736278952797875, 2392180.846197137609124 ], [ 854659.61168913252186, 2389997.378675078041852 ], [ 850483.01805178518407, 2387313.724212128669024 ], [ 846380.685090127517469, 2384665.256779075134546 ], [ 841480.275537015986629, 2381478.476906904485077 ], [ 838830.989432152826339, 2379687.001107321120799 ], [ 836182.021589726908132, 2377932.292381437961012 ], [ 834150.229932315531187, 2376570.642807575874031 ], [ 832617.56114181689918, 2375586.965040134266019 ], [ 828849.215929563972168, 2373104.720237371046096 ], [ 825216.068350204615854, 2370062.877156702801585 ], [ 821025.992030072608031, 2366652.037095730658621 ], [ 816605.065580073161982, 2363011.826602110173553 ], [ 809627.426313757081516, 2357250.081089158076793 ], [ 805764.437047813902609, 2353974.432747513055801 ], [ 803536.350611588102765, 2352085.167894586455077 ], [ 800607.432394877774641, 2349502.244004343170673 ], [ 800281.141831676242873, 2349039.612241857685149 ], [ 799722.779963773791678, 2348438.821100661065429 ], [ 798236.769958596909419, 2347333.26306286919862 ], [ 797122.700190787785687, 2346551.268597593531013 ], [ 796053.590250247274525, 2345489.153137750457972 ], [ 795636.265390433720313, 2345027.531086937058717 ], [ 793683.13998889317736, 2343226.977372350171208 ], [ 787041.930042395484634, 2337228.689402897376567 ], [ 778594.895427551935427, 2329428.432768113911152 ], [ 775254.756555332336575, 2326243.00551428925246 ], [ 772749.851273419917561, 2323749.62273528939113 ], [ 767419.430223443428986, 2318856.973435298074037 ], [ 764314.175922072608955, 2315810.17805504007265 ], [ 761209.824087793240324, 2312716.11057096766308 ], [ 760237.746783270034939, 2311977.714850858785212 ], [ 757552.524631731561385, 2309531.778782311361283 ], [ 751582.10267096303869, 2304038.835361723322421 ], [ 744783.719065596000291, 2297945.228342003654689 ], [ 739837.022422934765927, 2293189.276774902828038 ], [ 736002.378327617305331, 2289818.569769014138728 ], [ 731198.948199818609282, 2285386.445873840712011 ], [ 728197.998591523617506, 2282616.001707778777927 ], [ 723859.772504427819513, 2278598.302809529937804 ], [ 718278.117835245910101, 2273380.251479903236032 ], [ 717907.185818518977612, 2273030.927106165327132 ], [ 709058.750485709984787, 2264697.657398987561464 ], [ 700124.005032868590206, 2256245.063908057752997 ], [ 693543.254816876724362, 2249917.481148012448102 ], [ 689955.757134307641536, 2246361.209303529001772 ], [ 681314.020277294097468, 2238323.707611423917115 ], [ 676505.441177776432596, 2233887.063092786818743 ], [ 671348.489624226232991, 2229129.998140678275377 ], [ 670466.756546768243425, 2228283.996681128628552 ], [ 661668.005440431530587, 2219844.303003398235887 ], [ 654596.624810146633536, 2213143.258654726669192 ], [ 654446.935494637815282, 2213002.937192372512072 ], [ 648653.115115510416217, 2207567.904710611328483 ], [ 648009.345483392709866, 2206964.007377732079476 ], [ 647554.598239038023166, 2206537.552975235506892 ], [ 645762.57440459576901, 2206176.177364483475685 ], [ 631831.289118417422287, 2203365.786068495828658 ], [ 617854.247625339427032, 2200602.399526833090931 ], [ 613455.668340483913198, 2199710.844348914455622 ], [ 609699.212940403493121, 2198959.322940664365888 ], [ 600125.369043911923654, 2197074.909594596829265 ], [ 588721.707455269992352, 2194809.041339949239045 ], [ 576908.683356056339107, 2192533.990163875278085 ], [ 567616.966241180081852, 2190588.787878703325987 ], [ 565701.953293714905158, 2190209.714431780390441 ], [ 556597.453855055849999, 2188406.68691759603098 ], [ 552697.944671669160016, 2187634.462098205927759 ], [ 537096.191648253588937, 2184662.820897470228374 ], [ 525982.247828638995998, 2182407.179481502622366 ], [ 520175.050742913328577, 2181205.927349309902638 ], [ 519533.139033090090379, 2181108.786981454584748 ], [ 507877.341469469945878, 2178653.682136081159115 ], [ 501696.133715162461158, 2177343.400625216774642 ], [ 495126.265090721310116, 2175950.705493227113038 ], [ 482698.24110253714025, 2173380.495292853564024 ], [ 476633.652982622676063, 2172012.582496537826955 ], [ 472316.022671128506772, 2171038.739341151900589 ], [ 471563.17084731371142, 2170922.659122732467949 ], [ 469726.612203410360962, 2170493.51645760377869 ], [ 465825.881845209107269, 2169804.255928704049438 ], [ 460201.231358557532076, 2168546.030891462694854 ], [ 456589.475489145028405, 2167825.829752757679671 ], [ 451668.682669345056638, 2166767.036380496807396 ], [ 447514.701694122457411, 2165941.298084291163832 ], [ 443073.391866122547071, 2165015.389529939275235 ], [ 440006.542009838914964, 2164362.71905284980312 ], [ 436301.389644244103692, 2163573.701991372276098 ], [ 431254.263339986733627, 2162539.401278431061655 ], [ 424611.062778328370769, 2161160.343852026388049 ], [ 420107.621312379022129, 2160260.493229171726853 ], [ 414039.821847800398245, 2159077.902220493648201 ], [ 411164.993215087568387, 2158586.019077398814261 ], [ 408676.118719100370072, 2157969.049199183937162 ], [ 405068.131682363571599, 2157239.80558235803619 ], [ 399131.257185987604316, 2155990.923545580822974 ], [ 394087.687094180728309, 2154979.255180970299989 ], [ 388822.396963177656289, 2153866.816958420909941 ], [ 386268.736527296365239, 2153375.963181016501039 ], [ 383142.541693881095853, 2152681.468362641986459 ], [ 379982.852606790314894, 2152083.544755466282368 ], [ 376823.826983859471511, 2151452.410177691373974 ], [ 374875.744466584001202, 2151049.177319585811347 ], [ 373442.045939157425892, 2150752.146404101047665 ], [ 372135.715833527967334, 2150376.542312751058489 ], [ 371442.421495764458086, 2150277.705888541880995 ], [ 371278.22780720051378, 2150254.298449753317982 ], [ 370565.226802614866756, 2150510.798014602158219 ], [ 369785.648838862369303, 2151206.562956180423498 ], [ 369202.099934293830302, 2151646.620555648580194 ], [ 368299.320125987404026, 2152017.533951345365494 ], [ 366779.364577946136706, 2152956.97301111323759 ], [ 365771.908603415882681, 2153874.002567632123828 ], [ 364957.509235012286808, 2154696.985340953804553 ], [ 364628.882966239703819, 2155206.510895001702011 ], [ 364325.20506514410954, 2156134.200747959781438 ], [ 364056.029972313321196, 2156902.255773740354925 ], [ 363439.544079450715799, 2157375.455700686667114 ], [ 362470.625242835783865, 2157873.3722526836209 ], [ 361334.500189607904758, 2158787.262924482114613 ], [ 360392.626089316792786, 2159544.865367936901748 ], [ 359027.402407075511292, 2160744.556494799442589 ], [ 357599.277312609134242, 2161846.827618995215744 ], [ 356725.984256288153119, 2162346.205926094204187 ], [ 355307.546629180200398, 2162869.18533843010664 ], [ 354462.174393606139347, 2163594.595321359112859 ], [ 352778.956010559457354, 2165016.661828547250479 ], [ 352771.653229311050382, 2165022.825310231652111 ], [ 352156.191364447935484, 2165421.831258702091873 ], [ 351412.257345065765548, 2165826.933243590872735 ], [ 348132.233112941670697, 2168345.585327486041933 ], [ 347447.511043882754166, 2169010.074667961802334 ], [ 347234.469472195080016, 2169750.545349610503763 ], [ 347324.234058670001104, 2170025.542857870925218 ], [ 347405.695101690420415, 2170275.105650256387889 ], [ 347381.007221600739285, 2170354.720585825387388 ], [ 347242.564402921649162, 2170801.185714880470186 ], [ 346420.746926313557196, 2172274.087775815278292 ], [ 345896.264143565262202, 2173671.801572114694864 ], [ 346145.109180430939887, 2174757.608311168849468 ], [ 345814.333332294423599, 2175157.846643967553973 ], [ 345988.545997685403563, 2175918.446449880488217 ], [ 346685.847948425682262, 2176993.812497783452272 ], [ 347291.598189590557013, 2177690.18488146411255 ], [ 347885.882968487043399, 2178118.812180015258491 ], [ 348661.983979250944685, 2178376.689914373215288 ], [ 349676.34053770423634, 2178855.133338080719113 ], [ 350256.651714883628301, 2179515.260500539559871 ], [ 351015.740324468584731, 2180693.022750812582672 ], [ 352119.246763177099638, 2182264.683495078235865 ], [ 352894.366047362622339, 2183069.114538026042283 ], [ 353460.849228704173584, 2184177.037431627511978 ], [ 353689.284504863258917, 2184667.543814337812364 ], [ 354162.504105480911676, 2185298.40600087121129 ], [ 355144.772932039573789, 2186263.069009467493743 ], [ 355563.628546150226612, 2186724.387991338502616 ], [ 355572.80160616512876, 2186751.552214877679944 ], [ 355998.399396555381827, 2188011.910565031692386 ], [ 355679.911884374392685, 2189224.158525390550494 ], [ 355192.891115891805384, 2189864.617758197709918 ], [ 355640.180399636505172, 2191151.000010202638805 ], [ 355995.400338155333884, 2192172.202849143650383 ], [ 356555.991712806164287, 2193239.360097590833902 ], [ 357335.224586141936015, 2194459.137258561328053 ], [ 358166.901964004791807, 2195348.648849312216043 ], [ 358952.823246298939921, 2196166.414835114963353 ], [ 359487.378327909624204, 2196554.607118403539062 ], [ 360651.662759523489513, 2197261.249596433248371 ], [ 361514.047618951066397, 2197749.838270649779588 ], [ 362212.809524806973059, 2198187.575745321810246 ], [ 362582.73287564527709, 2198572.207605163101107 ], [ 362953.080910310847685, 2198933.214846055954695 ], [ 363341.702039420604706, 2199614.173430485650897 ], [ 363842.404529901512433, 2200628.959984387271106 ], [ 364153.500539220578503, 2201668.223670702893287 ], [ 364237.143221627280582, 2202339.036542939953506 ], [ 364246.060914709989447, 2203214.505385626573116 ], [ 364137.961006227124017, 2204040.935760592576116 ], [ 363938.587686901562847, 2204700.799995730165392 ], [ 363693.458383293880615, 2205288.640922316815704 ], [ 363253.759753006452229, 2206228.188061420805752 ], [ 362845.883357632614207, 2206821.254298604093492 ], [ 362385.005192343902308, 2207491.347010884433985 ], [ 361685.367536032514181, 2208497.205153644550592 ], [ 361012.21735068882117, 2209313.955083064734936 ], [ 360673.479042029939592, 2209852.619234579615295 ], [ 360234.656273484695703, 2210743.970675056334585 ], [ 360081.808823997154832, 2211405.19183538062498 ], [ 360118.434940225561149, 2212020.490377201233059 ], [ 360271.945853872981388, 2212686.710785529576242 ], [ 360681.38840315991547, 2213546.210181549191475 ], [ 361464.997913586092182, 2214836.703780618496239 ], [ 361474.528531795484014, 2214858.057032209355384 ], [ 361551.124913062783889, 2215029.477593877352774 ], [ 361755.620376115315594, 2215483.153204293455929 ], [ 361678.46684080385603, 2216045.344036930706352 ], [ 360979.492648671381176, 2216794.907765856012702 ], [ 359926.307183902419638, 2217771.967792951967567 ], [ 359159.415523296920583, 2218564.556516317650676 ], [ 358772.692057556298096, 2219125.561686084140092 ], [ 358311.49529587518191, 2219923.163548863958567 ], [ 358016.177822506113444, 2220651.84918457409367 ], [ 357622.102483628259506, 2221664.259682602249086 ], [ 357491.177404119982384, 2222419.152049919590354 ], [ 357408.689104856399354, 2223105.566956548485905 ], [ 357468.591347369540017, 2223746.032652652356774 ], [ 357640.680927414621692, 2224697.306284164544195 ], [ 358350.8020967541961, 2227268.754617069382221 ], [ 358643.651394385902677, 2228283.996681128628552 ], [ 359009.806135172431823, 2229335.812415295746177 ], [ 359459.988278513366822, 2229941.996585641056299 ], [ 359888.510877210181206, 2230701.177358768414706 ], [ 359898.633158495242242, 2231973.642260428983718 ], [ 359889.336199906480033, 2231993.788602481596172 ], [ 359873.149789346382022, 2232142.186365270521492 ], [ 359353.003012092725839, 2233258.656252671498805 ], [ 358285.114023711241316, 2234081.429284579586238 ], [ 357590.160691586672328, 2235154.312022547703236 ], [ 357619.315488868160173, 2236511.850740679074079 ], [ 357903.512701697531156, 2238689.076968575827777 ], [ 358288.909350430360064, 2239781.844148304313421 ], [ 359479.017900183040183, 2242681.761094296351075 ], [ 359568.857961278234143, 2243687.001196546014398 ], [ 359471.905030002468266, 2244554.898353325203061 ], [ 359406.217068271478638, 2245204.43745785811916 ], [ 359514.02509704825934, 2245802.895131174940616 ], [ 359187.309849981509615, 2246487.224431448616087 ], [ 358956.379792717052624, 2247263.527216794434935 ], [ 359117.645444718014915, 2248252.953020018525422 ], [ 359332.195061545353383, 2249159.234863517340273 ], [ 359742.407273814955261, 2250527.710912120528519 ], [ 359894.352256160636898, 2251331.375839024782181 ], [ 359884.213833536603488, 2251934.880711585748941 ], [ 359550.598002553277183, 2252338.995905004907399 ], [ 358683.090888086764608, 2252482.317361750174314 ], [ 357231.371182274189778, 2252572.712064717896283 ], [ 355674.338228777574841, 2252818.957692906726152 ], [ 354032.826694830670021, 2253228.396172348409891 ], [ 352578.320105563732795, 2253860.402449260000139 ], [ 349219.151611655484885, 2255908.926510266959667 ], [ 346106.094481900974642, 2257852.691495241597295 ], [ 342987.038901372347027, 2260096.737474315799773 ], [ 341622.319496432144661, 2260989.440897896885872 ], [ 340323.049272896547336, 2261253.523003733251244 ], [ 339527.891923770250287, 2261512.753744503483176 ], [ 338319.417216514179017, 2262038.452522980514914 ], [ 337272.123781097820029, 2262676.627344867680222 ], [ 336360.08141190954484, 2263371.508316881489009 ], [ 335403.503788005909882, 2264286.839226617943496 ], [ 334812.629615674552042, 2264918.315028960350901 ], [ 334230.301440647395793, 2265541.003633128944784 ], [ 333269.849007900862489, 2266001.539849219843745 ], [ 331748.221329779305961, 2266612.293132355902344 ], [ 331110.237528185069095, 2266812.870226759463549 ], [ 329955.534253794816323, 2267176.082928832154721 ], [ 328882.071609829145018, 2267314.548396850470454 ], [ 326932.317073804442771, 2267635.981886102352291 ], [ 324593.927939014858566, 2267955.162059202324599 ], [ 322318.572797972941771, 2268265.763741229660809 ], [ 321458.284641178848688, 2268416.66164476564154 ], [ 319253.501047911471687, 2268803.399121236056089 ], [ 318546.856608898611739, 2268934.195841745939106 ], [ 317199.375249744567554, 2269170.152171169873327 ], [ 315634.287217895209324, 2269251.139193078503013 ], [ 314284.536722230201121, 2269304.453021976165473 ], [ 312954.824402843194548, 2269523.018878855276853 ], [ 312013.056501349550672, 2269817.267926200758666 ], [ 310740.950793927710038, 2270253.736336276866496 ], [ 308654.100405048928224, 2271146.585652551148087 ], [ 308021.703283389098942, 2271431.935879833996296 ], [ 307047.648722086392809, 2272110.196788036264479 ], [ 306174.899795440258458, 2272686.071602991316468 ], [ 305366.512013517320156, 2272835.479801401495934 ], [ 304320.319973131932784, 2272813.901753569953144 ], [ 303261.998783675255254, 2272910.947073265910149 ], [ 302671.230921459617093, 2273063.464145081117749 ], [ 301936.934053020260762, 2273319.91900311363861 ], [ 301703.373516183462925, 2273401.49137011077255 ], [ 300939.334862794028595, 2273582.257153035607189 ], [ 299796.534981568693183, 2273558.079547049477696 ], [ 295471.97748078359291, 2273508.368813918437809 ], [ 288288.197226709045935, 2273556.949963505379856 ], [ 287017.272396416752599, 2273609.146153612993658 ], [ 286334.328878884785809, 2273993.957596658263355 ], [ 285688.887227992468979, 2274498.766463136300445 ], [ 285046.471018231590278, 2274844.729003686457872 ], [ 284048.145023041637614, 2275142.112559180241078 ], [ 283052.287314957997296, 2275319.731498878449202 ], [ 282020.70606905547902, 2275298.489422593265772 ], [ 281197.919667576381471, 2275531.023416706826538 ], [ 281150.226278920250479, 2275544.582466144114733 ], [ 279824.36227431386942, 2275928.755922767799348 ], [ 278658.511800086242147, 2276621.870311913546175 ], [ 277851.437699470901862, 2277242.689322793390602 ], [ 277115.173926937452052, 2278264.249623862095177 ], [ 275935.416197410027962, 2279595.074240340851247 ], [ 275491.922240384446923, 2279905.417819424998015 ], [ 274729.489370651717763, 2280286.74273043917492 ], [ 274170.543632025073748, 2280435.251512028742582 ], [ 273496.968762835138477, 2280379.419359866064042 ], [ 272125.335526940762065, 2280113.145148009527475 ], [ 271481.738328694133088, 2279936.384438777342439 ], [ 270254.618942565401085, 2279673.50726368278265 ], [ 269264.029540679359343, 2279687.295085073448718 ], [ 268461.095634575933218, 2280107.946168112102896 ], [ 267865.108001434651669, 2280649.238529543858021 ], [ 267079.390211169142276, 2281553.964367946609855 ] ], [ [ -404932.495895949716214, 3653398.884882804006338 ], [ -405029.594655747583602, 3654399.779103925451636 ], [ -405365.360288737865631, 3653948.854942140169442 ], [ -405424.015085042337887, 3653079.682804656215012 ], [ -405004.639942857204005, 3652347.459698089864105 ], [ -404932.495895949716214, 3653398.884882804006338 ] ] ], [ [ [ -406362.332638908992521, 3644070.500662389211357 ], [ -405977.838568617298733, 3643545.638858751859516 ], [ -406883.232492526818532, 3643482.047191098798066 ], [ -406362.332638908992521, 3644070.500662389211357 ] ] ], [ [ [ -412510.78708206344163, 3651730.066695431713015 ], [ -412648.661169467261061, 3652803.597684471867979 ], [ -412291.988400274480227, 3652440.559145943261683 ], [ -412510.78708206344163, 3651730.066695431713015 ] ] ], [ [ [ -164730.735428863903508, 4208142.429996680468321 ], [ -164389.918340016156435, 4207481.309054346755147 ], [ -164932.697705587925157, 4207390.516920573078096 ], [ -164730.735428863903508, 4208142.429996680468321 ] ] ], [ [ [ -125710.299597850564169, 4263005.585882460698485 ], [ -125913.823130437536747, 4262151.837284810841084 ], [ -126489.260517667236854, 4262271.909431801177561 ], [ -126229.079149130920996, 4262894.126693680882454 ], [ -125710.299597850564169, 4263005.585882460698485 ] ] ] ] } }
]
}
